userId,Openness,Conscientiousness,Extraversion,Agreeableness,Neuroticism
33,4.35,3.86,4.1,4.13,3.88
37,2.33,1.89,2.13,2.17,1.8
44,3.79,3.3,3.52,3.59,3.28
83,4.3,3.86,4.08,4.13,3.77
85,2.54,2.04,2.32,2.35,2.07
94,3.28,2.79,3.1,3.1,2.83
100,3.06,2.6,2.83,2.88,2.56
127,1.99,1.54,1.77,1.82,1.51
144,3.9,3.44,3.67,3.69,3.41
187,1.96,1.5,1.73,1.79,1.47
198,3.47,3.06,3.25,3.3,2.91
208,3.41,2.93,3.25,3.26,2.94
213,3.93,3.38,3.72,3.71,3.51
232,3.79,3.33,3.56,3.6,3.31
283,3.27,2.8,3.07,3.1,2.79
303,3.92,3.51,3.73,3.78,3.36
323,2.73,2.33,2.52,2.56,2.2
333,2.76,2.24,2.54,2.56,2.32
346,3.63,3.16,3.48,3.48,3.15
401,3.44,2.99,3.23,3.26,2.93
410,3.64,3.14,3.36,3.43,3.17
450,3.58,3.14,3.38,3.42,3.07
457,4.02,3.61,3.8,3.86,3.47
481,2.27,1.85,2.05,2.11,1.75
495,3.9,3.42,3.63,3.71,3.39
516,2.9,2.43,2.69,2.72,2.41
521,4.31,3.91,4.15,4.18,3.78
527,2.87,2.4,2.67,2.69,2.39
564,3.06,2.6,2.85,2.88,2.57
565,3.51,3.02,3.3,3.33,3.04
569,2.79,2.36,2.53,2.61,2.25
580,4.1,3.59,3.86,3.87,3.64
604,3.17,2.74,2.91,2.99,2.62
614,3.84,3.41,3.6,3.64,3.31
632,3.14,2.65,2.91,2.95,2.66
637,2.56,2.11,2.37,2.39,2.06
666,3.99,3.51,3.78,3.8,3.53
680,3.03,2.58,2.83,2.87,2.51
683,3.84,3.35,3.64,3.65,3.38
698,3.2,2.72,2.96,3.0,2.7
707,2.58,2.12,2.31,2.38,2.06
722,2.77,2.31,2.54,2.58,2.28
736,4.15,3.73,3.93,3.99,3.6
848,3.48,3.02,3.27,3.31,3.01
861,2.75,2.27,2.49,2.54,2.25
872,4.82,4.32,4.61,4.6,4.38
875,4.18,3.71,3.9,3.98,3.67
912,3.39,2.89,3.17,3.18,2.93
935,3.27,2.84,3.02,3.09,2.73
956,3.96,3.51,3.66,3.76,3.4
1029,2.83,2.3,2.52,2.59,2.36
1052,4.14,3.74,3.92,3.97,3.58
1119,2.72,2.29,2.49,2.55,2.19
1128,3.32,2.84,3.07,3.12,2.84
1197,2.8,2.34,2.54,2.6,2.31
1209,3.38,2.88,3.17,3.18,2.92
1224,4.74,4.25,4.42,4.55,4.19
1226,3.92,3.44,3.71,3.74,3.45
1258,3.79,3.26,3.55,3.55,3.37
1264,1.79,1.3,1.57,1.6,1.32
1276,4.22,3.74,4.01,4.04,3.74
1283,3.98,3.5,3.76,3.8,3.5
1289,2.39,1.86,2.16,2.16,1.96
1300,4.4,3.91,4.2,4.22,3.94
1318,3.71,3.31,3.49,3.57,3.15
1323,2.25,1.75,2.01,2.04,1.8
1335,2.69,2.18,2.43,2.47,2.24
1338,2.79,2.35,2.56,2.61,2.27
1386,3.91,3.44,3.7,3.73,3.42
1416,3.12,2.65,2.87,2.89,2.62
1423,4.11,3.66,3.94,3.97,3.61
1446,4.09,3.6,3.8,3.88,3.58
1448,1.65,1.19,1.47,1.49,1.17
1459,2.56,2.13,2.34,2.38,2.06
1549,3.73,3.2,3.55,3.52,3.31
1553,4.33,3.81,4.1,4.11,3.87
1577,3.09,2.64,2.87,2.92,2.56
1599,2.92,2.45,2.65,2.72,2.43
1611,3.27,2.79,3.04,3.05,2.83
1636,3.89,3.44,3.68,3.71,3.38
1674,3.13,2.66,2.92,2.94,2.65
1701,2.98,2.52,2.77,2.79,2.5
1703,4.69,4.18,4.5,4.49,4.24
1731,3.21,2.73,2.96,3.01,2.7
1865,3.73,3.24,3.51,3.53,3.26
1900,4.53,4.07,4.3,4.32,4.08
1907,4.35,3.88,4.16,4.17,3.89
1942,3.35,2.82,3.12,3.13,2.92
1961,4.11,3.62,3.87,3.91,3.63
1983,1.9,1.46,1.71,1.75,1.39
2033,3.08,2.59,2.84,2.88,2.59
2077,3.59,3.1,3.33,3.37,3.1
2087,3.12,2.66,2.94,2.96,2.63
2134,4.46,3.98,4.21,4.27,3.97
2173,4.08,3.6,3.8,3.87,3.57
2212,4.84,4.35,4.65,4.65,4.38
2258,2.53,2.02,2.3,2.33,2.07
2319,4.81,4.28,4.47,4.56,4.33
2326,4.53,4.1,4.27,4.35,3.98
2386,3.68,3.2,3.43,3.48,3.23
2406,3.25,2.76,3.04,3.07,2.78
2438,3.88,3.39,3.69,3.71,3.43
2526,4.16,3.72,3.97,4.01,3.66
2585,4.54,4.1,4.35,4.38,4.03
2600,3.2,2.73,2.98,2.99,2.75
2614,4.89,4.43,4.68,4.72,4.4
2637,4.47,3.98,4.27,4.29,4.0
2697,3.94,3.48,3.72,3.75,3.46
2721,3.04,2.54,2.73,2.82,2.52
2722,3.64,3.12,3.41,3.42,3.21
2772,4.72,4.23,4.48,4.49,4.26
2809,3.86,3.37,3.62,3.63,3.39
2851,3.51,3.0,3.33,3.31,3.07
2873,3.37,2.95,3.11,3.18,2.82
2915,3.05,2.59,2.84,2.89,2.54
2919,3.55,3.1,3.33,3.38,3.05
2970,5.09,4.59,4.77,4.86,4.6
2987,2.8,2.34,2.56,2.62,2.28
2995,2.67,2.21,2.48,2.49,2.2
3012,3.33,2.83,3.11,3.14,2.88
3060,4.23,3.73,3.99,4.02,3.75
3158,2.88,2.45,2.68,2.72,2.37
3206,3.82,3.34,3.58,3.62,3.33
3219,3.53,3.02,3.28,3.31,3.07
3227,4.01,3.53,3.82,3.81,3.58
3248,4.08,3.6,3.85,3.89,3.59
3286,2.92,2.44,2.72,2.74,2.45
3292,3.12,2.65,2.88,2.92,2.62
3293,3.53,3.1,3.32,3.37,3.01
3312,3.48,3.01,3.27,3.29,3.01
3317,4.51,4.07,4.31,4.35,4.0
3407,3.67,3.2,3.51,3.51,3.22
3436,3.63,3.14,3.39,3.44,3.14
3446,4.21,3.67,3.8,3.93,3.72
3464,3.7,3.22,3.48,3.52,3.22
3517,3.57,3.15,3.32,3.4,3.02
3525,2.6,2.12,2.39,2.42,2.11
3532,3.94,3.41,3.58,3.68,3.46
3546,1.47,1.01,1.26,1.27,0.98
3565,3.73,3.22,3.38,3.48,3.22
3571,2.98,2.51,2.81,2.82,2.5
3597,3.87,3.43,3.66,3.7,3.36
3617,3.47,2.97,3.24,3.26,3.02
3653,1.57,1.13,1.33,1.39,1.05
3654,3.83,3.37,3.63,3.66,3.34
3736,4.17,3.68,4.01,3.98,3.72
3755,4.99,4.54,4.77,4.8,4.49
3830,2.91,2.41,2.69,2.71,2.45
3837,4.16,3.65,3.94,3.92,3.8
3844,3.6,3.11,3.31,3.39,3.1
3858,4.25,3.81,3.97,4.05,3.69
3869,3.87,3.4,3.65,3.66,3.42
3879,2.54,2.08,2.35,2.36,2.07
3897,3.06,2.58,2.84,2.87,2.59
3910,3.24,2.74,3.03,3.04,2.79
3925,2.54,2.07,2.32,2.35,2.04
3928,1.63,1.15,1.43,1.44,1.19
3937,3.95,3.43,3.75,3.76,3.49
3960,2.91,2.5,2.66,2.71,2.36
3968,2.91,2.45,2.71,2.74,2.41
3993,3.55,3.06,3.34,3.37,3.07
3995,3.44,2.98,3.24,3.28,2.94
4018,3.71,3.23,3.46,3.5,3.23
4029,2.62,2.16,2.4,2.44,2.13
4118,3.41,2.95,3.18,3.22,2.92
4248,2.92,2.45,2.69,2.73,2.44
4262,4.23,3.78,4.02,4.06,3.73
4267,2.42,1.91,2.24,2.23,1.98
4352,4.11,3.61,3.94,3.93,3.67
4361,3.63,3.13,3.42,3.43,3.18
4369,4.27,3.83,3.99,4.08,3.73
4376,4.87,4.4,4.61,4.66,4.36
4390,3.69,3.25,3.48,3.53,3.18
4393,2.75,2.32,2.51,2.58,2.21
4492,5.23,4.73,5.03,5.02,4.81
4497,4.09,3.63,3.85,3.92,3.59
4503,3.93,3.51,3.71,3.77,3.38
4521,2.82,2.34,2.6,2.63,2.34
4577,3.57,3.06,3.3,3.36,3.08
4590,3.22,2.74,2.96,3.02,2.71
4675,4.14,3.64,3.91,3.93,3.68
4720,3.39,2.93,3.15,3.19,2.91
4726,4.31,3.8,4.02,4.08,3.83
4736,3.77,3.29,3.5,3.56,3.27
4745,4.85,4.38,4.68,4.7,4.39
4755,3.37,2.9,3.14,3.18,2.88
4790,4.02,3.58,3.8,3.87,3.48
4816,4.34,3.87,4.16,4.19,3.87
4923,3.49,3.05,3.29,3.33,2.99
4932,3.39,2.92,3.15,3.21,2.88
4965,3.23,2.77,3.02,3.05,2.74
5108,3.63,3.15,3.3,3.42,3.1
5119,3.19,2.71,3.02,3.02,2.73
5126,3.56,3.15,3.38,3.43,3.04
5161,3.0,2.51,2.76,2.8,2.51
5183,3.77,3.27,3.58,3.59,3.32
5233,3.94,3.47,3.66,3.73,3.43
5244,3.55,3.07,3.39,3.38,3.09
5249,3.0,2.56,2.74,2.82,2.47
5285,3.11,2.68,2.93,2.94,2.66
5401,4.49,4.0,4.27,4.3,4.02
5417,2.95,2.49,2.74,2.77,2.45
5437,3.56,3.06,3.36,3.36,3.12
5442,3.89,3.38,3.62,3.67,3.42
5464,3.79,3.3,3.53,3.58,3.32
5471,3.65,3.23,3.4,3.47,3.11
5519,4.4,3.91,4.21,4.21,3.95
5530,3.15,2.67,2.96,2.97,2.67
5549,3.05,2.57,2.85,2.86,2.59
5579,2.7,2.3,2.45,2.55,2.09
5625,1.9,1.41,1.67,1.69,1.44
5646,3.61,3.14,3.33,3.41,3.07
5657,4.47,3.97,4.2,4.25,4.0
5772,2.56,2.11,2.31,2.36,2.05
5817,3.67,3.13,3.33,3.4,3.23
5856,4.08,3.6,3.82,3.87,3.59
5916,3.5,2.99,3.29,3.3,3.04
5991,3.2,2.77,2.99,3.04,2.67
6000,3.36,2.88,3.15,3.18,2.89
6002,3.68,3.26,3.46,3.53,3.11
6027,3.32,2.83,3.11,3.13,2.86
6029,4.13,3.62,3.94,3.94,3.69
6043,2.95,2.46,2.7,2.74,2.47
6089,2.62,2.19,2.37,2.44,2.08
6118,3.18,2.76,2.98,3.04,2.64
6128,3.98,3.52,3.74,3.8,3.45
6137,4.2,3.69,3.99,4.0,3.76
6146,3.72,3.27,3.5,3.55,3.21
6148,3.82,3.34,3.6,3.61,3.34
6184,4.36,3.87,4.15,4.18,3.89
6212,3.98,3.52,3.78,3.8,3.49
6279,3.0,2.52,2.77,2.81,2.52
6344,4.69,4.22,4.47,4.5,4.21
6362,3.68,3.21,3.44,3.51,3.17
6368,3.04,2.61,2.82,2.87,2.53
6418,3.8,3.27,3.55,3.57,3.36
6508,2.57,2.14,2.34,2.4,2.05
6538,4.38,3.9,4.18,4.19,3.9
6570,2.5,2.06,2.26,2.32,1.96
6586,2.61,2.16,2.4,2.45,2.12
6589,2.6,2.11,2.42,2.42,2.14
6605,3.54,3.07,3.31,3.35,3.04
6606,3.01,2.5,2.78,2.78,2.61
6657,3.44,2.95,3.22,3.25,2.96
6670,3.3,2.81,3.1,3.13,2.82
6699,3.98,3.51,3.76,3.79,3.47
6701,3.38,2.92,3.1,3.18,2.83
6744,4.92,4.44,4.67,4.71,4.43
6746,4.18,3.66,3.9,3.96,3.72
6765,3.7,3.23,3.48,3.51,3.23
6770,2.98,2.5,2.77,2.81,2.49
6824,3.34,2.89,3.15,3.18,2.85
6838,1.65,1.2,1.42,1.47,1.14
6850,3.83,3.39,3.54,3.63,3.28
6865,2.68,2.21,2.49,2.51,2.2
6887,5.49,5.02,5.19,5.29,4.97
6908,3.12,2.66,2.88,2.95,2.59
6995,3.11,2.64,2.9,2.93,2.63
7049,3.42,2.94,3.23,3.25,2.96
7098,3.07,2.57,2.86,2.88,2.61
7117,3.36,2.86,3.17,3.19,2.89
7260,2.79,2.27,2.44,2.54,2.29
7270,3.03,2.55,2.78,2.83,2.53
7290,4.98,4.57,4.75,4.81,4.43
7339,2.78,2.28,2.56,2.58,2.33
7344,3.02,2.54,2.8,2.83,2.56
7345,3.42,2.92,3.22,3.21,2.98
7346,3.45,2.92,3.23,3.25,2.99
7353,4.19,3.68,3.9,3.93,3.8
7374,3.85,3.37,3.62,3.66,3.35
7379,3.83,3.35,3.59,3.64,3.33
7405,3.71,3.21,3.49,3.51,3.26
7437,2.77,2.28,2.57,2.58,2.31
7471,3.19,2.71,3.0,3.01,2.71
7517,3.47,2.95,3.29,3.28,3.04
7560,3.36,2.9,3.14,3.17,2.88
7585,3.08,2.61,2.92,2.92,2.61
7600,3.39,2.91,3.1,3.19,2.88
7616,2.6,2.14,2.33,2.4,2.08
7724,2.9,2.42,2.67,2.71,2.42
7772,2.73,2.26,2.53,2.56,2.25
7774,5.32,4.87,5.15,5.16,4.86
7807,2.84,2.39,2.65,2.67,2.34
7811,3.28,2.85,3.07,3.11,2.77
7815,4.05,3.54,3.84,3.84,3.59
7918,2.21,1.71,1.96,2.01,1.72
7922,5.16,4.7,4.85,4.96,4.62
8016,3.55,3.02,3.31,3.31,3.14
8020,3.17,2.71,2.94,2.99,2.65
8051,3.21,2.74,2.98,3.03,2.72
8074,4.1,3.64,3.9,3.93,3.59
8078,3.46,3.05,3.26,3.31,2.95
8086,2.92,2.48,2.72,2.76,2.42
8087,2.57,2.1,2.26,2.34,2.05
8103,2.72,2.27,2.5,2.54,2.22
8121,1.94,1.48,1.65,1.73,1.42
8126,3.57,3.08,3.4,3.39,3.14
8156,2.03,1.58,1.82,1.86,1.54
8157,3.9,3.43,3.69,3.73,3.38
8184,3.38,2.93,3.17,3.22,2.86
8249,2.69,2.2,2.46,2.5,2.23
8250,3.0,2.47,2.74,2.76,2.57
8267,2.81,2.33,2.54,2.6,2.29
8289,3.1,2.65,2.92,2.94,2.62
8295,3.7,3.23,3.46,3.51,3.2
8296,3.1,2.57,2.78,2.85,2.67
8315,4.0,3.57,3.76,3.83,3.43
8323,3.08,2.57,2.86,2.9,2.61
8331,3.68,3.2,3.43,3.48,3.21
8336,3.79,3.33,3.6,3.61,3.32
8340,2.12,1.69,1.89,1.95,1.59
8362,2.81,2.39,2.57,2.65,2.25
8363,5.01,4.53,4.76,4.8,4.51
8372,4.24,3.71,3.99,4.02,3.79
8457,4.54,4.07,4.27,4.34,4.03
8486,3.06,2.6,2.88,2.9,2.58
8545,3.01,2.58,2.8,2.87,2.47
8596,2.9,2.42,2.72,2.74,2.44
8600,3.04,2.6,2.8,2.86,2.51
8616,4.65,4.19,4.45,4.47,4.17
8622,3.44,3.06,3.17,3.29,2.84
8627,3.74,3.27,3.55,3.57,3.26
8687,4.7,4.22,4.37,4.48,4.17
8748,2.56,2.08,2.32,2.37,2.08
8761,3.82,3.34,3.56,3.63,3.32
8791,3.46,3.04,3.27,3.3,2.94
8803,2.85,2.31,2.52,2.59,2.42
8828,3.02,2.56,2.77,2.84,2.5
8890,3.1,2.65,2.88,2.92,2.59
8955,3.13,2.65,2.92,2.94,2.68
9060,4.76,4.32,4.5,4.58,4.21
9063,3.55,3.09,3.35,3.39,3.05
9069,2.17,1.69,1.97,1.99,1.71
9079,3.85,3.38,3.58,3.65,3.35
9089,3.22,2.76,3.01,3.04,2.73
9095,1.65,1.16,1.43,1.45,1.19
9101,3.86,3.32,3.69,3.67,3.43
9117,3.25,2.81,3.06,3.09,2.77
9122,3.7,3.24,3.45,3.5,3.2
9224,3.39,2.85,3.17,3.15,2.98
9240,4.33,3.83,4.09,4.1,3.86
9273,2.93,2.44,2.66,2.72,2.43
9281,3.33,2.89,3.16,3.19,2.85
9309,4.96,4.49,4.73,4.76,4.46
9322,3.86,3.4,3.6,3.66,3.34
9439,3.4,2.93,3.18,3.18,2.97
9466,2.79,2.28,2.58,2.59,2.34
9516,3.4,2.87,3.11,3.18,2.95
9539,4.44,3.99,4.27,4.28,3.95
9575,2.33,1.9,2.18,2.2,1.83
9577,3.47,3.05,3.29,3.32,2.95
9580,2.78,2.3,2.59,2.61,2.3
9615,3.35,2.82,3.11,3.14,2.89
9680,2.52,2.01,2.29,2.33,2.05
9705,2.92,2.42,2.66,2.72,2.45
9768,5.34,4.91,5.14,5.19,4.81
9788,3.25,2.77,3.04,3.06,2.77
9793,3.94,3.52,3.65,3.76,3.38
9822,3.95,3.5,3.75,3.79,3.45
9837,3.44,2.97,3.25,3.26,2.98
9844,3.63,3.14,3.48,3.46,3.19
9905,2.83,2.35,2.59,2.63,2.36
9952,3.02,2.56,2.79,2.82,2.54
9955,3.22,2.75,2.92,3.0,2.71
9965,2.99,2.51,2.75,2.81,2.5
9976,4.22,3.78,4.03,4.07,3.71
9985,4.08,3.6,3.79,3.87,3.57
10052,3.31,2.85,3.09,3.12,2.82
10067,2.52,2.01,2.29,2.31,2.07
10115,3.2,2.69,3.02,3.02,2.76
10133,3.97,3.47,3.69,3.74,3.48
10144,2.97,2.47,2.77,2.79,2.52
10207,3.58,3.07,3.36,3.39,3.11
10221,4.34,3.85,4.11,4.14,3.86
10226,4.23,3.81,3.97,4.04,3.66
10263,4.14,3.68,3.88,3.96,3.61
10407,4.13,3.68,3.92,3.95,3.63
10464,3.85,3.35,3.7,3.66,3.4
10477,4.61,4.2,4.37,4.44,4.04
10486,4.33,3.84,4.12,4.13,3.87
10577,2.67,2.21,2.46,2.49,2.18
10619,2.87,2.41,2.66,2.7,2.39
10639,3.14,2.62,2.92,2.89,2.76
10645,2.69,2.19,2.47,2.49,2.25
10654,3.72,3.24,3.57,3.56,3.26
10659,3.83,3.36,3.56,3.62,3.32
10710,4.02,3.57,3.8,3.85,3.51
10737,3.49,3.03,3.25,3.31,2.99
10749,4.02,3.59,3.79,3.86,3.48
10770,3.22,2.74,2.98,3.02,2.73
10780,4.96,4.39,4.58,4.67,4.51
10786,3.01,2.51,2.72,2.79,2.52
10807,3.05,2.55,2.81,2.85,2.57
10862,4.69,4.25,4.41,4.48,4.14
10871,3.06,2.57,2.84,2.86,2.6
10892,1.85,1.43,1.64,1.68,1.33
10903,4.42,3.93,4.24,4.24,3.97
10941,3.56,3.13,3.35,3.41,3.04
10958,4.04,3.65,3.81,3.9,3.45
10973,3.07,2.59,2.87,2.88,2.59
10980,4.24,3.77,4.0,4.02,3.82
10985,5.28,4.83,5.09,5.11,4.79
10986,3.69,3.23,3.47,3.51,3.18
11036,3.7,3.2,3.56,3.53,3.26
11041,3.77,3.27,3.46,3.54,3.28
11052,3.85,3.42,3.6,3.68,3.3
11239,3.84,3.4,3.6,3.66,3.32
11250,2.9,2.49,2.68,2.75,2.36
11252,4.0,3.56,3.73,3.82,3.45
11268,3.99,3.56,3.82,3.86,3.48
11297,3.62,3.09,3.37,3.41,3.16
11355,3.22,2.75,3.02,3.04,2.73
11427,3.8,3.34,3.58,3.63,3.29
11445,3.36,2.88,3.13,3.19,2.86
11479,1.97,1.46,1.69,1.74,1.48
11491,2.71,2.27,2.5,2.54,2.19
11513,2.6,2.12,2.32,2.39,2.1
11516,1.76,1.29,1.55,1.56,1.3
11540,2.97,2.54,2.77,2.8,2.45
11590,3.8,3.32,3.58,3.61,3.32
11591,3.22,2.76,3.01,3.03,2.73
11638,4.74,4.29,4.5,4.56,4.23
11648,3.57,3.13,3.34,3.38,3.05
11650,3.54,3.06,3.29,3.33,3.07
11674,2.53,2.05,2.29,2.32,2.06
11740,3.53,3.03,3.34,3.34,3.07
11785,2.57,2.11,2.31,2.37,2.07
11852,2.84,2.39,2.64,2.67,2.35
11870,4.36,3.83,4.16,4.15,3.93
11896,3.85,3.35,3.65,3.65,3.42
11940,4.38,3.87,4.11,4.17,3.9
11970,4.27,3.79,4.02,4.06,3.77
11994,3.84,3.36,3.6,3.62,3.37
12097,2.88,2.42,2.63,2.68,2.36
12106,2.41,1.92,2.21,2.23,1.94
12171,3.53,3.02,3.39,3.36,3.08
12179,3.91,3.38,3.69,3.69,3.48
12216,2.66,2.12,2.37,2.4,2.22
12242,3.14,2.65,2.96,2.94,2.73
12250,3.48,3.03,3.3,3.32,2.98
12266,2.84,2.31,2.55,2.6,2.38
12283,3.24,2.81,3.06,3.09,2.73
12293,3.44,2.98,3.22,3.26,2.93
12310,4.08,3.58,3.89,3.9,3.64
12321,1.73,1.26,1.48,1.54,1.25
12399,1.81,1.36,1.59,1.64,1.31
12411,3.97,3.5,3.74,3.79,3.48
12433,3.44,2.97,3.24,3.26,2.95
12451,3.45,3.03,3.18,3.28,2.88
12537,3.01,2.54,2.83,2.85,2.54
12579,3.8,3.3,3.51,3.57,3.31
12590,2.86,2.4,2.62,2.65,2.37
12623,2.96,2.51,2.74,2.78,2.45
12674,5.08,4.55,4.71,4.84,4.57
12698,3.67,3.22,3.47,3.49,3.18
12713,3.89,3.38,3.64,3.69,3.42
12716,3.54,3.09,3.31,3.36,3.04
12735,2.66,2.19,2.43,2.47,2.18
12737,3.66,3.17,3.46,3.48,3.18
12773,3.55,3.12,3.33,3.37,3.02
12774,3.58,3.11,3.37,3.39,3.09
12782,4.53,4.08,4.35,4.37,4.03
12799,4.13,3.64,3.94,3.94,3.68
12800,2.37,1.89,2.16,2.16,1.92
12806,3.98,3.52,3.74,3.79,3.51
12807,2.68,2.16,2.41,2.48,2.2
12818,4.36,3.91,4.11,4.17,3.84
12874,4.51,3.99,4.16,4.28,4.01
12912,3.27,2.82,3.08,3.12,2.76
12930,1.7,1.18,1.39,1.46,1.23
12945,2.97,2.54,2.76,2.81,2.46
12962,3.76,3.35,3.54,3.6,3.21
13071,1.61,1.03,1.3,1.29,1.31
13112,3.58,3.16,3.39,3.42,3.06
13113,3.86,3.4,3.57,3.66,3.32
13123,4.04,3.56,3.83,3.86,3.57
13134,3.88,3.39,3.65,3.69,3.42
13135,2.95,2.49,2.8,2.8,2.48
13159,3.14,2.68,2.91,2.96,2.65
13176,3.19,2.7,3.02,3.02,2.72
13178,4.19,3.71,3.88,3.99,3.66
13195,3.73,3.22,3.5,3.52,3.31
13210,3.81,3.3,3.62,3.63,3.38
13324,2.74,2.32,2.52,2.58,2.21
13348,4.41,4.01,4.16,4.26,3.83
13373,3.75,3.28,3.56,3.57,3.26
13413,3.07,2.61,2.9,2.91,2.6
13443,3.55,3.09,3.35,3.38,3.05
13454,3.96,3.49,3.77,3.79,3.49
13480,2.9,2.39,2.71,2.7,2.45
13483,3.37,2.87,3.16,3.16,2.91
13563,4.78,4.29,4.45,4.55,4.27
13569,4.35,3.88,4.11,4.16,3.85
13617,3.23,2.74,3.0,3.03,2.77
13643,2.75,2.3,2.52,2.56,2.26
13655,4.22,3.8,4.04,4.08,3.71
13666,3.76,3.27,3.59,3.59,3.31
13669,2.78,2.28,2.58,2.58,2.34
13695,4.46,3.98,4.22,4.26,3.98
13699,3.88,3.36,3.68,3.67,3.45
13712,4.86,4.39,4.65,4.68,4.38
13732,2.81,2.32,2.58,2.6,2.36
13749,3.06,2.55,2.8,2.85,2.6
13751,4.32,3.88,4.12,4.16,3.81
13782,3.88,3.41,3.66,3.7,3.39
13797,3.94,3.47,3.74,3.76,3.47
13869,3.99,3.53,3.76,3.8,3.49
13879,3.4,2.9,3.14,3.21,2.9
13888,2.94,2.49,2.67,2.75,2.39
13898,3.26,2.79,3.06,3.08,2.78
13900,3.19,2.69,2.98,3.0,2.73
13915,1.8,1.27,1.53,1.58,1.34
13935,2.48,1.98,2.31,2.3,2.03
13937,4.02,3.54,3.77,3.83,3.53
13938,2.93,2.47,2.7,2.75,2.42
13942,3.22,2.77,3.04,3.07,2.69
13985,4.36,3.92,4.14,4.2,3.84
14004,2.83,2.32,2.57,2.64,2.34
14065,3.79,3.3,3.6,3.59,3.33
14073,4.41,3.9,4.16,4.19,3.95
14122,2.85,2.35,2.63,2.66,2.39
14124,3.89,3.48,3.66,3.71,3.38
14128,3.77,3.37,3.58,3.63,3.2
14237,3.88,3.41,3.66,3.7,3.4
14265,2.83,2.36,2.65,2.67,2.35
14271,4.04,3.52,3.77,3.8,3.6
14281,4.34,3.91,4.08,4.16,3.77
14330,4.41,3.93,4.2,4.21,3.95
14408,3.68,3.21,3.43,3.47,3.17
14421,3.74,3.24,3.48,3.54,3.27
14436,3.34,2.86,3.11,3.15,2.85
14441,3.82,3.33,3.65,3.65,3.38
14452,3.46,3.0,3.24,3.27,2.98
14456,3.96,3.47,3.76,3.76,3.51
14491,3.15,2.67,2.9,2.94,2.68
14573,3.31,2.85,3.04,3.11,2.8
14644,2.72,2.21,2.48,2.47,2.34
14704,2.56,2.12,2.34,2.39,2.04
14725,4.1,3.64,3.88,3.91,3.6
14738,3.22,2.76,3.0,3.04,2.73
14777,1.6,1.11,1.37,1.4,1.15
14828,2.41,1.96,2.2,2.25,1.88
14837,3.43,2.87,3.08,3.15,3.01
14857,3.87,3.42,3.64,3.68,3.36
14862,3.47,3.01,3.24,3.31,2.99
14866,4.37,3.88,4.18,4.18,3.9
14868,3.44,3.0,3.23,3.27,2.93
14884,3.66,3.22,3.34,3.46,3.06
14887,2.42,1.93,2.19,2.22,1.95
14926,2.34,1.87,2.07,2.15,1.82
14940,3.95,3.44,3.7,3.76,3.48
14951,2.88,2.41,2.67,2.7,2.4
14964,3.21,2.73,3.04,3.04,2.73
14973,3.4,2.95,3.15,3.21,2.92
15018,2.42,1.95,2.22,2.25,1.94
15019,2.06,1.57,1.9,1.88,1.62
15032,3.08,2.63,2.86,2.9,2.6
15149,2.5,2.03,2.25,2.32,2.0
15175,3.43,2.92,3.17,3.22,2.95
15252,3.04,2.56,2.81,2.86,2.56
15268,4.09,3.64,3.84,3.91,3.56
15292,2.65,2.2,2.38,2.44,2.11
15294,2.31,1.85,2.08,2.12,1.8
15349,3.75,3.3,3.49,3.57,3.23
15362,3.58,3.08,3.39,3.39,3.12
15375,2.79,2.25,2.51,2.52,2.44
15384,3.93,3.44,3.77,3.75,3.49
15413,3.31,2.86,3.08,3.14,2.8
15428,2.55,2.06,2.28,2.35,2.06
15462,3.69,3.22,3.49,3.52,3.21
15479,3.49,3.02,3.31,3.31,3.02
15497,2.62,2.15,2.38,2.42,2.13
15537,3.9,3.4,3.66,3.69,3.44
15540,3.61,3.12,3.4,3.41,3.15
15575,3.01,2.56,2.81,2.86,2.5
15676,1.71,1.27,1.5,1.56,1.2
15677,2.79,2.35,2.61,2.62,2.28
15728,2.83,2.33,2.53,2.61,2.34
15801,3.14,2.69,2.92,2.98,2.61
15826,4.56,4.11,4.35,4.4,4.06
15831,2.98,2.5,2.72,2.77,2.48
15850,4.5,4.08,4.22,4.32,3.94
15890,2.91,2.43,2.69,2.71,2.46
15902,3.15,2.71,2.89,2.97,2.61
15957,3.29,2.81,3.07,3.11,2.8
15986,2.45,1.98,2.21,2.25,1.96
15994,2.71,2.21,2.47,2.5,2.22
15999,2.85,2.41,2.67,2.69,2.37
16005,3.54,3.05,3.34,3.35,3.07
16013,3.66,3.19,3.5,3.48,3.2
16020,3.35,2.86,3.09,3.14,2.85
16039,2.77,2.34,2.55,2.61,2.23
16086,3.74,3.27,3.53,3.56,3.25
16101,4.84,4.38,4.63,4.66,4.34
16137,2.85,2.4,2.65,2.68,2.36
16206,4.33,3.82,4.12,4.1,3.91
16217,4.68,4.19,4.44,4.46,4.22
16240,3.69,3.21,3.42,3.48,3.19
16247,4.38,3.84,4.03,4.13,3.9
16298,3.94,3.48,3.71,3.76,3.41
16299,3.32,2.85,3.13,3.14,2.86
16308,4.83,4.42,4.63,4.69,4.29
16324,3.58,3.1,3.43,3.43,3.13
16325,3.15,2.68,2.93,2.96,2.64
16350,3.71,3.24,3.48,3.54,3.23
16454,3.48,3.01,3.27,3.29,2.98
16466,3.07,2.58,2.87,2.89,2.61
16610,2.9,2.43,2.67,2.71,2.42
16707,3.28,2.81,3.09,3.11,2.81
16708,4.13,3.62,3.96,3.95,3.68
16784,4.87,4.37,4.58,4.64,4.4
16806,2.38,1.91,2.16,2.21,1.87
16881,2.08,1.59,1.83,1.86,1.61
16897,3.02,2.52,2.8,2.82,2.56
16920,3.51,3.01,3.26,3.29,3.04
16921,3.4,2.94,3.17,3.19,2.92
16964,3.52,3.03,3.28,3.32,3.04
17016,4.18,3.72,3.99,4.03,3.7
17055,3.08,2.63,2.85,2.9,2.56
17061,2.75,2.25,2.53,2.55,2.27
17072,3.29,2.84,3.08,3.12,2.78
17079,2.75,2.25,2.49,2.54,2.26
17084,4.34,3.88,4.14,4.17,3.85
17166,3.38,2.89,3.16,3.19,2.9
17206,4.22,3.75,4.01,4.03,3.75
17221,2.55,2.14,2.35,2.42,1.99
17309,3.54,3.07,3.35,3.37,3.07
17320,3.38,2.9,3.19,3.18,2.94
17325,3.79,3.32,3.63,3.61,3.31
17340,3.62,3.14,3.37,3.41,3.14
17385,4.74,4.31,4.47,4.55,4.18
17399,3.29,2.76,3.06,3.07,2.86
17409,3.41,2.94,3.26,3.24,2.95
17490,4.42,3.96,4.26,4.24,3.96
17494,3.93,3.44,3.67,3.72,3.46
17498,3.24,2.74,3.04,3.05,2.79
17516,4.6,4.12,4.42,4.45,4.12
17533,3.86,3.46,3.63,3.71,3.27
17566,4.1,3.59,3.79,3.87,3.61
17579,4.01,3.52,3.76,3.83,3.51
17581,2.63,2.18,2.39,2.45,2.11
17584,4.33,3.81,4.15,4.14,3.89
17612,3.04,2.64,2.81,2.89,2.45
17655,1.88,1.45,1.66,1.72,1.36
17681,2.82,2.37,2.59,2.65,2.31
17682,1.82,1.34,1.6,1.63,1.33
17725,3.26,2.82,3.04,3.09,2.74
17745,1.67,1.22,1.44,1.49,1.16
17759,3.71,3.25,3.49,3.53,3.22
17772,2.46,1.96,2.27,2.27,2.02
17777,4.21,3.7,3.97,4.0,3.74
17827,2.56,2.11,2.33,2.38,2.07
17836,3.36,2.9,3.13,3.18,2.85
17845,1.75,1.24,1.51,1.53,1.29
17925,2.77,2.29,2.5,2.56,2.27
17946,3.37,2.89,3.2,3.2,2.9
17978,3.66,3.16,3.42,3.43,3.27
17982,3.83,3.38,3.6,3.65,3.31
17995,3.41,2.9,3.18,3.22,2.94
17998,3.44,2.9,3.14,3.18,2.98
17999,4.29,3.81,4.11,4.12,3.83
18020,3.86,3.38,3.66,3.68,3.38
18035,2.06,1.6,1.82,1.87,1.55
18154,3.59,3.09,3.36,3.39,3.13
18205,4.35,3.91,4.16,4.2,3.85
18210,2.53,2.02,2.27,2.32,2.07
18249,2.82,2.33,2.58,2.62,2.35
18251,3.05,2.53,2.79,2.84,2.58
18338,3.0,2.52,2.69,2.79,2.48
18355,4.01,3.6,3.81,3.86,3.46
18410,3.12,2.68,2.88,2.95,2.59
18458,3.92,3.45,3.7,3.73,3.42
18469,3.25,2.77,2.96,3.05,2.74
18497,4.86,4.3,4.51,4.58,4.43
18511,2.95,2.51,2.72,2.78,2.42
18512,4.58,4.12,4.4,4.42,4.1
18528,4.83,4.28,4.54,4.58,4.4
18578,3.46,2.98,3.27,3.28,3.01
18580,3.86,3.37,3.69,3.68,3.41
18592,4.04,3.58,3.84,3.85,3.59
18597,3.83,3.3,3.57,3.61,3.37
18609,3.64,3.19,3.37,3.45,3.1
18624,3.22,2.78,3.0,3.06,2.69
18698,3.24,2.81,2.99,3.06,2.68
18744,3.23,2.78,2.98,3.05,2.71
18782,3.46,3.03,3.24,3.3,2.94
18795,3.79,3.28,3.61,3.6,3.35
18827,2.24,1.73,1.98,2.03,1.76
18832,2.7,2.2,2.48,2.5,2.24
18856,4.11,3.68,3.85,3.9,3.56
18859,3.49,3.0,3.26,3.29,3.01
18873,4.28,3.79,4.08,4.12,3.8
18951,4.57,4.1,4.38,4.39,4.1
18972,2.69,2.28,2.47,2.54,2.16
19058,4.04,3.56,3.73,3.83,3.53
19064,4.65,4.16,4.48,4.46,4.21
19149,3.67,3.26,3.44,3.51,3.13
19284,2.79,2.35,2.61,2.63,2.31
19377,3.6,3.15,3.46,3.46,3.11
19393,3.23,2.8,3.02,3.07,2.72
19462,3.99,3.51,3.73,3.79,3.5
19515,3.11,2.65,2.88,2.93,2.6
19535,4.43,3.94,4.24,4.24,3.97
19550,3.57,3.15,3.38,3.41,3.02
19572,4.01,3.51,3.8,3.81,3.56
19586,4.13,3.67,3.9,3.94,3.65
19663,2.0,1.49,1.74,1.78,1.53
19672,2.73,2.24,2.43,2.51,2.23
19691,3.52,2.99,3.2,3.27,3.05
19698,5.0,4.61,4.8,4.85,4.46
19722,3.65,3.13,3.41,3.44,3.2
19780,4.49,4.04,4.27,4.29,3.98
19787,2.75,2.29,2.52,2.57,2.24
19790,4.53,4.05,4.27,4.34,4.03
19792,4.22,3.72,4.01,4.02,3.76
19795,3.19,2.69,3.0,3.01,2.73
19874,3.01,2.6,2.79,2.86,2.44
19891,4.47,4.0,4.23,4.27,3.97
19927,3.73,3.26,3.55,3.56,3.27
19962,2.4,1.93,2.21,2.22,1.91
20098,2.94,2.5,2.69,2.75,2.42
20140,3.6,3.08,3.35,3.38,3.14
20141,3.34,2.89,3.12,3.17,2.83
20194,4.18,3.73,3.96,3.99,3.68
20261,3.19,2.75,2.97,3.02,2.66
20276,2.76,2.32,2.58,2.6,2.26
20287,3.69,3.24,3.46,3.49,3.19
20301,4.14,3.68,3.87,3.94,3.63
20316,3.39,2.92,3.17,3.21,2.9
20345,3.43,2.95,3.26,3.26,2.97
20350,3.9,3.41,3.66,3.69,3.42
20391,4.76,4.38,4.61,4.65,4.21
20401,4.1,3.56,3.87,3.87,3.69
20409,3.16,2.65,2.93,2.96,2.72
20454,4.39,3.9,4.18,4.2,3.93
20459,3.15,2.7,2.95,2.99,2.65
20542,3.91,3.46,3.72,3.74,3.41
20569,3.11,2.67,2.85,2.91,2.56
20575,3.38,2.93,3.15,3.2,2.87
20612,3.05,2.59,2.85,2.87,2.57
20697,3.64,3.18,3.43,3.46,3.16
20762,2.74,2.31,2.57,2.59,2.23
20786,3.87,3.38,3.6,3.66,3.38
20802,2.38,1.9,2.17,2.18,1.94
20838,3.25,2.73,3.0,3.03,2.81
20878,3.05,2.58,2.85,2.87,2.56
20895,2.35,1.89,2.13,2.16,1.86
20916,3.94,3.44,3.71,3.73,3.48
20949,4.62,4.11,4.33,4.38,4.15
20968,1.64,1.12,1.36,1.4,1.18
20996,3.57,3.08,3.39,3.37,3.12
21005,3.55,3.11,3.3,3.35,3.03
21006,2.63,2.12,2.34,2.38,2.19
21040,1.44,1.0,1.22,1.27,0.92
21090,3.78,3.28,3.56,3.57,3.34
21134,3.1,2.64,2.89,2.92,2.63
21200,3.33,2.86,3.13,3.15,2.86
21208,3.97,3.5,3.77,3.79,3.5
21236,2.95,2.53,2.68,2.77,2.4
21266,3.96,3.52,3.77,3.79,3.45
21271,3.36,2.89,3.18,3.18,2.92
21326,1.59,1.09,1.38,1.4,1.12
21336,3.66,3.18,3.43,3.47,3.17
21384,3.42,2.99,3.18,3.25,2.87
21433,3.7,3.26,3.47,3.52,3.2
21442,2.96,2.47,2.71,2.76,2.48
21448,4.2,3.79,3.93,4.03,3.62
21457,2.44,1.98,2.22,2.26,1.94
21459,3.75,3.27,3.53,3.56,3.27
21510,3.99,3.5,3.83,3.81,3.56
21533,2.94,2.48,2.73,2.76,2.44
21566,2.84,2.38,2.65,2.67,2.35
21594,4.0,3.51,3.78,3.8,3.54
21633,1.54,1.11,1.35,1.38,1.03
21635,4.6,4.08,4.32,4.35,4.16
21689,3.21,2.72,2.98,3.01,2.75
21731,4.33,3.81,4.14,4.13,3.89
21749,2.91,2.42,2.73,2.74,2.45
21872,3.31,2.83,3.05,3.1,2.82
21912,3.6,3.12,3.38,3.4,3.1
21919,4.19,3.72,3.99,4.02,3.7
21949,3.41,3.01,3.22,3.27,2.86
21964,3.89,3.42,3.64,3.7,3.41
22002,2.61,2.13,2.42,2.44,2.14
22017,3.32,2.91,3.14,3.18,2.78
22034,3.34,2.92,3.18,3.19,2.84
22059,2.89,2.41,2.66,2.7,2.41
22060,2.34,1.87,2.11,2.16,1.86
22067,3.66,3.15,3.47,3.47,3.21
22069,3.71,3.28,3.52,3.57,3.2
22114,4.36,3.85,4.13,4.15,3.92
22117,3.95,3.47,3.69,3.74,3.45
22144,4.06,3.56,3.85,3.86,3.6
22197,4.07,3.6,3.81,3.86,3.58
22212,4.49,3.99,4.2,4.28,3.98
22229,4.21,3.78,3.96,4.03,3.67
22244,3.77,3.32,3.57,3.6,3.28
22277,4.67,4.12,4.42,4.43,4.25
22278,4.04,3.62,3.87,3.88,3.54
22288,4.17,3.66,3.92,3.95,3.71
22303,1.72,1.29,1.52,1.56,1.22
22327,4.38,3.89,4.14,4.19,3.9
22340,2.97,2.49,2.74,2.76,2.5
22358,3.04,2.55,2.86,2.86,2.59
22370,4.96,4.45,4.84,4.78,4.55
22398,2.84,2.33,2.65,2.65,2.39
22409,4.06,3.61,3.92,3.92,3.53
22410,3.4,2.94,3.23,3.23,2.94
22458,3.32,2.84,3.08,3.11,2.85
22514,3.22,2.76,2.95,3.0,2.73
22515,2.01,1.51,1.78,1.81,1.58
22526,2.89,2.42,2.65,2.7,2.39
22543,4.03,3.55,3.82,3.84,3.54
22545,4.4,3.93,4.24,4.23,3.91
22566,3.63,3.16,3.46,3.46,3.15
22574,1.82,1.33,1.48,1.59,1.27
22604,3.88,3.39,3.57,3.66,3.38
22655,3.47,2.97,3.29,3.3,3.0
22657,2.77,2.29,2.54,2.58,2.27
22685,2.87,2.35,2.64,2.67,2.41
22687,3.69,3.19,3.48,3.5,3.23
22723,2.4,1.92,2.15,2.2,1.92
22731,3.18,2.68,2.92,2.96,2.69
22782,3.2,2.73,2.97,3.02,2.71
22847,2.62,2.13,2.39,2.41,2.13
22848,3.67,3.26,3.47,3.53,3.14
22895,2.98,2.5,2.75,2.76,2.5
22917,3.74,3.25,3.56,3.56,3.29
22921,2.72,2.32,2.52,2.57,2.19
22955,2.78,2.3,2.58,2.6,2.31
23029,2.19,1.75,2.02,2.03,1.71
23033,3.12,2.62,2.82,2.89,2.65
23126,1.45,1.02,1.21,1.28,0.91
23193,4.25,3.83,4.13,4.15,3.75
23215,2.96,2.43,2.73,2.74,2.5
23246,3.94,3.47,3.74,3.77,3.44
23274,3.71,3.22,3.54,3.53,3.27
23282,3.77,3.3,3.58,3.59,3.31
23309,3.44,2.98,3.18,3.24,2.96
23317,3.8,3.34,3.54,3.58,3.31
23327,3.34,2.9,3.12,3.17,2.82
23382,3.37,2.86,3.11,3.14,2.9
23399,3.01,2.52,2.75,2.78,2.55
23450,3.44,2.93,3.17,3.21,2.97
23466,3.53,3.05,3.3,3.34,3.06
23477,3.04,2.51,2.75,2.8,2.62
23490,3.83,3.35,3.61,3.64,3.35
23493,4.37,3.89,4.22,4.23,3.9
23497,3.5,3.02,3.31,3.3,3.04
23562,3.97,3.47,3.78,3.77,3.52
23602,3.18,2.73,2.97,3.02,2.67
23631,2.45,1.99,2.26,2.29,1.98
23701,3.67,3.23,3.43,3.47,3.14
23718,3.01,2.56,2.75,2.82,2.49
23732,2.49,2.02,2.29,2.32,1.99
23736,2.94,2.49,2.72,2.77,2.43
23752,5.08,4.61,4.84,4.88,4.59
23762,3.75,3.27,3.51,3.55,3.26
23798,3.92,3.46,3.72,3.72,3.49
23816,3.57,3.15,3.37,3.42,3.03
23822,2.63,2.15,2.39,2.43,2.14
23830,2.08,1.63,1.86,1.9,1.6
23846,3.44,2.92,3.17,3.22,2.97
23885,3.58,3.15,3.39,3.42,3.08
23907,3.65,3.18,3.38,3.44,3.17
23923,3.32,2.85,3.12,3.15,2.85
23957,3.49,3.08,3.24,3.3,2.94
23966,3.55,3.14,3.3,3.38,2.98
23973,2.75,2.27,2.47,2.55,2.23
24002,3.89,3.43,3.71,3.71,3.4
24069,3.25,2.79,3.06,3.09,2.78
24096,2.64,2.18,2.4,2.45,2.13
24100,2.84,2.35,2.65,2.66,2.39
24115,4.25,3.73,4.02,4.02,3.81
24131,4.13,3.62,3.94,3.93,3.71
24138,3.4,2.97,3.2,3.24,2.88
24192,1.84,1.37,1.63,1.68,1.34
24219,4.79,4.29,4.51,4.59,4.29
24225,3.26,2.75,2.99,3.04,2.77
24251,3.14,2.63,2.93,2.95,2.68
24259,3.04,2.56,2.87,2.88,2.58
24315,5.23,4.74,5.02,5.05,4.78
24318,3.12,2.69,2.9,2.95,2.58
24345,4.33,3.87,4.13,4.18,3.82
24393,3.85,3.37,3.63,3.66,3.39
24417,3.52,3.09,3.31,3.35,3.0
24418,2.57,2.12,2.38,2.39,2.09
24474,2.6,2.1,2.38,2.4,2.15
24494,2.7,2.22,2.47,2.51,2.21
24531,2.84,2.39,2.59,2.65,2.31
24536,2.46,1.98,2.22,2.25,1.98
24553,4.96,4.52,4.73,4.78,4.44
24558,4.96,4.47,4.75,4.77,4.5
24578,3.48,2.98,3.3,3.3,3.03
24610,3.65,3.15,3.4,3.43,3.19
24628,4.27,3.78,4.03,4.09,3.77
24660,3.79,3.34,3.58,3.62,3.3
24680,3.81,3.33,3.64,3.65,3.35
24719,4.11,3.66,3.9,3.93,3.61
24723,2.82,2.35,2.59,2.64,2.3
24748,3.04,2.56,2.88,2.88,2.59
24753,3.18,2.73,2.96,3.01,2.65
24813,2.19,1.76,1.98,2.03,1.67
24818,4.0,3.45,3.73,3.75,3.59
24824,3.06,2.56,2.84,2.87,2.59
24850,3.75,3.29,3.52,3.57,3.23
24862,2.7,2.25,2.48,2.54,2.16
24886,2.59,2.09,2.34,2.39,2.11
24901,2.96,2.49,2.77,2.78,2.49
24935,3.86,3.37,3.64,3.66,3.4
24943,4.54,4.02,4.34,4.32,4.17
24955,2.44,2.0,2.22,2.26,1.95
24977,3.93,3.42,3.66,3.72,3.48
25003,3.4,2.93,3.2,3.22,2.92
25023,4.44,3.97,4.21,4.25,3.98
25102,3.93,3.43,3.79,3.75,3.5
25128,4.71,4.22,4.44,4.51,4.19
25142,2.69,2.24,2.48,2.52,2.22
25199,3.68,3.21,3.4,3.49,3.16
25230,3.53,3.04,3.27,3.31,3.06
25303,3.51,3.06,3.28,3.33,2.99
25323,4.15,3.62,3.83,3.9,3.68
25344,2.87,2.41,2.68,2.69,2.39
25369,4.33,3.89,4.12,4.16,3.81
25379,2.05,1.63,1.85,1.9,1.54
25395,3.53,3.03,3.32,3.35,3.05
25407,3.83,3.34,3.68,3.68,3.38
25422,3.97,3.46,3.76,3.76,3.53
25455,2.59,2.1,2.36,2.4,2.11
25458,3.13,2.69,2.97,3.0,2.65
25502,2.59,2.13,2.39,2.42,2.09
25529,4.08,3.53,3.84,3.83,3.66
25560,4.22,3.73,3.99,4.0,3.75
25564,4.82,4.36,4.61,4.64,4.33
25578,2.9,2.43,2.69,2.72,2.41
25605,2.96,2.53,2.74,2.79,2.45
25628,3.98,3.51,3.77,3.8,3.49
25637,2.99,2.42,2.71,2.73,2.57
25672,3.36,2.86,3.12,3.15,2.89
25681,3.9,3.41,3.69,3.71,3.44
25709,4.83,4.36,4.63,4.66,4.35
25737,2.3,1.83,2.09,2.12,1.82
25740,3.4,2.95,3.15,3.21,2.89
25756,4.02,3.61,3.78,3.86,3.47
25777,2.84,2.35,2.67,2.67,2.36
25833,4.01,3.54,3.81,3.82,3.52
25834,3.76,3.31,3.48,3.57,3.21
25891,4.09,3.6,3.84,3.87,3.61
25925,2.83,2.39,2.62,2.66,2.32
25974,3.35,2.89,3.13,3.17,2.85
26046,3.2,2.77,2.97,3.03,2.7
26049,5.14,4.65,4.97,4.97,4.67
26108,2.7,2.24,2.48,2.53,2.19
26118,2.92,2.49,2.69,2.74,2.38
26123,3.07,2.61,2.8,2.88,2.55
26131,3.01,2.55,2.81,2.84,2.52
26140,3.8,3.32,3.59,3.63,3.33
26150,3.67,3.23,3.49,3.51,3.17
26181,4.21,3.7,3.9,3.99,3.72
26218,2.59,2.04,2.2,2.33,2.11
26238,3.68,3.17,3.51,3.49,3.24
26268,3.36,2.87,3.16,3.16,2.9
26312,2.81,2.34,2.67,2.65,2.35
26346,3.32,2.88,3.11,3.16,2.79
26366,4.14,3.71,3.92,3.97,3.61
26387,2.32,1.87,2.12,2.16,1.82
26414,4.35,3.85,4.13,4.15,3.88
26438,3.63,3.15,3.44,3.45,3.16
26461,3.1,2.65,2.9,2.94,2.6
26464,4.47,4.01,4.25,4.3,3.96
26486,4.01,3.52,3.85,3.83,3.56
26520,2.53,2.07,2.33,2.36,2.05
26524,3.52,3.07,3.27,3.33,3.0
26528,3.48,3.02,3.25,3.3,2.99
26603,4.71,4.2,4.54,4.54,4.26
26639,3.27,2.78,2.98,3.03,2.82
26654,3.68,3.19,3.44,3.48,3.2
26726,2.73,2.21,2.51,2.52,2.29
26739,2.3,1.87,2.04,2.11,1.79
26756,2.82,2.34,2.58,2.61,2.36
26762,3.38,2.9,3.12,3.17,2.89
26778,2.91,2.42,2.65,2.71,2.41
26848,3.86,3.44,3.61,3.71,3.29
26849,3.88,3.39,3.66,3.69,3.43
26873,3.36,2.88,3.18,3.18,2.88
26881,4.3,3.83,3.97,4.07,3.79
26888,3.81,3.36,3.59,3.62,3.3
26901,4.14,3.71,3.91,3.98,3.6
26907,3.19,2.74,2.98,3.02,2.7
26957,2.45,1.96,2.21,2.24,2.0
26959,3.42,2.99,3.22,3.25,2.89
26968,4.27,3.78,3.97,4.05,3.78
26982,3.0,2.52,2.74,2.8,2.51
27001,3.79,3.28,3.54,3.58,3.33
27019,4.15,3.65,3.96,3.96,3.69
27035,3.27,2.81,3.05,3.1,2.76
27052,3.0,2.53,2.71,2.78,2.49
27105,3.58,3.12,3.33,3.39,3.07
27133,2.81,2.31,2.61,2.63,2.35
27141,3.69,3.22,3.47,3.52,3.2
27175,2.82,2.34,2.58,2.62,2.34
27196,3.75,3.3,3.53,3.56,3.29
27267,4.16,3.7,3.86,3.97,3.61
27356,4.45,3.94,4.22,4.25,3.99
27389,4.18,3.74,3.94,4.0,3.67
27421,2.79,2.3,2.57,2.59,2.34
27424,3.65,3.18,3.46,3.48,3.17
27443,4.05,3.58,3.84,3.87,3.56
27486,2.99,2.51,2.78,2.81,2.51
27493,3.18,2.7,3.0,3.01,2.71
27509,3.61,3.13,3.41,3.43,3.15
27555,3.98,3.52,3.75,3.79,3.49
27557,2.86,2.36,2.69,2.65,2.42
27583,3.77,3.24,3.39,3.51,3.28
27585,4.79,4.31,4.59,4.62,4.31
27629,4.55,4.09,4.26,4.34,4.02
27645,3.95,3.46,3.73,3.76,3.47
27659,4.09,3.6,3.9,3.91,3.63
27706,3.9,3.35,3.55,3.63,3.45
27756,3.99,3.47,3.6,3.73,3.46
27798,3.08,2.59,2.84,2.88,2.61
27813,3.35,2.87,3.17,3.17,2.89
27832,2.49,2.05,2.28,2.33,1.99
27864,4.53,4.03,4.24,4.28,4.12
27914,2.28,1.8,2.11,2.11,1.8
27954,3.66,3.16,3.45,3.46,3.18
27973,5.01,4.58,4.74,4.83,4.47
27980,3.62,3.16,3.38,3.43,3.12
27991,2.61,2.11,2.35,2.38,2.18
28061,2.87,2.36,2.63,2.65,2.41
28067,4.33,3.83,4.09,4.11,3.86
28113,3.19,2.77,2.98,3.02,2.65
28116,2.85,2.39,2.62,2.66,2.36
28122,3.69,3.21,3.5,3.52,3.23
28128,3.96,3.56,3.76,3.81,3.43
28136,5.14,4.62,4.82,4.88,4.66
28144,3.26,2.8,3.0,3.06,2.74
28185,3.54,3.08,3.31,3.36,3.02
28186,3.62,3.19,3.39,3.45,3.08
28227,3.71,3.24,3.45,3.52,3.2
28236,3.11,2.67,2.92,2.95,2.6
28259,4.27,3.81,4.02,4.08,3.78
28307,4.03,3.59,3.78,3.83,3.51
28342,3.45,2.96,3.25,3.26,2.98
28346,2.67,2.19,2.47,2.49,2.23
28360,2.76,2.26,2.49,2.55,2.29
28386,3.97,3.49,3.76,3.78,3.49
28402,4.19,3.73,4.0,4.02,3.69
28407,3.11,2.64,2.86,2.92,2.61
28457,3.84,3.4,3.64,3.69,3.3
28468,3.25,2.74,3.03,3.06,2.8
28500,3.98,3.53,3.75,3.82,3.47
28522,3.9,3.45,3.68,3.73,3.39
28542,4.09,3.58,3.82,3.87,3.63
28564,4.06,3.64,3.83,3.9,3.51
28605,3.07,2.56,2.83,2.86,2.63
28613,3.87,3.43,3.69,3.71,3.37
28725,2.48,1.97,2.23,2.27,2.02
28747,4.4,3.97,4.15,4.26,3.81
28767,3.15,2.65,2.84,2.93,2.64
28776,2.86,2.37,2.59,2.63,2.42
28788,3.62,3.13,3.46,3.44,3.17
28791,3.87,3.38,3.65,3.67,3.41
28819,2.5,2.01,2.29,2.3,2.03
28829,2.61,2.14,2.39,2.43,2.11
28857,2.56,2.11,2.27,2.36,1.99
28879,4.71,4.18,4.56,4.51,4.3
28923,3.16,2.64,2.9,2.95,2.68
28932,3.18,2.72,2.97,2.99,2.69
28943,4.0,3.52,3.78,3.8,3.52
28957,3.25,2.81,3.01,3.07,2.72
28962,4.13,3.71,3.91,3.97,3.57
28992,4.44,3.98,4.21,4.28,3.97
29017,3.42,2.92,3.21,3.21,2.98
29027,4.05,3.55,3.78,3.85,3.59
29031,3.87,3.41,3.67,3.7,3.37
29044,3.66,3.26,3.44,3.51,3.09
29054,3.3,2.8,3.05,3.09,2.83
29062,4.01,3.56,3.82,3.84,3.52
29066,3.08,2.6,2.87,2.89,2.6
29104,4.21,3.72,3.95,3.96,3.84
29105,4.3,3.79,4.09,4.08,3.85
29143,2.61,2.14,2.35,2.42,2.1
29187,2.7,2.25,2.48,2.52,2.21
29191,4.19,3.76,3.96,4.01,3.65
29198,3.42,3.02,3.24,3.29,2.89
29222,3.94,3.46,3.75,3.76,3.49
29235,3.8,3.4,3.63,3.66,3.26
29236,4.83,4.34,4.58,4.63,4.33
29247,3.7,3.21,3.5,3.51,3.23
29267,2.95,2.5,2.71,2.77,2.44
29304,4.92,4.47,4.69,4.76,4.39
29317,4.87,4.44,4.58,4.68,4.32
29322,3.67,3.19,3.39,3.48,3.17
29371,3.18,2.68,2.95,2.97,2.73
29397,3.21,2.77,3.02,3.04,2.74
29424,2.12,1.7,1.91,1.96,1.6
29443,2.08,1.61,1.9,1.91,1.61
29505,2.11,1.59,1.83,1.83,1.75
29532,3.93,3.43,3.67,3.71,3.46
29535,4.32,3.85,4.11,4.15,3.82
29582,4.07,3.64,3.83,3.89,3.55
29611,2.22,1.72,1.96,2.02,1.73
29679,3.57,3.06,3.42,3.39,3.13
29715,3.81,3.32,3.59,3.63,3.35
29722,2.67,2.24,2.44,2.5,2.13
29724,3.03,2.56,2.81,2.85,2.55
29741,3.48,2.96,3.21,3.25,3.03
29751,4.33,3.91,4.05,4.15,3.76
29755,3.99,3.5,3.76,3.76,3.54
29759,3.61,3.1,3.35,3.4,3.12
29768,3.49,3.04,3.33,3.35,2.98
29802,2.79,2.35,2.57,2.62,2.28
29845,3.2,2.71,2.98,3.01,2.73
29856,3.5,3.02,3.26,3.31,2.99
29880,2.71,2.25,2.46,2.52,2.2
29908,3.75,3.21,3.41,3.5,3.28
29910,1.43,0.94,1.2,1.23,0.94
29915,3.81,3.39,3.68,3.69,3.33
29920,4.0,3.52,3.76,3.8,3.52
29964,4.76,4.31,4.47,4.58,4.19
29979,3.36,2.91,3.14,3.18,2.85
30030,3.55,3.08,3.3,3.34,3.06
30033,3.3,2.78,3.08,3.08,2.87
30053,2.51,2.05,2.28,2.34,2.01
30076,3.37,2.91,3.14,3.18,2.89
30078,3.56,3.1,3.37,3.39,3.08
30089,2.08,1.59,1.9,1.9,1.62
30099,3.46,3.0,3.22,3.28,2.96
30185,3.74,3.26,3.55,3.57,3.26
30196,3.23,2.75,3.02,3.03,2.77
30234,3.48,3.02,3.25,3.29,3.0
30252,4.75,4.24,4.52,4.51,4.35
30340,5.38,4.93,5.17,5.2,4.89
30344,3.17,2.75,2.96,3.02,2.62
30377,3.87,3.4,3.67,3.7,3.4
30411,2.39,1.94,2.17,2.2,1.89
30426,4.58,4.07,4.4,4.38,4.16
30501,3.27,2.78,3.01,3.06,2.77
30506,4.95,4.5,4.77,4.8,4.43
30539,3.08,2.64,2.87,2.91,2.59
30574,3.28,2.81,3.09,3.1,2.8
30587,4.04,3.54,3.85,3.85,3.58
30596,2.87,2.41,2.68,2.7,2.39
30598,3.59,3.11,3.35,3.4,3.09
30619,3.66,3.22,3.44,3.48,3.13
30678,3.34,2.88,3.09,3.16,2.83
30703,2.99,2.57,2.79,2.84,2.47
30784,4.09,3.66,3.89,3.94,3.57
30787,3.63,3.13,3.36,3.41,3.14
30840,3.78,3.33,3.49,3.58,3.22
30864,3.7,3.26,3.51,3.56,3.15
30866,4.31,3.8,4.09,4.1,3.88
30945,3.56,3.12,3.37,3.4,3.06
31030,4.59,4.11,4.39,4.42,4.12
31056,3.26,2.86,3.0,3.07,2.66
31105,4.17,3.72,4.01,4.02,3.69
31107,4.18,3.76,3.99,4.04,3.63
31112,3.56,3.08,3.35,3.38,3.08
31116,4.0,3.53,3.77,3.81,3.51
31189,4.2,3.71,3.96,4.0,3.74
31196,3.95,3.44,3.71,3.75,3.49
31209,2.66,2.23,2.45,2.49,2.15
31241,4.01,3.54,3.77,3.82,3.52
31322,3.5,3.1,3.24,3.34,2.9
31375,3.19,2.67,2.95,2.98,2.73
31419,3.09,2.6,2.87,2.91,2.6
31438,4.57,4.13,4.39,4.41,4.06
31442,2.65,2.22,2.4,2.46,2.12
31526,3.67,3.21,3.42,3.48,3.14
31563,3.89,3.34,3.71,3.68,3.49
31577,2.27,1.83,2.09,2.13,1.76
31582,3.99,3.55,3.75,3.79,3.49
31617,2.24,1.78,2.05,2.06,1.74
31622,4.29,3.93,4.07,4.16,3.7
31627,3.8,3.32,3.6,3.61,3.35
31642,2.69,2.22,2.52,2.52,2.23
31651,4.04,3.55,3.85,3.86,3.59
31675,4.65,4.18,4.42,4.48,4.16
31725,2.23,1.73,2.01,2.03,1.76
31730,2.57,2.13,2.34,2.39,2.04
31790,2.74,2.25,2.43,2.52,2.24
31852,3.06,2.6,2.8,2.86,2.57
31859,3.57,3.13,3.31,3.39,3.01
31877,3.63,3.14,3.38,3.42,3.14
31931,3.77,3.28,3.55,3.59,3.29
31936,3.95,3.46,3.74,3.75,3.51
31968,3.59,3.06,3.41,3.39,3.17
31999,4.19,3.68,3.93,3.96,3.71
32035,3.28,2.82,3.07,3.11,2.79
32039,4.04,3.53,3.8,3.83,3.55
32040,3.88,3.4,3.67,3.71,3.4
32041,3.85,3.4,3.55,3.64,3.31
32052,2.83,2.34,2.62,2.64,2.37
32083,2.99,2.58,2.76,2.81,2.43
32089,3.38,2.92,3.16,3.21,2.89
32109,5.01,4.54,4.8,4.83,4.52
32116,3.68,3.24,3.5,3.51,3.21
32134,3.5,3.01,3.19,3.27,3.02
32140,5.03,4.61,4.78,4.85,4.47
32162,2.95,2.5,2.68,2.77,2.39
32205,4.67,4.19,4.43,4.47,4.17
32210,3.42,2.92,3.21,3.21,2.99
32233,3.07,2.59,2.8,2.87,2.56
32272,3.67,3.22,3.46,3.5,3.17
32289,4.11,3.64,3.95,3.96,3.64
32306,2.85,2.35,2.65,2.66,2.39
32309,3.09,2.65,2.87,2.92,2.57
32322,2.85,2.38,2.64,2.67,2.36
32331,3.1,2.61,2.89,2.92,2.64
32333,1.63,1.19,1.43,1.46,1.1
32345,3.07,2.6,2.83,2.87,2.58
32355,3.85,3.37,3.67,3.69,3.39
32400,4.32,3.88,4.08,4.12,3.79
32403,3.14,2.65,2.96,2.96,2.69
32433,1.66,1.19,1.45,1.47,1.18
32442,3.08,2.61,2.86,2.89,2.6
32453,3.17,2.68,2.97,2.98,2.71
32471,4.33,3.86,4.12,4.15,3.83
32477,4.98,4.52,4.75,4.8,4.48
32546,3.32,2.86,3.05,3.12,2.82
32564,2.55,2.09,2.28,2.34,2.05
32565,3.29,2.88,3.08,3.15,2.74
32577,4.06,3.61,3.81,3.88,3.55
32616,3.56,3.04,3.21,3.31,3.07
32622,3.01,2.52,2.75,2.8,2.52
32689,3.57,3.1,3.3,3.36,3.08
32700,4.63,4.22,4.42,4.49,4.08
32702,3.28,2.81,3.07,3.1,2.8
32712,4.08,3.61,3.81,3.88,3.57
32720,3.72,3.28,3.5,3.56,3.19
32740,4.73,4.29,4.48,4.55,4.19
32794,2.34,1.92,2.15,2.18,1.82
32813,3.05,2.54,2.8,2.84,2.59
32815,3.01,2.57,2.81,2.84,2.52
32880,1.71,1.23,1.47,1.51,1.22
32907,2.33,1.86,2.13,2.14,1.87
32931,1.8,1.33,1.62,1.64,1.3
32964,2.6,2.11,2.36,2.37,2.16
32977,4.32,3.85,4.08,4.14,3.81
33031,3.12,2.64,2.88,2.89,2.73
33058,3.21,2.73,2.96,3.02,2.71
33083,2.79,2.36,2.55,2.6,2.27
33097,4.0,3.54,3.79,3.83,3.5
33111,3.77,3.32,3.55,3.59,3.26
33137,3.17,2.7,2.96,2.98,2.69
33158,4.2,3.72,3.98,4.0,3.75
33185,4.62,4.14,4.41,4.43,4.14
33193,2.91,2.45,2.72,2.74,2.43
33198,4.07,3.57,3.87,3.86,3.65
33242,1.81,1.29,1.57,1.6,1.36
33250,2.94,2.44,2.72,2.74,2.46
33273,4.01,3.54,3.8,3.84,3.52
33278,2.2,1.71,2.0,2.01,1.74
33304,2.63,2.17,2.44,2.46,2.16
33357,3.1,2.66,2.89,2.93,2.57
33391,4.52,4.04,4.27,4.29,4.05
33418,3.22,2.74,2.98,3.04,2.72
33423,2.94,2.52,2.73,2.78,2.41
33424,3.41,2.93,3.16,3.21,2.93
33428,3.93,3.49,3.74,3.78,3.44
33431,3.82,3.33,3.51,3.59,3.33
33463,3.1,2.63,2.9,2.91,2.63
33464,2.98,2.51,2.76,2.79,2.49
33529,3.18,2.71,2.97,3.0,2.71
33532,3.94,3.42,3.7,3.73,3.49
33567,3.32,2.86,3.07,3.14,2.79
33584,3.0,2.51,2.83,2.82,2.55
33585,3.51,3.02,3.28,3.32,3.05
33586,4.07,3.54,3.74,3.81,3.63
33598,3.33,2.85,3.15,3.16,2.88
33689,3.89,3.38,3.68,3.69,3.44
33703,3.09,2.62,2.89,2.9,2.61
33739,3.64,3.19,3.37,3.45,3.11
33760,3.24,2.78,3.02,3.07,2.73
33777,3.63,3.23,3.46,3.5,3.11
33780,4.04,3.55,3.85,3.86,3.57
33787,3.2,2.74,3.0,3.03,2.69
33814,3.16,2.71,2.96,2.99,2.68
33832,4.95,4.52,4.68,4.77,4.38
33859,3.69,3.26,3.45,3.52,3.17
33896,4.56,4.05,4.33,4.36,4.09
33899,3.28,2.84,3.1,3.13,2.79
33967,3.9,3.44,3.72,3.75,3.42
33977,1.88,1.41,1.67,1.72,1.37
33993,2.67,2.23,2.45,2.5,2.17
34019,4.63,4.17,4.39,4.44,4.13
34022,3.59,3.12,3.36,3.4,3.1
34041,3.33,2.84,3.15,3.14,2.88
34049,4.15,3.64,3.97,3.95,3.71
34072,1.76,1.3,1.5,1.55,1.27
34081,3.78,3.3,3.59,3.6,3.31
34131,3.88,3.41,3.67,3.69,3.42
34210,3.69,3.16,3.43,3.46,3.25
34263,2.06,1.53,1.71,1.79,1.61
34275,3.19,2.61,2.78,2.89,2.76
34285,4.84,4.36,4.57,4.64,4.32
34290,3.0,2.52,2.76,2.8,2.5
34322,3.57,3.1,3.34,3.4,3.08
34381,4.41,3.95,4.14,4.22,3.87
34390,4.81,4.28,4.54,4.59,4.38
34395,3.98,3.36,3.51,3.66,3.54
34402,3.11,2.69,2.9,2.96,2.58
34409,4.39,3.91,4.14,4.18,3.91
34438,2.69,2.21,2.45,2.49,2.22
34459,4.27,3.82,4.11,4.12,3.79
34488,4.3,3.82,4.05,4.1,3.81
34502,3.49,3.04,3.26,3.32,2.96
34529,4.53,4.08,4.36,4.37,4.04
34540,3.58,3.12,3.36,3.4,3.08
34552,3.16,2.72,2.96,3.0,2.65
34577,2.99,2.54,2.76,2.81,2.47
34582,2.41,1.95,2.19,2.21,1.94
34586,3.81,3.36,3.59,3.62,3.32
34598,3.52,3.02,3.3,3.29,3.09
34645,3.16,2.66,2.95,2.96,2.7
34703,4.15,3.65,4.0,3.98,3.72
34747,2.73,2.25,2.5,2.53,2.26
34750,3.44,2.94,3.23,3.24,2.98
34764,4.68,4.18,4.43,4.45,4.24
34772,3.53,3.08,3.3,3.36,3.02
34784,1.47,0.97,1.2,1.25,0.98
34801,3.38,2.9,3.16,3.2,2.88
34819,4.54,4.02,4.15,4.28,4.04
34845,3.64,3.15,3.44,3.45,3.19
34859,2.85,2.37,2.58,2.64,2.35
34867,3.15,2.69,2.97,3.0,2.67
34887,2.98,2.5,2.81,2.81,2.51
34902,3.83,3.34,3.69,3.66,3.41
34942,3.09,2.65,2.92,2.93,2.6
34947,2.58,2.07,2.38,2.39,2.12
34966,2.75,2.28,2.49,2.56,2.23
34970,4.3,3.84,4.05,4.11,3.8
34984,3.71,3.24,3.44,3.5,3.21
35003,2.27,1.8,2.0,2.06,1.77
35021,4.18,3.69,3.96,3.97,3.69
35038,3.75,3.28,3.58,3.59,3.28
35046,3.59,3.11,3.37,3.39,3.13
35168,3.46,3.0,3.26,3.31,2.94
35172,4.32,3.82,4.14,4.14,3.85
35188,3.79,3.31,3.59,3.61,3.33
35219,1.7,1.23,1.48,1.51,1.21
35237,2.99,2.49,2.7,2.76,2.5
35256,2.95,2.5,2.7,2.77,2.43
35263,2.95,2.44,2.73,2.73,2.53
35267,3.65,3.19,3.46,3.48,3.18
35273,4.15,3.71,3.89,3.97,3.62
35286,4.43,3.91,4.14,4.22,3.97
35308,3.57,3.13,3.33,3.38,3.08
35365,2.6,2.12,2.37,2.4,2.13
35402,4.13,3.64,3.87,3.9,3.67
35419,4.01,3.5,3.74,3.79,3.54
35428,3.74,3.29,3.52,3.57,3.23
35450,3.27,2.77,3.01,3.05,2.8
35506,4.4,3.93,4.2,4.24,3.92
35508,2.95,2.49,2.76,2.8,2.45
35537,3.76,3.25,3.57,3.58,3.3
35661,3.49,2.99,3.22,3.28,3.0
35727,3.46,3.01,3.25,3.3,2.95
35740,3.96,3.47,3.71,3.75,3.48
35832,3.04,2.58,2.78,2.85,2.52
35855,2.03,1.59,1.79,1.85,1.5
35899,3.88,3.46,3.63,3.72,3.31
35916,4.86,4.45,4.67,4.72,4.31
35984,4.03,3.58,3.81,3.84,3.51
36016,4.15,3.68,3.89,3.95,3.66
36150,3.25,2.8,3.03,3.08,2.75
36152,3.85,3.41,3.59,3.68,3.3
36167,3.43,2.99,3.18,3.25,2.89
36199,3.0,2.53,2.81,2.81,2.56
36204,2.99,2.5,2.77,2.81,2.52
36213,2.49,2.01,2.24,2.29,2.0
36258,2.52,2.05,2.3,2.35,2.02
36274,2.58,2.13,2.35,2.4,2.08
36299,3.83,3.38,3.6,3.63,3.36
36306,3.01,2.56,2.8,2.85,2.51
36313,3.84,3.38,3.61,3.66,3.34
36314,2.09,1.66,1.86,1.91,1.57
36355,3.4,2.91,3.18,3.18,2.96
36356,4.81,4.35,4.54,4.58,4.31
36364,2.85,2.39,2.58,2.66,2.32
36371,3.9,3.44,3.76,3.76,3.44
36381,4.29,3.81,4.13,4.1,3.85
36412,2.94,2.45,2.77,2.76,2.49
36445,4.32,3.79,4.07,4.07,3.95
36453,3.56,3.03,3.19,3.3,3.08
36564,3.6,3.15,3.36,3.42,3.08
36580,4.24,3.77,3.91,4.04,3.67
36586,4.07,3.62,3.87,3.87,3.66
36603,3.92,3.41,3.68,3.71,3.45
36609,3.14,2.63,2.93,2.93,2.69
36619,3.02,2.59,2.85,2.88,2.51
36655,3.35,2.88,3.05,3.14,2.82
36679,2.18,1.73,1.99,2.01,1.69
36710,3.48,3.02,3.29,3.32,2.98
36733,3.88,3.44,3.64,3.71,3.33
36754,3.76,3.29,3.55,3.58,3.27
36813,3.1,2.62,2.89,2.91,2.63
36818,3.56,3.13,3.33,3.39,3.02
36841,1.6,1.14,1.37,1.39,1.13
36854,3.27,2.81,3.08,3.1,2.8
36869,3.67,3.14,3.37,3.41,3.22
36880,4.37,3.91,4.14,4.18,3.87
36913,4.02,3.51,3.75,3.8,3.54
36955,3.36,2.88,3.11,3.15,2.88
37010,3.49,3.02,3.24,3.29,2.99
37035,1.91,1.44,1.7,1.72,1.43
37039,3.62,3.12,3.32,3.39,3.14
37044,3.85,3.35,3.58,3.62,3.39
37058,2.7,2.25,2.47,2.52,2.19
37066,3.58,3.08,3.42,3.41,3.13
37121,3.03,2.56,2.84,2.86,2.55
37163,4.23,3.8,4.0,4.06,3.7
37179,2.31,1.81,2.09,2.11,1.83
37205,2.91,2.46,2.72,2.73,2.45
37253,3.04,2.57,2.83,2.87,2.54
37257,3.74,3.28,3.51,3.56,3.22
37259,3.93,3.47,3.72,3.75,3.46
37271,3.68,3.22,3.48,3.52,3.19
37288,3.62,3.15,3.39,3.44,3.13
37308,3.35,2.91,3.13,3.16,2.84
37324,3.68,3.2,3.48,3.5,3.22
37329,3.08,2.6,2.87,2.9,2.6
37334,3.12,2.64,2.9,2.93,2.64
37345,4.15,3.62,3.86,3.93,3.72
37427,4.27,3.8,4.0,4.05,3.77
37432,3.81,3.3,3.61,3.6,3.36
37437,3.63,3.16,3.45,3.48,3.14
37463,3.97,3.46,3.78,3.77,3.54
37464,3.78,3.33,3.53,3.59,3.25
37517,3.02,2.53,2.81,2.83,2.57
37522,4.12,3.65,3.89,3.94,3.62
37552,3.05,2.67,2.8,2.89,2.47
37565,3.62,3.13,3.45,3.45,3.18
37615,3.39,2.96,3.22,3.24,2.88
37619,3.8,3.32,3.53,3.61,3.3
37642,3.89,3.4,3.57,3.68,3.36
37646,2.85,2.37,2.66,2.68,2.39
37654,3.57,3.14,3.35,3.39,3.04
37683,3.79,3.29,3.61,3.59,3.33
37698,3.42,2.9,3.2,3.21,2.99
37715,3.5,2.99,3.23,3.28,3.04
37723,3.19,2.74,2.97,3.01,2.69
37790,2.62,2.17,2.39,2.44,2.11
37810,3.87,3.45,3.69,3.73,3.34
37830,2.76,2.33,2.54,2.59,2.22
37847,2.38,1.92,2.18,2.21,1.91
37940,3.51,3.06,3.29,3.35,2.99
37943,3.02,2.57,2.86,2.87,2.54
37993,3.38,2.9,3.16,3.2,2.89
38020,3.26,2.77,3.07,3.09,2.8
38061,3.23,2.79,2.97,3.05,2.69
38076,2.53,2.03,2.36,2.37,2.06
38105,3.1,2.65,2.87,2.93,2.59
38137,3.04,2.56,2.89,2.88,2.58
38169,4.22,3.76,4.05,4.07,3.74
38174,2.75,2.26,2.47,2.53,2.3
38186,3.18,2.72,2.94,2.99,2.7
38202,4.68,4.25,4.44,4.52,4.14
38225,3.39,2.9,3.18,3.2,2.92
38348,2.54,2.04,2.3,2.34,2.07
38384,4.63,4.18,4.4,4.44,4.12
38440,3.45,2.95,3.25,3.26,2.98
38447,3.96,3.41,3.72,3.72,3.55
38533,3.55,3.1,3.34,3.38,3.06
38538,3.81,3.29,3.61,3.61,3.35
38557,3.82,3.35,3.58,3.62,3.32
38579,2.55,2.09,2.36,2.39,2.04
38587,4.66,4.21,4.44,4.47,4.16
38589,4.49,3.99,4.36,4.31,4.06
38602,3.65,3.17,3.33,3.43,3.11
38612,2.67,2.22,2.45,2.49,2.15
38628,2.84,2.36,2.62,2.65,2.36
38668,2.14,1.66,1.94,1.96,1.68
38694,3.8,3.33,3.6,3.64,3.32
38709,4.32,3.76,3.97,4.04,3.89
38710,2.27,1.81,2.06,2.09,1.77
38720,3.65,3.2,3.43,3.49,3.11
38727,3.41,2.97,3.22,3.27,2.89
38754,4.57,4.1,4.4,4.4,4.1
38757,4.15,3.69,3.95,3.99,3.66
38774,3.36,2.9,3.16,3.17,2.88
38797,3.7,3.22,3.47,3.5,3.23
38885,3.77,3.23,3.51,3.54,3.32
38886,2.62,2.16,2.43,2.45,2.13
38918,3.45,2.97,3.17,3.25,2.93
38922,3.15,2.7,2.94,2.97,2.64
38964,3.83,3.36,3.58,3.64,3.33
38986,3.32,2.82,3.11,3.13,2.85
39008,2.39,1.9,2.19,2.22,1.91
39028,3.67,3.2,3.44,3.48,3.18
39034,3.91,3.49,3.7,3.74,3.39
39050,3.49,3.0,3.24,3.3,3.01
39189,4.05,3.56,3.85,3.86,3.58
39253,4.08,3.63,3.86,3.9,3.58
39284,2.1,1.6,1.87,1.89,1.63
39324,3.58,3.08,3.39,3.38,3.16
39335,3.68,3.14,3.46,3.47,3.24
39381,1.76,1.27,1.52,1.56,1.28
39383,2.87,2.43,2.65,2.71,2.36
39417,4.45,4.01,4.2,4.27,3.92
39520,2.78,2.33,2.49,2.57,2.25
39552,2.93,2.43,2.72,2.73,2.48
39554,1.67,1.21,1.45,1.5,1.17
39559,2.42,1.96,2.15,2.22,1.89
39582,4.26,3.85,4.05,4.11,3.7
39620,4.84,4.46,4.62,4.71,4.27
39644,3.37,2.88,3.16,3.18,2.9
39670,3.59,3.09,3.31,3.36,3.15
39726,3.4,2.94,3.19,3.23,2.9
39731,1.58,1.12,1.37,1.4,1.07
39740,3.33,2.82,3.07,3.11,2.87
39796,3.34,2.83,3.14,3.17,2.89
39872,1.75,1.3,1.53,1.58,1.24
39889,3.19,2.73,2.98,3.02,2.7
39910,3.72,3.27,3.52,3.56,3.22
39911,3.43,2.97,3.22,3.24,2.95
39934,3.37,2.9,3.13,3.18,2.89
40016,3.8,3.28,3.63,3.62,3.36
40086,4.16,3.68,3.93,3.97,3.69
40094,3.82,3.41,3.6,3.67,3.28
40098,3.78,3.33,3.54,3.6,3.26
40107,3.52,3.04,3.22,3.3,2.99
40140,2.85,2.37,2.63,2.67,2.37
40236,4.55,4.12,4.26,4.35,3.97
40250,3.83,3.36,3.63,3.66,3.36
40295,4.34,3.79,4.14,4.11,3.94
40325,2.96,2.47,2.71,2.77,2.48
40374,4.27,3.79,4.07,4.09,3.82
40395,3.52,3.03,3.34,3.36,3.08
40443,3.53,3.03,3.36,3.36,3.06
40452,3.14,2.64,2.95,2.93,2.68
40486,3.16,2.68,2.93,2.97,2.68
40510,3.19,2.72,2.99,3.03,2.7
40522,4.06,3.59,3.85,3.88,3.58
40539,3.93,3.44,3.68,3.75,3.45
40550,2.89,2.36,2.54,2.63,2.41
40555,2.84,2.35,2.63,2.66,2.36
40561,3.28,2.82,3.06,3.08,2.8
40575,3.82,3.36,3.64,3.65,3.34
40600,2.11,1.65,1.88,1.93,1.62
40654,4.25,3.81,4.05,4.09,3.75
40662,4.53,4.06,4.31,4.34,4.04
40675,4.35,3.88,4.15,4.17,3.86
40706,3.93,3.46,3.68,3.73,3.44
40739,4.44,3.99,4.23,4.25,3.95
40752,3.18,2.69,3.0,3.02,2.71
40766,2.02,1.53,1.79,1.82,1.53
40794,4.62,4.18,4.41,4.45,4.1
40799,3.36,2.93,3.13,3.2,2.81
40856,2.37,1.93,2.17,2.22,1.85
40873,3.49,3.0,3.25,3.3,3.01
40884,3.84,3.4,3.64,3.68,3.34
40901,2.88,2.43,2.67,2.72,2.38
40936,3.11,2.65,2.86,2.92,2.62
40959,4.51,4.07,4.36,4.37,4.02
40964,3.55,3.08,3.36,3.37,3.08
41006,3.21,2.73,3.01,3.02,2.74
41038,4.53,4.05,4.29,4.31,4.06
41132,3.03,2.58,2.8,2.84,2.53
41149,3.23,2.74,3.02,3.04,2.78
41171,2.96,2.47,2.75,2.76,2.5
41229,3.21,2.78,2.96,3.03,2.65
41241,2.88,2.42,2.68,2.71,2.4
41365,3.44,2.94,3.22,3.25,2.97
41396,4.09,3.65,3.83,3.9,3.55
41407,4.15,3.6,3.91,3.88,3.78
41411,3.99,3.54,3.76,3.84,3.46
41434,4.16,3.66,3.96,3.96,3.71
41439,2.99,2.55,2.8,2.83,2.5
41440,4.51,3.99,4.23,4.3,4.03
41466,4.04,3.6,3.84,3.88,3.56
41470,3.31,2.87,3.12,3.15,2.78
41518,4.23,3.69,4.04,4.02,3.8
41520,2.74,2.27,2.52,2.57,2.24
41537,3.94,3.49,3.68,3.74,3.42
41551,2.04,1.58,1.77,1.84,1.53
41561,2.97,2.5,2.75,2.78,2.48
41636,4.36,3.89,4.07,4.17,3.83
41657,4.28,3.88,4.05,4.11,3.72
41664,1.76,1.29,1.5,1.56,1.26
41683,3.76,3.3,3.56,3.58,3.27
41699,3.92,3.47,3.65,3.73,3.4
41705,3.42,2.93,3.24,3.25,2.97
41725,4.48,3.96,4.25,4.25,4.04
41747,3.99,3.52,3.78,3.82,3.5
41759,2.98,2.54,2.72,2.8,2.44
41772,4.55,4.02,4.22,4.27,4.11
41798,4.07,3.58,3.83,3.86,3.58
41826,2.99,2.53,2.75,2.8,2.49
41861,3.99,3.53,3.76,3.81,3.49
41907,3.66,3.21,3.44,3.47,3.14
41953,2.91,2.45,2.68,2.73,2.41
42000,3.17,2.71,2.99,3.0,2.69
42010,2.89,2.42,2.71,2.74,2.41
42045,4.08,3.58,3.89,3.88,3.65
42070,2.94,2.49,2.75,2.8,2.45
42079,3.1,2.67,2.91,2.95,2.6
42090,2.2,1.73,1.98,2.01,1.72
42099,3.58,3.11,3.29,3.37,3.06
42130,3.44,2.92,3.14,3.21,2.95
42167,4.42,3.95,4.18,4.24,3.92
42214,3.6,3.19,3.38,3.43,3.07
42240,4.25,3.76,4.01,4.06,3.76
42250,3.67,3.19,3.49,3.48,3.21
42313,3.75,3.24,3.51,3.56,3.28
42316,4.51,4.08,4.28,4.35,3.96
42329,4.62,4.13,4.44,4.45,4.17
42333,3.47,2.97,3.27,3.27,3.03
42367,3.57,3.08,3.35,3.37,3.1
42379,3.05,2.6,2.83,2.88,2.55
42424,4.13,3.6,3.97,3.94,3.7
42439,3.39,2.93,3.18,3.21,2.9
42445,3.32,2.87,3.04,3.14,2.77
42449,4.21,3.69,3.99,4.01,3.78
42453,4.86,4.43,4.61,4.67,4.32
42499,4.3,3.8,4.11,4.12,3.85
42503,5.04,4.52,4.84,4.83,4.62
42505,2.48,2.01,2.21,2.28,1.96
42590,3.94,3.45,3.72,3.74,3.47
42602,4.62,4.17,4.4,4.45,4.13
42607,3.31,2.83,3.07,3.11,2.83
42651,3.17,2.68,2.95,2.98,2.7
42664,4.4,3.87,4.27,4.22,3.99
42692,4.55,4.09,4.32,4.38,4.03
42696,3.91,3.45,3.79,3.77,3.45
42718,2.6,2.11,2.38,2.42,2.13
42748,2.12,1.69,1.9,1.96,1.59
42781,3.11,2.64,2.87,2.92,2.6
42838,2.98,2.55,2.81,2.84,2.48
42843,4.16,3.72,3.91,3.98,3.64
42847,3.84,3.36,3.64,3.67,3.38
42877,1.77,1.32,1.58,1.61,1.28
42910,2.83,2.37,2.56,2.62,2.34
42958,2.91,2.45,2.73,2.75,2.42
43022,2.91,2.44,2.64,2.7,2.41
43075,1.38,0.9,1.13,1.18,0.9
43095,2.94,2.46,2.77,2.76,2.47
43096,2.77,2.27,2.54,2.56,2.33
43125,3.61,3.14,3.39,3.41,3.15
43146,3.13,2.67,2.93,2.95,2.64
43224,3.27,2.8,3.09,3.09,2.78
43259,4.1,3.7,3.92,3.96,3.57
43261,4.19,3.72,3.91,3.98,3.66
43316,2.86,2.39,2.67,2.7,2.37
43319,2.74,2.31,2.55,2.58,2.24
43365,3.98,3.54,3.77,3.81,3.48
43440,3.61,3.14,3.41,3.43,3.12
43486,4.94,4.47,4.77,4.78,4.47
43536,2.83,2.35,2.64,2.67,2.34
43552,2.43,2.0,2.23,2.27,1.93
43657,3.18,2.71,2.98,3.0,2.7
43665,3.83,3.35,3.62,3.65,3.37
43690,2.31,1.82,2.08,2.12,1.84
43705,4.06,3.6,3.87,3.9,3.57
43737,3.61,3.09,3.3,3.37,3.13
43775,3.81,3.35,3.64,3.65,3.34
43827,3.97,3.54,3.69,3.76,3.44
43832,3.78,3.34,3.59,3.6,3.32
43841,3.58,3.1,3.37,3.4,3.11
43847,5.17,4.75,4.94,4.99,4.64
43885,3.4,2.92,3.19,3.21,2.92
43906,4.03,3.54,3.84,3.85,3.58
43939,4.03,3.52,3.86,3.85,3.59
43946,3.39,2.89,3.18,3.2,2.93
43961,3.31,2.85,3.07,3.11,2.83
44058,3.56,3.08,3.38,3.38,3.1
44064,3.95,3.46,3.73,3.75,3.5
44162,3.43,3.0,3.18,3.25,2.9
44164,4.37,3.9,4.16,4.19,3.88
44200,4.16,3.69,3.96,3.98,3.69
44220,2.45,1.98,2.25,2.28,1.98
44222,2.33,1.82,2.09,2.13,1.87
44246,3.17,2.74,2.95,3.01,2.65
44248,3.54,3.05,3.21,3.31,3.04
44262,2.35,1.88,2.1,2.16,1.85
44283,4.46,4.01,4.22,4.27,3.94
44299,3.41,2.93,3.14,3.2,2.95
44371,5.35,4.84,5.05,5.13,4.87
44382,3.79,3.36,3.51,3.61,3.24
44385,3.15,2.68,2.95,2.97,2.68
44388,2.84,2.39,2.67,2.67,2.35
44434,3.12,2.64,2.85,2.92,2.61
44452,4.29,3.84,3.99,4.09,3.74
44478,2.89,2.4,2.69,2.7,2.44
44497,3.15,2.67,2.97,2.98,2.71
44500,4.8,4.3,4.48,4.57,4.29
44550,3.7,3.24,3.53,3.53,3.22
44552,4.23,3.65,3.86,3.92,3.85
44567,3.48,3.07,3.26,3.32,2.94
44608,2.71,2.25,2.55,2.57,2.22
44632,3.92,3.49,3.66,3.75,3.37
44692,2.53,2.05,2.32,2.34,2.06
44711,4.03,3.57,3.85,3.85,3.56
44751,2.7,2.24,2.46,2.5,2.2
44753,3.71,3.26,3.48,3.53,3.19
44755,2.61,2.15,2.35,2.4,2.12
44814,3.53,3.05,3.29,3.34,3.06
44815,3.49,3.01,3.26,3.31,3.0
44828,2.66,2.2,2.45,2.48,2.16
44834,3.96,3.48,3.75,3.78,3.48
44854,3.02,2.52,2.79,2.81,2.56
44880,3.76,3.34,3.54,3.59,3.21
44896,4.11,3.69,3.88,3.94,3.56
44932,3.08,2.62,2.89,2.91,2.61
45026,3.9,3.46,3.67,3.73,3.36
45056,4.27,3.7,3.86,3.95,3.84
45076,1.6,1.14,1.39,1.42,1.11
45080,3.54,3.08,3.34,3.36,3.05
45089,3.79,3.31,3.61,3.62,3.32
45109,1.7,1.24,1.5,1.53,1.2
45155,2.6,2.1,2.36,2.41,2.14
45195,2.92,2.46,2.74,2.76,2.43
45197,4.32,3.82,4.05,4.12,3.83
45214,2.8,2.33,2.59,2.62,2.32
45274,2.85,2.38,2.67,2.69,2.36
45331,2.98,2.51,2.78,2.8,2.49
45361,2.8,2.31,2.54,2.58,2.31
45366,3.14,2.66,2.95,2.97,2.66
45390,3.3,2.78,3.02,3.07,2.84
45392,1.74,1.26,1.53,1.55,1.27
45393,3.98,3.45,3.78,3.77,3.57
45523,3.71,3.24,3.54,3.55,3.23
45535,1.36,0.91,1.15,1.18,0.84
45539,4.08,3.56,3.9,3.89,3.63
45576,3.71,3.29,3.53,3.58,3.21
45609,2.87,2.37,2.66,2.68,2.41
45639,3.74,3.29,3.47,3.55,3.21
45655,2.28,1.83,2.08,2.11,1.79
45771,2.97,2.49,2.75,2.78,2.5
45805,4.23,3.78,4.03,4.06,3.73
45809,4.05,3.61,3.87,3.9,3.54
45858,3.43,2.98,3.19,3.25,2.93
45867,4.66,4.2,4.4,4.46,4.14
45884,4.04,3.55,3.78,3.85,3.53
45902,3.79,3.27,3.57,3.58,3.34
45932,3.85,3.36,3.64,3.66,3.39
45945,3.82,3.31,3.57,3.56,3.45
45979,3.51,3.02,3.28,3.32,3.02
46018,3.73,3.3,3.53,3.58,3.21
46033,3.27,2.82,3.08,3.09,2.77
46051,3.55,3.11,3.3,3.38,3.03
46077,3.01,2.55,2.76,2.82,2.5
46080,3.76,3.29,3.54,3.58,3.27
46106,2.34,1.86,2.15,2.15,1.88
46113,2.8,2.34,2.56,2.61,2.31
46127,3.79,3.31,3.58,3.6,3.31
46173,4.59,4.09,4.34,4.38,4.12
46174,2.81,2.33,2.62,2.65,2.33
46181,2.59,2.12,2.33,2.38,2.12
46195,3.32,2.87,3.06,3.12,2.8
46260,3.03,2.58,2.83,2.87,2.56
46304,4.53,4.09,4.29,4.36,3.99
46312,2.44,1.99,2.21,2.26,1.93
46332,3.81,3.28,3.59,3.58,3.41
46334,3.48,3.03,3.27,3.31,2.99
46426,3.4,2.9,3.18,3.2,2.94
46441,3.92,3.47,3.7,3.75,3.42
46443,3.11,2.65,2.86,2.92,2.58
46461,3.34,2.9,3.13,3.17,2.81
46479,4.0,3.51,3.79,3.81,3.53
46504,3.15,2.67,2.94,2.96,2.68
46518,4.65,4.22,4.47,4.5,4.1
46521,2.91,2.46,2.7,2.74,2.43
46535,3.74,3.27,3.56,3.57,3.27
46600,2.77,2.33,2.51,2.59,2.21
46608,2.74,2.26,2.49,2.52,2.3
46669,3.06,2.63,2.85,2.89,2.55
46672,3.33,2.9,3.15,3.18,2.83
46759,3.96,3.5,3.72,3.78,3.45
46763,3.65,3.16,3.39,3.47,3.14
46766,3.27,2.78,3.12,3.11,2.81
46785,3.41,2.97,3.16,3.24,2.87
46786,4.13,3.65,3.84,3.92,3.62
46794,3.58,3.11,3.42,3.43,3.09
46807,3.58,3.11,3.37,3.41,3.07
46868,2.16,1.67,1.89,1.94,1.69
46898,3.73,3.24,3.52,3.53,3.26
46902,3.8,3.29,3.59,3.6,3.34
46922,4.29,3.83,4.11,4.13,3.81
46951,2.45,1.99,2.17,2.25,1.91
46953,4.76,4.24,4.51,4.54,4.31
46956,4.08,3.61,3.87,3.88,3.63
46965,3.38,2.91,3.13,3.19,2.88
46976,3.0,2.58,2.8,2.86,2.46
47002,4.85,4.39,4.62,4.67,4.36
47004,4.54,4.13,4.31,4.39,3.99
47006,3.4,2.92,3.23,3.24,2.92
47023,2.59,2.11,2.34,2.4,2.09
47027,3.27,2.79,3.05,3.06,2.83
47044,4.78,4.32,4.63,4.6,4.33
47061,3.31,2.84,3.08,3.12,2.82
47123,3.72,3.23,3.5,3.51,3.28
47133,2.68,2.21,2.45,2.48,2.19
47149,2.67,2.19,2.44,2.47,2.18
47152,2.37,1.87,2.18,2.18,1.92
47243,3.55,3.08,3.34,3.35,3.08
47280,4.65,4.15,4.39,4.46,4.15
47322,3.89,3.35,3.67,3.67,3.46
47349,3.2,2.71,2.92,2.99,2.7
47402,3.57,3.09,3.34,3.39,3.09
47405,3.62,3.12,3.38,3.42,3.16
47438,3.61,3.17,3.43,3.48,3.09
47481,2.8,2.26,2.46,2.54,2.34
47482,4.16,3.71,3.94,3.98,3.64
47486,3.5,3.04,3.27,3.31,3.01
47552,3.49,3.02,3.28,3.31,3.01
47562,3.75,3.24,3.47,3.54,3.27
47619,4.74,4.39,4.54,4.62,4.13
47623,4.1,3.62,3.82,3.9,3.58
47635,2.23,1.82,2.0,2.08,1.67
47636,3.28,2.79,3.06,3.1,2.79
47649,3.08,2.6,2.79,2.86,2.57
47663,4.99,4.43,4.68,4.72,4.56
47669,1.59,1.15,1.39,1.42,1.09
47672,3.16,2.68,2.94,2.97,2.68
47694,4.0,3.55,3.75,3.81,3.47
47731,2.6,2.12,2.4,2.42,2.12
47758,3.73,3.28,3.53,3.56,3.23
47801,3.38,2.85,3.19,3.16,2.96
47813,4.48,3.98,4.25,4.27,4.03
47938,4.21,3.74,4.0,4.04,3.72
47942,3.24,2.78,3.02,3.05,2.75
47950,3.26,2.8,3.03,3.08,2.76
47955,4.58,4.11,4.38,4.4,4.11
47957,2.39,1.94,2.2,2.23,1.86
47988,4.18,3.68,4.01,4.01,3.72
48014,3.53,3.06,3.34,3.35,3.07
48037,2.31,1.83,2.08,2.11,1.84
48055,4.14,3.7,3.94,3.96,3.66
48080,3.65,3.17,3.41,3.46,3.16
48112,3.36,2.87,3.17,3.18,2.92
48131,3.04,2.56,2.85,2.86,2.57
48139,3.77,3.3,3.58,3.59,3.29
48202,2.69,2.2,2.45,2.49,2.23
48240,4.57,4.13,4.33,4.4,4.04
48247,4.01,3.51,3.85,3.85,3.56
48253,1.83,1.37,1.62,1.66,1.34
48276,2.37,1.92,2.16,2.2,1.86
48300,3.81,3.38,3.59,3.66,3.25
48302,2.25,1.77,1.99,2.04,1.74
48435,2.49,2.03,2.23,2.29,1.99
48460,3.72,3.26,3.49,3.53,3.23
48513,3.54,3.04,3.35,3.38,3.06
48521,2.45,2.0,2.24,2.29,1.95
48588,1.75,1.28,1.5,1.55,1.27
48597,3.62,3.19,3.42,3.46,3.13
48662,2.47,1.96,2.21,2.25,2.0
48663,2.9,2.42,2.65,2.71,2.4
48694,3.58,3.06,3.33,3.38,3.12
48703,3.58,3.1,3.37,3.4,3.1
48727,4.06,3.61,3.85,3.89,3.56
48728,2.15,1.67,1.96,1.97,1.68
48752,3.71,3.19,3.46,3.5,3.26
48765,3.24,2.79,3.01,3.06,2.74
48766,2.91,2.44,2.69,2.72,2.43
48806,1.84,1.37,1.63,1.66,1.34
48840,4.13,3.64,3.94,3.92,3.7
48872,3.4,2.93,3.14,3.2,2.91
48892,2.0,1.54,1.76,1.81,1.51
48893,3.03,2.55,2.8,2.84,2.54
48910,2.67,2.19,2.45,2.48,2.2
48915,3.09,2.59,2.91,2.91,2.64
48919,3.58,3.14,3.31,3.4,3.04
48927,2.66,2.23,2.45,2.49,2.14
48929,3.49,3.01,3.28,3.31,2.99
48941,3.32,2.87,3.11,3.15,2.82
48949,2.81,2.36,2.62,2.64,2.33
49013,3.68,3.23,3.49,3.51,3.2
49035,3.84,3.47,3.63,3.71,3.24
49037,2.95,2.5,2.71,2.76,2.44
49044,4.17,3.68,3.99,3.99,3.73
49055,2.94,2.46,2.7,2.75,2.47
49110,3.91,3.44,3.67,3.73,3.41
49131,2.88,2.4,2.66,2.69,2.4
49172,3.01,2.5,2.79,2.81,2.54
49184,3.09,2.59,2.87,2.88,2.64
49190,3.4,2.95,3.22,3.24,2.91
49205,2.63,2.19,2.44,2.46,2.13
49209,3.57,3.08,3.29,3.34,3.06
49215,3.11,2.68,2.85,2.94,2.55
49256,2.53,2.08,2.31,2.37,2.04
49260,3.01,2.54,2.82,2.83,2.54
49307,4.09,3.59,3.78,3.87,3.59
49319,3.15,2.69,2.99,2.98,2.67
49352,3.3,2.77,3.06,3.05,2.9
49377,3.01,2.49,2.76,2.79,2.56
49405,3.61,3.13,3.42,3.43,3.16
49428,3.25,2.78,3.07,3.08,2.78
49437,2.57,2.17,2.33,2.41,2.02
49457,2.64,2.17,2.43,2.47,2.16
49486,3.56,3.05,3.33,3.35,3.1
49513,3.09,2.62,2.85,2.89,2.6
49614,2.86,2.37,2.68,2.69,2.39
49661,3.11,2.62,2.95,2.95,2.65
49693,4.47,4.02,4.22,4.28,3.93
49733,2.23,1.77,2.0,2.04,1.73
49760,2.85,2.39,2.61,2.67,2.34
49769,2.8,2.31,2.58,2.61,2.33
49772,4.59,4.11,4.27,4.37,4.07
49775,2.21,1.74,2.0,2.03,1.73
49854,4.38,3.9,4.2,4.21,3.94
49863,3.91,3.49,3.72,3.74,3.42
49891,3.81,3.35,3.59,3.63,3.33
49925,4.09,3.61,3.94,3.92,3.62
49938,3.57,3.09,3.33,3.37,3.09
49960,3.78,3.31,3.53,3.6,3.26
49968,3.8,3.37,3.6,3.63,3.28
49994,2.85,2.37,2.58,2.65,2.35
50020,4.37,3.91,4.09,4.18,3.85
50026,3.49,3.05,3.25,3.3,2.98
50027,3.16,2.64,2.92,2.92,2.76
50030,5.13,4.69,4.86,4.95,4.61
50062,2.57,2.08,2.35,2.37,2.12
50133,3.74,3.2,3.54,3.52,3.31
50149,4.4,3.89,4.19,4.21,3.96
50186,3.39,2.93,3.14,3.2,2.86
50217,3.66,3.23,3.45,3.51,3.13
50267,2.19,1.72,2.0,2.01,1.7
50284,2.69,2.22,2.42,2.48,2.17
50289,3.47,3.0,3.25,3.29,2.99
50294,3.31,2.9,3.09,3.16,2.78
50302,4.75,4.26,4.47,4.53,4.32
50305,2.29,1.82,2.12,2.11,1.82
50316,3.89,3.41,3.68,3.69,3.42
50366,4.17,3.71,3.88,3.97,3.66
50385,4.21,3.75,4.0,4.05,3.73
50426,4.85,4.39,4.62,4.68,4.33
50452,3.81,3.39,3.64,3.67,3.29
50472,4.32,3.82,4.14,4.14,3.89
50494,3.25,2.79,3.0,3.05,2.75
50499,4.65,4.2,4.42,4.47,4.14
50512,3.34,2.87,3.18,3.19,2.88
50554,4.21,3.76,3.92,4.02,3.66
50563,3.58,3.11,3.38,3.42,3.09
50570,3.93,3.43,3.74,3.75,3.48
50583,3.35,2.87,3.07,3.14,2.85
50589,4.25,3.73,4.02,4.01,3.8
50590,2.6,2.1,2.35,2.38,2.12
50602,3.47,3.0,3.25,3.28,2.97
50617,3.8,3.36,3.62,3.62,3.32
50659,3.06,2.56,2.82,2.85,2.58
50667,4.26,3.79,4.06,4.09,3.77
50670,3.75,3.27,3.58,3.58,3.29
50681,3.63,3.16,3.46,3.49,3.14
50687,2.65,2.22,2.39,2.47,2.1
50715,4.01,3.56,3.81,3.84,3.51
50735,1.53,1.03,1.27,1.31,1.06
50818,4.1,3.61,3.94,3.92,3.65
50819,3.94,3.42,3.76,3.76,3.51
50822,3.56,3.1,3.34,3.38,3.07
50834,2.71,2.22,2.41,2.48,2.21
50844,2.95,2.5,2.72,2.76,2.44
50865,4.67,4.23,4.43,4.49,4.15
50882,3.67,3.11,3.46,3.45,3.24
50930,3.63,3.12,3.33,3.4,3.18
51028,4.29,3.82,4.0,4.07,3.77
51029,4.21,3.79,3.97,4.03,3.66
51035,3.54,3.14,3.31,3.39,2.96
51053,3.42,2.97,3.17,3.23,2.9
51108,3.38,2.9,3.09,3.18,2.87
51118,3.9,3.39,3.71,3.73,3.45
51123,3.49,3.06,3.25,3.31,2.97
51133,2.47,2.03,2.19,2.25,1.93
51136,2.03,1.56,1.79,1.82,1.56
51217,1.77,1.29,1.52,1.58,1.26
51403,4.8,4.31,4.56,4.6,4.33
51405,3.44,2.95,3.24,3.25,2.98
51455,5.36,4.96,5.09,5.2,4.75
51459,3.88,3.36,3.7,3.69,3.45
51463,3.1,2.62,2.89,2.91,2.61
51464,3.77,3.33,3.53,3.58,3.25
51466,3.42,2.93,3.24,3.24,2.97
51530,4.18,3.69,4.0,4.01,3.72
51580,3.65,3.17,3.4,3.44,3.16
51592,4.38,3.91,4.16,4.19,3.89
51634,2.26,1.79,1.98,2.05,1.77
51668,3.68,3.26,3.42,3.5,3.12
51671,3.41,2.95,3.19,3.23,2.91
51675,3.66,3.21,3.45,3.48,3.16
51719,3.2,2.73,3.01,3.02,2.72
51722,2.36,1.85,2.11,2.14,1.9
51723,3.76,3.26,3.55,3.57,3.28
51735,3.34,2.83,3.15,3.15,2.9
51783,2.46,2.03,2.29,2.31,1.97
51809,4.54,4.06,4.34,4.38,4.05
51849,3.96,3.48,3.72,3.76,3.47
51854,3.42,2.94,3.16,3.22,2.94
51858,3.95,3.46,3.74,3.76,3.49
51915,3.29,2.79,3.08,3.09,2.83
51957,3.09,2.64,2.87,2.92,2.59
51981,3.68,3.26,3.46,3.52,3.13
51982,3.01,2.55,2.84,2.84,2.54
52029,2.73,2.24,2.47,2.53,2.25
52055,3.26,2.81,3.04,3.07,2.75
52059,3.92,3.4,3.71,3.71,3.48
52075,3.88,3.46,3.68,3.73,3.36
52121,3.46,3.0,3.25,3.28,2.98
52134,4.21,3.67,3.97,3.97,3.77
52155,2.77,2.32,2.58,2.6,2.29
52173,4.34,3.87,4.18,4.18,3.86
52187,3.42,2.94,3.24,3.25,2.98
52203,3.59,3.13,3.37,3.4,3.1
52314,3.75,3.23,3.45,3.51,3.27
52360,2.41,2.0,2.21,2.27,1.86
52367,3.02,2.55,2.84,2.85,2.54
52382,4.52,4.05,4.24,4.31,4.0
52391,4.24,3.73,4.07,4.06,3.79
52427,3.49,3.01,3.22,3.28,2.98
52431,2.68,2.2,2.49,2.5,2.21
52455,4.05,3.61,3.84,3.89,3.54
52470,2.72,2.23,2.5,2.53,2.25
52487,2.71,2.2,2.44,2.49,2.25
52494,3.19,2.7,2.93,2.99,2.68
52544,3.48,2.98,3.24,3.26,3.0
52561,3.83,3.39,3.6,3.66,3.31
52580,3.35,2.86,3.13,3.16,2.87
52587,4.01,3.59,3.78,3.85,3.46
52607,3.39,2.88,3.25,3.21,2.95
52652,2.88,2.37,2.61,2.66,2.41
52667,2.67,2.19,2.42,2.46,2.2
52683,2.81,2.33,2.55,2.6,2.32
52697,3.33,2.84,3.09,3.13,2.86
52751,2.6,2.12,2.34,2.4,2.11
52775,3.78,3.27,3.59,3.59,3.33
52792,3.74,3.26,3.54,3.56,3.26
52798,3.12,2.61,2.97,2.92,2.68
52829,3.12,2.69,2.93,2.98,2.57
52912,3.83,3.39,3.66,3.67,3.33
52933,3.81,3.32,3.59,3.55,3.46
52968,4.32,3.82,4.09,4.1,3.85
52972,3.08,2.63,2.86,2.91,2.57
52981,3.32,2.87,3.08,3.12,2.81
52987,4.04,3.58,3.8,3.85,3.56
52995,2.44,1.98,2.2,2.24,1.95
53084,3.45,2.98,3.24,3.28,2.97
53101,4.55,4.06,4.33,4.35,4.08
53103,4.59,4.1,4.39,4.4,4.13
53141,3.27,2.83,3.04,3.09,2.76
53156,3.25,2.75,3.03,3.04,2.77
53158,4.49,4.0,4.27,4.29,4.03
53223,4.22,3.78,4.0,4.04,3.67
53227,4.67,4.14,4.33,4.42,4.21
53261,2.9,2.39,2.71,2.71,2.45
53278,2.41,1.96,2.18,2.23,1.9
53296,3.89,3.36,3.61,3.65,3.45
53319,3.91,3.41,3.62,3.67,3.42
53322,3.82,3.28,3.55,3.58,3.39
53327,2.38,1.92,2.14,2.2,1.86
53338,3.76,3.29,3.57,3.59,3.29
53363,4.65,4.24,4.49,4.51,4.12
53407,2.0,1.51,1.79,1.79,1.55
53437,3.25,2.79,3.06,3.08,2.79
53445,3.1,2.63,2.8,2.87,2.6
53506,3.93,3.46,3.71,3.75,3.43
53515,3.87,3.41,3.61,3.69,3.36
53567,3.8,3.28,3.59,3.61,3.35
53608,4.12,3.6,3.94,3.92,3.69
53620,3.85,3.4,3.66,3.69,3.34
53621,3.49,3.07,3.3,3.36,2.95
53658,3.09,2.59,2.88,2.87,2.66
53667,3.42,2.93,3.28,3.26,2.97
53708,3.95,3.43,3.73,3.74,3.52
53711,3.52,3.06,3.31,3.33,3.06
53754,3.1,2.63,2.83,2.91,2.57
53771,3.3,2.84,3.09,3.13,2.82
53776,3.8,3.3,3.64,3.62,3.36
53781,3.18,2.73,2.98,3.02,2.66
53786,3.62,3.17,3.39,3.44,3.1
53874,3.82,3.35,3.61,3.64,3.34
54052,4.06,3.56,3.89,3.87,3.61
54063,3.71,3.26,3.5,3.53,3.2
54107,4.19,3.73,4.02,4.0,3.71
54133,3.94,3.52,3.74,3.78,3.43
54167,4.17,3.64,3.83,3.92,3.68
54207,3.72,3.25,3.54,3.55,3.25
54231,2.57,2.05,2.33,2.34,2.11
54284,3.37,2.9,3.16,3.18,2.9
54332,4.77,4.36,4.61,4.64,4.25
54390,3.78,3.26,3.54,3.56,3.33
54409,4.08,3.63,3.84,3.91,3.55
54430,3.92,3.43,3.69,3.73,3.44
54474,3.86,3.35,3.67,3.67,3.42
54489,4.31,3.82,4.04,4.1,3.82
54545,3.92,3.48,3.68,3.74,3.38
54569,1.89,1.41,1.66,1.7,1.39
54591,2.49,2.04,2.27,2.31,1.99
54632,4.43,3.95,4.19,4.24,3.92
54643,3.25,2.75,3.06,3.09,2.78
54651,4.28,3.83,4.05,4.09,3.76
54679,1.79,1.3,1.55,1.6,1.3
54691,3.13,2.59,2.82,2.9,2.67
54719,3.21,2.72,2.98,3.01,2.73
54727,3.54,3.07,3.26,3.35,3.03
54747,1.61,1.13,1.37,1.4,1.12
54759,3.12,2.63,2.95,2.95,2.67
54787,3.57,3.11,3.35,3.38,3.06
54788,3.88,3.43,3.59,3.69,3.32
54796,3.96,3.46,3.74,3.74,3.52
54829,2.97,2.51,2.76,2.8,2.49
54839,4.86,4.37,4.55,4.63,4.37
54844,4.39,3.93,4.11,4.19,3.88
54932,3.55,3.06,3.32,3.38,3.06
54984,4.42,4.02,4.18,4.27,3.84
55002,3.18,2.69,2.99,3.0,2.73
55063,2.74,2.3,2.53,2.58,2.22
55081,3.33,2.91,3.13,3.19,2.77
55093,2.59,2.12,2.37,2.4,2.11
55097,3.75,3.28,3.62,3.61,3.28
55109,3.47,2.97,3.23,3.27,3.0
55110,3.52,3.05,3.3,3.34,3.02
55115,2.89,2.44,2.65,2.72,2.35
55206,2.5,2.03,2.25,2.29,2.01
55213,4.55,4.12,4.33,4.38,4.01
55228,2.76,2.27,2.55,2.59,2.29
55242,4.21,3.76,4.02,4.05,3.71
55251,2.89,2.38,2.63,2.69,2.4
55264,2.79,2.33,2.6,2.63,2.31
55267,4.31,3.81,4.06,4.1,3.85
55274,3.61,3.11,3.35,3.39,3.14
55275,2.41,1.95,2.19,2.24,1.91
55294,4.03,3.6,3.82,3.87,3.5
55299,3.09,2.62,2.85,2.9,2.59
55363,4.4,3.92,4.18,4.21,3.93
55371,3.87,3.36,3.64,3.66,3.42
55388,3.83,3.35,3.63,3.62,3.37
55400,3.53,3.04,3.29,3.34,3.05
55445,3.72,3.21,3.54,3.53,3.27
55468,4.56,4.04,4.36,4.36,4.11
55523,3.38,2.91,3.18,3.19,2.91
55554,3.88,3.4,3.7,3.71,3.42
55561,2.69,2.18,2.48,2.5,2.23
55571,2.62,2.13,2.39,2.42,2.14
55660,2.77,2.3,2.55,2.59,2.28
55693,2.03,1.6,1.8,1.87,1.5
55714,3.58,3.13,3.35,3.42,3.06
55784,4.23,3.75,3.95,4.02,3.72
55824,5.02,4.51,4.82,4.79,4.63
55827,3.01,2.56,2.79,2.84,2.49
55886,3.57,3.16,3.4,3.42,3.06
55998,2.44,2.0,2.25,2.27,1.94
56022,3.13,2.66,2.9,2.94,2.68
56031,3.52,3.07,3.27,3.34,3.01
56119,4.06,3.58,3.87,3.89,3.59
56121,2.93,2.45,2.73,2.75,2.46
56132,3.09,2.61,2.88,2.91,2.61
56181,3.39,2.93,3.18,3.21,2.89
56184,4.61,4.13,4.45,4.42,4.14
56220,3.58,3.14,3.34,3.41,3.04
56235,4.2,3.69,3.97,3.97,3.72
56248,4.14,3.69,3.92,3.97,3.63
56271,4.98,4.48,4.77,4.79,4.52
56273,3.86,3.39,3.61,3.66,3.37
56278,3.38,2.94,3.14,3.19,2.86
56301,4.46,3.97,4.26,4.28,4.0
56375,3.18,2.68,2.98,3.0,2.72
56421,3.51,3.02,3.29,3.33,3.06
56501,4.56,4.13,4.33,4.4,4.01
56515,3.13,2.66,2.96,2.97,2.65
56635,3.78,3.36,3.57,3.63,3.24
56637,2.91,2.44,2.71,2.74,2.42
56676,3.37,2.93,3.18,3.21,2.86
56721,3.61,3.12,3.38,3.4,3.12
56728,3.36,2.92,3.12,3.18,2.83
56734,3.33,2.87,3.1,3.14,2.84
56784,3.49,3.01,3.26,3.29,3.02
56814,2.97,2.51,2.76,2.8,2.48
56838,3.64,3.19,3.45,3.48,3.14
56865,3.3,2.84,3.06,3.11,2.78
56871,3.34,2.88,3.12,3.15,2.86
56898,4.01,3.53,3.78,3.82,3.51
56901,3.08,2.51,2.85,2.85,2.67
56917,3.76,3.28,3.57,3.58,3.29
56971,2.79,2.32,2.55,2.6,2.29
56992,4.13,3.7,3.94,3.98,3.64
56996,3.41,2.95,3.23,3.23,2.92
57032,3.67,3.21,3.43,3.49,3.16
57044,4.24,3.75,4.01,4.01,3.82
57106,4.44,3.95,4.24,4.24,3.99
57121,3.83,3.37,3.63,3.65,3.34
57152,3.31,2.83,3.1,3.14,2.85
57172,2.4,1.97,2.2,2.25,1.87
57209,4.74,4.29,4.55,4.56,4.27
57236,3.06,2.6,2.84,2.88,2.56
57246,3.37,2.9,3.2,3.22,2.9
57250,3.3,2.8,3.02,3.06,2.84
57258,2.33,1.85,2.19,2.19,1.84
57264,3.94,3.45,3.65,3.73,3.44
57282,4.11,3.62,3.88,3.91,3.62
57311,2.94,2.46,2.71,2.75,2.47
57320,4.49,4.04,4.25,4.32,3.97
57328,3.77,3.27,3.55,3.57,3.32
57374,3.13,2.61,2.85,2.91,2.66
57391,3.73,3.21,3.42,3.5,3.27
57402,3.66,3.2,3.41,3.48,3.13
57404,3.22,2.73,3.01,3.03,2.75
57411,3.65,3.15,3.42,3.44,3.18
57449,3.61,3.13,3.43,3.45,3.13
57471,3.52,3.07,3.27,3.35,2.99
57481,2.57,2.07,2.28,2.35,2.07
57524,2.91,2.46,2.72,2.76,2.4
57632,3.91,3.43,3.72,3.73,3.43
57655,3.26,2.79,2.97,3.06,2.73
57693,3.77,3.29,3.61,3.61,3.32
57718,3.72,3.23,3.49,3.53,3.25
57763,3.45,2.98,3.23,3.27,2.95
57776,3.1,2.66,2.94,2.96,2.6
57811,3.72,3.19,3.47,3.5,3.28
57849,1.8,1.31,1.53,1.59,1.32
57880,3.77,3.3,3.56,3.59,3.29
57886,3.71,3.25,3.48,3.55,3.2
57896,3.72,3.28,3.47,3.53,3.19
57898,2.4,1.89,2.17,2.2,1.95
57921,3.59,3.17,3.36,3.43,3.03
57970,4.16,3.74,3.89,3.97,3.59
58019,2.79,2.3,2.55,2.58,2.33
58085,3.64,3.16,3.43,3.44,3.17
58088,3.23,2.77,3.03,3.06,2.74
58124,2.76,2.28,2.48,2.55,2.26
58136,3.94,3.51,3.68,3.77,3.4
58166,1.76,1.3,1.53,1.57,1.27
58174,1.92,1.41,1.69,1.7,1.46
58223,3.24,2.77,3.05,3.06,2.78
58234,2.29,1.78,2.03,2.07,1.83
58258,2.76,2.26,2.57,2.55,2.32
58307,2.65,2.24,2.45,2.51,2.1
58325,3.77,3.26,3.56,3.59,3.31
58329,3.2,2.72,3.0,3.02,2.75
58335,3.35,2.91,3.09,3.17,2.82
58391,2.78,2.29,2.52,2.57,2.3
58438,3.44,2.95,3.16,3.22,2.95
58470,3.95,3.46,3.69,3.75,3.46
58473,3.54,3.11,3.32,3.36,3.01
58475,3.38,2.86,3.2,3.18,2.95
58592,2.56,2.1,2.34,2.38,2.07
58656,4.77,4.26,4.47,4.55,4.28
58662,3.64,3.15,3.4,3.43,3.15
58671,2.99,2.56,2.75,2.81,2.44
58729,3.04,2.56,2.87,2.87,2.57
58753,3.35,2.91,3.13,3.18,2.85
58768,3.18,2.74,2.89,3.0,2.59
58793,1.58,1.08,1.39,1.41,1.11
58796,2.17,1.73,1.95,1.99,1.65
58839,3.34,2.9,3.15,3.19,2.85
58980,1.62,1.16,1.4,1.43,1.14
58993,2.76,2.29,2.56,2.59,2.29
59020,2.52,2.1,2.3,2.35,1.98
59021,1.91,1.48,1.71,1.74,1.43
59024,2.45,1.98,2.24,2.27,1.98
59027,2.71,2.21,2.42,2.49,2.22
59035,3.66,3.19,3.35,3.44,3.12
59037,4.13,3.64,3.97,3.96,3.68
59096,4.05,3.56,3.86,3.85,3.6
59116,3.29,2.85,3.1,3.14,2.8
59126,2.85,2.4,2.62,2.68,2.34
59149,4.67,4.25,4.49,4.52,4.13
59177,3.46,2.98,3.19,3.25,2.96
59251,2.87,2.39,2.67,2.7,2.38
59260,4.06,3.62,3.78,3.85,3.54
59262,3.67,3.16,3.38,3.42,3.21
59278,1.41,0.95,1.2,1.23,0.93
59297,3.19,2.68,2.95,2.99,2.72
59302,4.3,3.93,4.11,4.18,3.7
59307,3.79,3.37,3.56,3.59,3.29
59308,3.12,2.68,2.88,2.95,2.59
59353,3.41,2.91,3.21,3.22,2.95
59362,3.14,2.64,2.91,2.94,2.68
59417,2.09,1.56,1.78,1.84,1.64
59438,4.1,3.73,3.85,3.95,3.48
59465,4.56,4.13,4.34,4.39,4.03
59478,3.35,2.89,3.1,3.16,2.83
59486,2.94,2.46,2.7,2.75,2.46
59497,3.73,3.18,3.55,3.52,3.33
59503,4.44,3.99,4.23,4.26,3.93
59507,3.31,2.86,3.08,3.13,2.79
59532,4.1,3.59,3.94,3.93,3.66
59581,5.47,4.97,5.2,5.26,4.98
59612,3.16,2.64,2.98,2.97,2.73
59618,3.11,2.63,2.92,2.93,2.65
59633,3.33,2.85,3.11,3.14,2.87
59664,5.16,4.71,4.87,4.95,4.63
59667,3.79,3.31,3.56,3.6,3.3
59671,2.92,2.46,2.71,2.75,2.42
59692,3.48,3.02,3.29,3.31,3.0
59695,3.07,2.63,2.78,2.86,2.52
59708,1.86,1.38,1.6,1.65,1.37
59716,3.87,3.33,3.68,3.67,3.45
59837,2.55,2.09,2.31,2.37,2.04
59909,4.76,4.22,4.42,4.51,4.3
59961,3.79,3.28,3.6,3.6,3.34
59964,4.05,3.58,3.81,3.85,3.57
60028,2.55,2.05,2.33,2.35,2.09
60032,4.19,3.7,3.98,3.99,3.72
60051,4.26,3.76,4.1,4.08,3.8
60103,2.73,2.26,2.5,2.54,2.25
60146,3.53,3.09,3.33,3.38,3.01
60200,2.49,2.0,2.26,2.3,2.01
60217,4.34,3.93,4.09,4.17,3.76
60221,3.75,3.27,3.5,3.54,3.27
60251,3.12,2.64,2.94,2.95,2.65
60257,3.58,3.13,3.37,3.42,3.07
60280,1.41,0.93,1.18,1.22,0.94
60289,3.88,3.43,3.66,3.72,3.38
60311,3.65,3.17,3.46,3.48,3.17
60322,3.64,3.15,3.45,3.47,3.18
60359,4.47,4.06,4.23,4.31,3.91
60366,3.33,2.86,3.09,3.13,2.85
60420,3.71,3.3,3.46,3.53,3.16
60433,2.37,1.96,2.13,2.2,1.8
60449,4.17,3.71,3.93,3.99,3.66
60478,2.28,1.74,1.95,2.02,1.83
60536,3.09,2.62,2.79,2.89,2.56
60608,3.34,2.84,3.14,3.15,2.89
60624,3.44,2.94,3.29,3.25,3.01
60625,2.66,2.2,2.45,2.49,2.16
60687,4.0,3.51,3.82,3.82,3.55
60737,3.47,3.02,3.27,3.31,2.97
60794,3.11,2.59,2.87,2.9,2.65
60812,4.17,3.75,3.95,4.02,3.63
60851,3.72,3.24,3.5,3.53,3.23
60864,3.37,2.9,3.17,3.2,2.86
60890,3.71,3.3,3.48,3.55,3.15
60911,3.74,3.28,3.53,3.57,3.24
60943,3.08,2.6,2.89,2.9,2.61
60950,2.76,2.29,2.58,2.59,2.28
60995,2.91,2.42,2.66,2.69,2.44
61059,3.71,3.26,3.47,3.52,3.21
61064,3.93,3.47,3.73,3.77,3.45
61065,3.76,3.33,3.52,3.59,3.23
61115,3.24,2.75,3.07,3.06,2.8
61186,3.67,3.19,3.34,3.44,3.15
61223,2.75,2.25,2.49,2.54,2.28
61248,3.11,2.72,2.91,2.97,2.55
61325,3.53,3.07,3.33,3.36,3.03
61327,3.39,2.9,3.12,3.18,2.89
61347,3.3,2.87,3.09,3.11,2.79
61390,2.15,1.68,1.9,1.95,1.66
61422,3.09,2.63,2.91,2.92,2.61
61458,2.75,2.29,2.54,2.58,2.28
61505,3.75,3.25,3.48,3.53,3.28
61574,4.58,4.12,4.35,4.41,4.06
61603,4.53,4.04,4.27,4.34,4.03
61622,3.55,3.05,3.36,3.38,3.08
61653,3.33,2.81,3.09,3.11,2.88
61655,3.51,3.08,3.29,3.34,2.99
61681,3.6,3.12,3.39,3.43,3.13
61684,3.29,2.79,3.0,3.06,2.82
61688,4.66,4.24,4.38,4.49,4.09
61722,4.14,3.66,3.98,3.95,3.68
61816,3.2,2.75,3.04,3.04,2.72
61830,3.17,2.72,2.96,3.0,2.68
61858,3.16,2.7,2.95,3.01,2.63
61886,3.57,3.07,3.39,3.39,3.11
61901,2.84,2.34,2.62,2.64,2.39
61910,3.81,3.37,3.62,3.65,3.31
61967,2.67,2.24,2.41,2.48,2.14
61968,3.46,2.96,3.24,3.24,3.0
61978,2.6,2.12,2.35,2.39,2.1
61981,3.23,2.78,3.01,3.05,2.72
62078,3.54,3.06,3.33,3.35,3.08
62105,3.38,2.88,3.18,3.17,2.93
62127,4.71,4.27,4.44,4.52,4.17
62170,3.51,3.07,3.27,3.33,2.99
62171,2.94,2.49,2.77,2.78,2.46
62189,4.59,4.13,4.34,4.4,4.08
62269,3.52,3.04,3.28,3.32,3.01
62284,3.24,2.73,3.06,3.05,2.8
62293,3.47,3.03,3.23,3.3,2.94
62390,3.85,3.35,3.6,3.65,3.36
62395,4.66,4.2,4.37,4.46,4.13
62429,4.0,3.52,3.76,3.8,3.51
62476,3.95,3.47,3.76,3.79,3.48
62485,3.43,2.98,3.17,3.24,2.9
62496,3.87,3.4,3.7,3.71,3.39
62512,2.49,2.0,2.3,2.3,2.04
62530,4.32,3.84,4.09,4.13,3.84
62558,3.72,3.23,3.47,3.52,3.25
62600,3.48,3.06,3.23,3.28,2.93
62622,3.31,2.79,3.13,3.12,2.86
62661,1.34,0.85,1.14,1.17,0.85
62663,3.1,2.61,2.92,2.92,2.63
62665,4.25,3.73,4.0,4.05,3.81
62668,4.22,3.72,3.99,4.04,3.73
62685,2.48,2.01,2.29,2.31,2.0
62706,3.93,3.41,3.73,3.74,3.47
62712,4.09,3.62,3.91,3.91,3.65
62714,3.05,2.62,2.81,2.88,2.52
62719,3.59,3.15,3.37,3.44,3.07
62724,2.75,2.27,2.53,2.55,2.3
62738,5.18,4.69,4.99,4.99,4.76
62751,3.87,3.39,3.71,3.7,3.42
62779,3.59,3.09,3.37,3.41,3.11
62813,2.97,2.5,2.76,2.78,2.49
62814,2.15,1.68,1.95,1.99,1.67
62822,3.98,3.52,3.77,3.79,3.5
62834,3.25,2.78,3.02,3.07,2.76
62874,3.43,2.93,3.23,3.24,2.98
62884,3.73,3.21,3.56,3.52,3.31
62897,2.92,2.45,2.65,2.71,2.45
62917,3.26,2.8,3.08,3.1,2.79
62923,2.55,2.09,2.32,2.36,2.04
62931,2.7,2.24,2.51,2.53,2.22
62932,2.11,1.68,1.9,1.93,1.6
62934,4.2,3.71,4.01,4.02,3.75
62936,3.6,3.09,3.39,3.41,3.13
62977,4.8,4.34,4.55,4.6,4.28
63018,3.79,3.35,3.55,3.62,3.26
63029,3.83,3.35,3.57,3.62,3.36
63071,3.78,3.31,3.58,3.6,3.29
63124,3.58,3.12,3.35,3.39,3.07
63125,3.72,3.22,3.48,3.52,3.24
63151,1.77,1.3,1.53,1.58,1.27
63170,3.46,3.0,3.2,3.28,2.94
63208,3.44,2.93,3.22,3.24,2.98
63217,3.39,2.89,3.14,3.18,2.92
63237,4.71,4.2,4.51,4.5,4.29
63288,3.48,3.03,3.23,3.3,2.95
63289,3.62,3.12,3.38,3.42,3.16
63341,3.29,2.85,3.09,3.15,2.78
63369,3.9,3.41,3.66,3.69,3.45
63413,3.45,2.96,3.23,3.26,2.98
63421,4.67,4.21,4.53,4.53,4.19
63470,3.76,3.32,3.58,3.6,3.29
63485,3.05,2.55,2.84,2.86,2.59
63498,3.53,3.09,3.31,3.35,3.01
63501,3.32,2.87,3.01,3.1,2.78
63508,3.12,2.64,2.91,2.93,2.64
63510,2.71,2.22,2.49,2.52,2.27
63616,3.23,2.75,2.98,3.03,2.75
63627,3.22,2.73,3.01,3.02,2.77
63644,2.08,1.61,1.83,1.88,1.59
63668,3.43,2.95,3.23,3.23,2.97
63754,2.63,2.16,2.4,2.42,2.19
63755,3.6,3.15,3.37,3.42,3.09
63779,4.14,3.64,3.91,3.94,3.68
63783,4.28,3.85,4.08,4.11,3.76
63803,4.43,3.93,4.25,4.22,4.0
63815,3.82,3.39,3.55,3.64,3.26
63816,2.56,2.07,2.35,2.38,2.07
63847,3.26,2.79,3.07,3.08,2.78
63849,3.3,2.86,3.13,3.13,2.82
63853,3.59,3.13,3.34,3.4,3.09
63863,4.09,3.58,3.76,3.85,3.61
63880,2.18,1.73,1.99,2.01,1.7
63883,4.02,3.57,3.79,3.84,3.5
63894,3.98,3.5,3.79,3.8,3.53
63897,3.77,3.3,3.5,3.56,3.27
63922,3.84,3.35,3.65,3.66,3.38
63930,3.17,2.71,2.93,2.96,2.68
63959,3.51,3.02,3.31,3.33,3.04
63960,4.68,4.18,4.46,4.49,4.21
63993,3.79,3.31,3.53,3.57,3.33
64002,3.39,2.94,3.18,3.22,2.9
64119,3.58,3.08,3.3,3.36,3.1
64128,3.56,3.07,3.34,3.38,3.07
64163,3.97,3.5,3.73,3.79,3.46
64196,2.68,2.21,2.51,2.51,2.21
64204,4.34,3.87,4.08,4.14,3.85
64230,2.77,2.33,2.52,2.58,2.25
64294,2.66,2.15,2.4,2.42,2.2
64314,3.33,2.85,3.11,3.14,2.86
64330,3.08,2.62,2.85,2.9,2.58
64371,3.8,3.33,3.5,3.59,3.27
64398,3.13,2.69,2.85,2.95,2.57
64411,2.75,2.24,2.47,2.53,2.27
64434,4.61,4.16,4.36,4.44,4.08
64456,3.8,3.33,3.6,3.61,3.33
64589,2.45,1.97,2.24,2.26,2.0
64620,3.11,2.7,2.91,2.95,2.58
64625,3.24,2.76,3.01,3.05,2.75
64629,5.02,4.52,4.83,4.84,4.58
64664,3.56,3.06,3.34,3.37,3.09
64686,3.77,3.29,3.51,3.56,3.28
64735,4.76,4.24,4.41,4.52,4.27
64739,3.86,3.38,3.64,3.68,3.38
64793,4.29,3.82,4.08,4.12,3.79
64806,3.13,2.61,2.91,2.93,2.69
64842,2.3,1.83,2.08,2.12,1.82
64973,4.76,4.27,4.53,4.55,4.3
65008,3.19,2.67,2.98,2.98,2.75
65016,3.17,2.72,2.98,3.0,2.67
65054,3.39,2.89,3.22,3.21,2.93
65086,2.38,1.88,2.17,2.19,1.93
65128,2.15,1.67,1.92,1.95,1.67
65129,2.68,2.18,2.5,2.53,2.21
65145,3.49,3.04,3.29,3.33,3.0
65161,4.52,4.08,4.31,4.36,4.01
65178,3.21,2.75,2.99,3.02,2.73
65219,3.9,3.48,3.63,3.74,3.31
65234,3.35,2.89,3.07,3.15,2.82
65237,3.23,2.8,2.99,3.06,2.69
65249,3.74,3.24,3.51,3.54,3.27
65263,2.5,2.04,2.26,2.31,2.0
65289,3.07,2.57,2.86,2.89,2.6
65360,3.32,2.81,3.09,3.11,2.85
65405,3.19,2.7,2.98,3.0,2.71
65453,2.97,2.49,2.74,2.78,2.49
65470,2.83,2.35,2.61,2.64,2.35
65472,4.51,3.98,4.33,4.31,4.07
65477,3.21,2.76,2.98,3.02,2.71
65556,4.07,3.62,3.83,3.88,3.56
65574,3.21,2.78,2.97,3.04,2.67
65628,4.77,4.39,4.59,4.66,4.19
65632,4.28,3.81,4.05,4.1,3.78
65635,3.8,3.3,3.54,3.6,3.32
65638,3.1,2.63,2.89,2.9,2.61
65678,2.84,2.37,2.62,2.66,2.35
65681,3.53,3.06,3.3,3.33,3.04
65695,3.11,2.62,2.95,2.94,2.65
65720,4.04,3.57,3.8,3.84,3.54
65746,4.15,3.71,3.96,4.0,3.65
65774,3.32,2.82,3.08,3.11,2.83
65821,3.9,3.43,3.67,3.71,3.41
65842,3.03,2.58,2.82,2.86,2.53
65877,3.9,3.39,3.7,3.68,3.49
65945,3.55,3.05,3.36,3.35,3.1
65952,2.74,2.28,2.53,2.55,2.26
65954,3.1,2.66,2.88,2.94,2.58
65990,3.03,2.52,2.8,2.8,2.58
65993,3.34,2.87,3.11,3.13,2.85
65995,3.4,2.96,3.17,3.22,2.87
66012,3.86,3.33,3.62,3.62,3.43
66053,4.36,3.92,4.15,4.18,3.87
66054,3.35,2.86,3.16,3.16,2.89
66083,2.38,1.92,2.12,2.18,1.88
66085,3.36,2.91,3.17,3.2,2.87
66115,4.14,3.64,3.88,3.9,3.7
66168,2.64,2.19,2.41,2.47,2.12
66183,4.28,3.82,4.06,4.11,3.79
66185,3.57,3.15,3.37,3.41,3.04
66236,3.83,3.4,3.61,3.65,3.3
66240,3.44,2.93,3.16,3.21,2.95
66242,3.38,2.87,3.13,3.15,2.89
66244,3.21,2.76,2.93,3.01,2.65
66315,4.33,3.91,4.1,4.17,3.78
66328,2.45,1.97,2.22,2.24,1.98
66352,3.55,3.08,3.36,3.37,3.09
66371,3.12,2.68,2.89,2.95,2.6
66376,3.32,2.82,3.12,3.13,2.88
66405,3.72,3.24,3.54,3.55,3.25
66437,3.47,2.99,3.16,3.26,2.96
66462,3.32,2.85,3.09,3.12,2.83
66464,2.94,2.48,2.72,2.76,2.45
66507,3.57,3.12,3.31,3.37,3.04
66515,4.13,3.65,3.92,3.97,3.62
66630,3.65,3.18,3.44,3.49,3.15
66682,3.74,3.25,3.54,3.56,3.26
66700,3.68,3.17,3.45,3.48,3.22
66710,3.86,3.34,3.56,3.62,3.39
66713,3.67,3.24,3.44,3.51,3.14
66736,3.55,3.09,3.34,3.36,3.06
66775,3.66,3.21,3.46,3.5,3.15
66787,4.66,4.1,4.44,4.44,4.25
66851,3.86,3.36,3.65,3.67,3.39
66908,2.25,1.79,2.05,2.07,1.76
66924,3.61,3.13,3.41,3.43,3.12
66925,3.86,3.34,3.62,3.66,3.42
66949,3.06,2.61,2.84,2.89,2.56
66980,4.79,4.32,4.62,4.61,4.35
66982,2.98,2.52,2.8,2.82,2.49
66983,2.89,2.48,2.7,2.74,2.36
67015,2.8,2.32,2.59,2.6,2.34
67048,1.82,1.35,1.57,1.61,1.36
67063,1.62,1.17,1.44,1.46,1.12
67106,4.22,3.84,4.05,4.11,3.66
67107,4.57,4.09,4.36,4.37,4.1
67133,3.98,3.48,3.75,3.76,3.51
67149,2.93,2.46,2.7,2.73,2.44
67162,3.23,2.74,3.04,3.05,2.76
67164,3.7,3.21,3.46,3.5,3.21
67217,2.92,2.47,2.75,2.75,2.45
67235,2.98,2.5,2.8,2.81,2.52
67270,1.96,1.52,1.76,1.8,1.46
67285,1.88,1.42,1.7,1.73,1.4
67287,3.44,2.97,3.24,3.27,2.93
67331,4.14,3.62,3.77,3.89,3.63
67344,2.45,1.98,2.24,2.25,1.97
67350,2.88,2.42,2.64,2.71,2.38
67351,3.48,2.99,3.22,3.28,3.0
67437,2.69,2.2,2.47,2.49,2.22
67441,3.21,2.75,3.02,3.03,2.73
67561,4.93,4.47,4.7,4.74,4.43
67609,2.53,2.07,2.29,2.34,2.02
67615,4.68,4.23,4.45,4.5,4.16
67622,3.63,3.17,3.41,3.46,3.13
67653,2.4,1.92,2.19,2.23,1.92
67686,3.8,3.37,3.57,3.62,3.26
67729,5.1,4.59,4.83,4.88,4.67
67734,3.06,2.6,2.85,2.88,2.56
67761,3.45,2.94,3.24,3.25,2.99
67765,2.44,1.96,2.2,2.24,1.97
67780,2.85,2.38,2.67,2.67,2.38
67809,3.47,3.03,3.23,3.3,2.95
67849,4.22,3.76,3.96,4.03,3.71
67863,2.26,1.85,2.03,2.1,1.69
67869,4.42,3.95,4.24,4.25,3.95
67877,4.13,3.69,3.87,3.95,3.59
67902,3.16,2.66,2.89,2.95,2.66
67937,3.62,3.12,3.41,3.43,3.16
67958,4.16,3.68,3.93,3.95,3.67
67967,3.67,3.2,3.44,3.49,3.16
67970,2.41,1.89,2.19,2.18,1.99
67988,3.5,3.03,3.24,3.3,2.98
68061,2.58,2.16,2.35,2.41,2.03
68067,2.93,2.42,2.66,2.7,2.47
68074,4.19,3.7,3.98,3.99,3.72
68084,3.34,2.88,3.14,3.18,2.84
68119,4.91,4.41,4.65,4.69,4.43
68121,2.59,2.16,2.38,2.43,2.08
68156,2.87,2.43,2.65,2.68,2.39
68199,3.68,3.18,3.41,3.47,3.19
68248,3.41,2.94,3.25,3.25,2.95
68277,1.85,1.32,1.64,1.63,1.42
68279,3.5,3.0,3.3,3.31,3.04
68294,2.82,2.34,2.63,2.65,2.36
68297,4.4,3.92,4.17,4.22,3.91
68315,4.04,3.57,3.84,3.85,3.57
68319,5.27,4.8,5.04,5.08,4.82
68347,3.01,2.48,2.83,2.79,2.59
68390,2.1,1.63,1.86,1.9,1.59
68443,3.68,3.2,3.45,3.46,3.19
68512,2.83,2.34,2.56,2.62,2.35
68560,3.13,2.66,2.89,2.94,2.64
68615,3.64,3.19,3.42,3.46,3.13
68622,2.91,2.48,2.71,2.74,2.42
68646,3.35,2.87,3.1,3.16,2.86
68662,3.57,3.08,3.37,3.39,3.11
68672,2.93,2.45,2.74,2.76,2.45
68721,3.1,2.55,2.82,2.85,2.66
68749,2.72,2.26,2.47,2.54,2.21
68755,3.74,3.28,3.51,3.56,3.23
68756,3.12,2.61,2.87,2.9,2.66
68795,3.72,3.24,3.57,3.54,3.24
68804,4.03,3.54,3.75,3.82,3.53
68907,4.15,3.69,3.87,3.95,3.62
68914,4.01,3.52,3.78,3.82,3.53
68924,3.69,3.23,3.45,3.51,3.21
68979,3.56,3.11,3.34,3.39,3.05
69078,5.17,4.83,4.98,5.07,4.54
69080,2.97,2.55,2.73,2.81,2.39
69111,3.86,3.43,3.64,3.7,3.34
69129,2.74,2.29,2.53,2.57,2.25
69141,3.24,2.81,3.04,3.08,2.73
69200,4.76,4.29,4.57,4.61,4.27
69214,2.51,2.08,2.32,2.36,2.0
69241,2.01,1.56,1.81,1.83,1.52
69261,2.83,2.32,2.56,2.61,2.37
69264,2.33,1.8,2.01,2.08,1.87
69278,3.66,3.2,3.37,3.48,3.1
69295,2.88,2.44,2.7,2.72,2.37
69308,3.84,3.39,3.65,3.67,3.35
69321,2.13,1.64,1.89,1.94,1.65
69331,3.96,3.47,3.75,3.76,3.49
69357,2.98,2.56,2.8,2.85,2.46
69390,3.57,3.1,3.36,3.38,3.1
69426,3.25,2.78,3.1,3.09,2.77
69445,3.96,3.54,3.74,3.8,3.42
69467,2.32,1.83,2.09,2.11,1.84
69483,5.4,4.89,5.19,5.19,4.93
69505,4.33,3.83,4.15,4.15,3.88
69558,3.89,3.45,3.67,3.73,3.38
69633,5.17,4.71,4.91,4.98,4.64
69649,3.47,2.98,3.2,3.25,2.98
69723,3.61,3.12,3.3,3.38,3.11
69749,3.26,2.77,3.07,3.06,2.78
69827,3.42,2.96,3.18,3.24,2.92
69849,3.46,2.97,3.26,3.27,3.01
69935,3.27,2.76,3.07,3.05,2.86
69944,3.29,2.77,3.1,3.12,2.82
69964,4.24,3.7,3.94,3.98,3.79
69981,4.27,3.77,4.07,4.08,3.81
69998,2.51,2.04,2.31,2.33,2.04
70027,2.93,2.51,2.73,2.8,2.39
70061,3.21,2.76,2.95,3.01,2.72
70063,4.86,4.43,4.65,4.7,4.36
70064,3.78,3.33,3.54,3.59,3.27
70069,3.75,3.28,3.53,3.57,3.27
70113,3.68,3.19,3.35,3.46,3.13
70114,5.43,4.93,5.05,5.2,4.89
70123,3.2,2.75,2.96,3.02,2.69
70134,3.58,3.06,3.38,3.38,3.15
70193,3.88,3.39,3.63,3.67,3.4
70205,4.35,3.86,4.11,4.15,3.87
70212,5.2,4.76,4.94,5.01,4.64
70258,3.94,3.47,3.71,3.74,3.45
70263,2.28,1.82,2.12,2.13,1.8
70331,2.91,2.46,2.69,2.75,2.4
70408,3.97,3.57,3.77,3.83,3.41
70424,2.47,2.03,2.23,2.29,1.94
70453,3.61,3.13,3.41,3.43,3.15
70490,2.28,1.81,2.03,2.09,1.78
70510,3.24,2.78,3.03,3.06,2.74
70511,3.92,3.42,3.7,3.71,3.47
70582,2.44,1.97,2.18,2.25,1.92
70598,3.09,2.67,2.89,2.94,2.57
70620,3.03,2.59,2.84,2.86,2.53
70655,3.62,3.11,3.46,3.44,3.2
70657,3.42,2.98,3.18,3.25,2.89
70689,2.89,2.39,2.69,2.7,2.44
70705,2.39,1.86,2.14,2.16,1.96
70711,2.9,2.44,2.72,2.74,2.42
70749,3.57,3.07,3.36,3.37,3.11
70754,3.36,2.88,3.11,3.17,2.87
70768,3.06,2.62,2.83,2.89,2.54
70778,5.18,4.61,4.84,4.92,4.73
70806,3.51,3.03,3.32,3.32,3.03
70810,1.79,1.33,1.57,1.61,1.29
70811,2.91,2.46,2.73,2.75,2.44
70812,4.48,4.06,4.23,4.3,3.93
70819,3.54,3.01,3.26,3.29,3.1
70850,2.38,1.93,2.19,2.2,1.89
70883,3.0,2.44,2.69,2.75,2.55
70884,3.84,3.4,3.59,3.66,3.29
70927,2.53,2.06,2.3,2.34,2.03
70944,3.92,3.42,3.68,3.72,3.44
70951,2.54,2.05,2.29,2.32,2.06
70989,2.72,2.22,2.45,2.5,2.25
71076,4.03,3.56,3.83,3.84,3.54
71107,3.58,3.1,3.34,3.39,3.09
71126,3.54,3.07,3.34,3.36,3.08
71200,2.28,1.84,2.05,2.11,1.76
71209,4.66,4.18,4.5,4.47,4.19
71215,2.96,2.5,2.74,2.77,2.47
71249,2.06,1.58,1.8,1.85,1.57
71251,5.1,4.61,4.81,4.88,4.59
71262,4.19,3.72,3.96,3.98,3.73
71270,3.25,2.79,3.03,3.07,2.76
71310,2.58,2.07,2.3,2.35,2.1
71327,3.41,2.93,3.18,3.23,2.92
71340,3.73,3.26,3.53,3.54,3.26
71422,3.29,2.77,3.02,3.05,2.85
71437,2.9,2.45,2.68,2.72,2.39
71474,1.61,1.12,1.37,1.41,1.14
71500,2.14,1.61,1.85,1.88,1.71
71503,2.64,2.19,2.41,2.47,2.13
71504,4.31,3.8,4.1,4.09,3.86
71561,4.11,3.62,3.86,3.9,3.64
71589,3.15,2.71,2.95,2.98,2.66
71603,2.85,2.33,2.53,2.61,2.39
71623,4.58,4.15,4.31,4.41,4.02
71708,4.36,3.88,4.12,4.16,3.85
71726,4.95,4.47,4.73,4.75,4.47
71737,4.43,3.94,4.23,4.24,3.96
71744,3.08,2.56,2.85,2.86,2.64
71753,3.81,3.36,3.54,3.62,3.28
71771,4.32,3.91,4.08,4.15,3.76
71807,3.61,3.15,3.42,3.46,3.12
71822,3.88,3.42,3.66,3.7,3.38
71838,2.53,2.09,2.31,2.37,2.01
71842,3.2,2.72,3.0,3.03,2.7
71854,3.55,3.1,3.33,3.38,3.04
71862,3.8,3.31,3.61,3.61,3.34
71897,2.99,2.51,2.79,2.81,2.53
71899,3.03,2.56,2.82,2.85,2.54
71977,3.17,2.69,2.95,2.99,2.69
71980,3.35,2.91,3.18,3.2,2.84
72026,3.98,3.58,3.76,3.83,3.42
72065,4.43,3.91,4.17,4.22,4.0
72087,3.57,3.09,3.39,3.39,3.1
72097,1.44,1.03,1.21,1.27,0.91
72098,3.67,3.22,3.45,3.49,3.15
72138,4.32,3.87,4.04,4.12,3.79
72156,3.53,3.09,3.26,3.34,2.99
72183,3.76,3.31,3.54,3.58,3.27
72186,3.38,2.86,3.14,3.16,2.92
72196,5.06,4.63,4.85,4.89,4.54
72340,3.49,3.01,3.25,3.31,2.98
72366,2.44,1.98,2.2,2.26,1.93
72372,3.08,2.65,2.88,2.93,2.56
72378,3.33,2.88,3.12,3.16,2.82
72384,3.91,3.42,3.63,3.72,3.39
72397,2.86,2.44,2.69,2.71,2.34
72408,3.18,2.67,2.97,2.98,2.72
72417,2.96,2.47,2.75,2.77,2.48
72421,4.11,3.67,3.83,3.93,3.54
72438,3.82,3.36,3.6,3.63,3.35
72440,2.74,2.3,2.5,2.55,2.24
72449,3.89,3.4,3.66,3.69,3.43
72501,4.38,3.92,4.21,4.22,3.91
72510,3.68,3.2,3.46,3.48,3.21
72557,2.92,2.45,2.7,2.73,2.44
72592,2.72,2.25,2.53,2.54,2.22
72619,2.68,2.21,2.44,2.49,2.18
72675,4.1,3.59,3.87,3.88,3.65
72693,2.79,2.3,2.58,2.62,2.31
72708,5.45,4.93,5.13,5.21,4.98
72746,3.16,2.65,2.92,2.95,2.71
72757,3.76,3.25,3.53,3.56,3.3
72758,2.64,2.13,2.41,2.44,2.17
72827,3.72,3.23,3.5,3.53,3.24
72832,3.5,3.08,3.33,3.36,2.97
72837,3.1,2.5,2.66,2.79,2.64
72852,3.63,3.21,3.4,3.44,3.11
72864,4.25,3.74,4.05,4.05,3.82
72925,3.4,2.95,3.17,3.22,2.89
73007,4.14,3.62,3.92,3.92,3.71
73018,3.61,3.14,3.37,3.42,3.12
73045,3.35,2.85,3.12,3.16,2.88
73063,3.15,2.69,2.94,2.97,2.67
73064,3.54,3.09,3.29,3.34,3.02
73066,3.77,3.29,3.54,3.57,3.29
73135,2.52,2.08,2.34,2.36,2.03
73139,4.55,4.06,4.3,4.34,4.07
73166,3.95,3.47,3.6,3.72,3.42
73243,3.35,2.85,3.14,3.16,2.88
73271,2.27,1.77,2.0,2.05,1.79
73288,3.95,3.45,3.75,3.77,3.5
73309,3.92,3.43,3.72,3.73,3.46
73320,2.79,2.3,2.5,2.57,2.29
73390,3.3,2.75,3.05,3.04,2.93
73395,4.0,3.54,3.76,3.81,3.48
73415,2.99,2.52,2.75,2.8,2.49
73435,3.28,2.7,2.88,2.96,2.87
73479,3.89,3.5,3.72,3.76,3.35
73525,2.52,2.08,2.32,2.37,2.01
73526,3.18,2.68,2.95,2.98,2.73
73529,4.87,4.5,4.73,4.78,4.32
73559,3.49,3.0,3.26,3.27,3.03
73563,2.52,2.06,2.3,2.34,2.03
73584,3.02,2.53,2.77,2.8,2.53
73596,3.32,2.83,3.12,3.12,2.88
73621,4.27,3.79,4.03,4.08,3.78
73641,3.68,3.24,3.48,3.52,3.17
73644,3.12,2.65,2.91,2.94,2.65
73709,2.94,2.5,2.7,2.76,2.42
73742,2.63,2.14,2.42,2.43,2.17
73745,3.61,3.17,3.41,3.44,3.1
73842,3.05,2.57,2.79,2.85,2.56
73848,3.64,3.16,3.46,3.47,3.18
73850,2.86,2.42,2.69,2.71,2.37
73854,3.05,2.61,2.8,2.87,2.51
73966,3.16,2.71,2.93,2.99,2.66
73985,4.35,3.9,4.13,4.16,3.84
73986,3.68,3.17,3.41,3.45,3.23
74046,3.54,3.07,3.3,3.34,3.06
74047,2.65,2.2,2.4,2.46,2.13
74062,2.77,2.32,2.55,2.57,2.28
74091,3.0,2.52,2.74,2.79,2.54
74105,2.61,2.15,2.39,2.42,2.13
74109,3.14,2.62,2.97,2.96,2.69
74123,3.47,3.01,3.28,3.3,2.99
74159,4.24,3.79,3.96,4.04,3.71
74182,2.78,2.29,2.57,2.6,2.3
74255,2.11,1.63,1.88,1.91,1.62
74287,3.27,2.81,3.04,3.09,2.77
74310,2.07,1.57,1.85,1.87,1.61
74334,3.09,2.61,2.91,2.91,2.63
74371,4.35,3.9,4.14,4.17,3.83
74384,3.49,3.02,3.25,3.3,2.99
74388,3.08,2.63,2.88,2.91,2.58
74397,4.02,3.54,3.82,3.83,3.55
74404,3.09,2.58,2.8,2.84,2.62
74408,1.89,1.43,1.68,1.69,1.41
74468,3.92,3.43,3.69,3.72,3.44
74475,4.55,4.09,4.32,4.36,4.03
74479,4.64,4.16,4.42,4.43,4.17
74504,3.92,3.5,3.69,3.74,3.39
74523,4.25,3.77,4.02,4.06,3.78
74524,2.96,2.48,2.7,2.75,2.5
74528,4.64,4.17,4.39,4.47,4.14
74600,2.95,2.46,2.76,2.74,2.54
74604,3.04,2.57,2.84,2.86,2.55
74611,2.71,2.2,2.39,2.47,2.23
74636,1.68,1.19,1.44,1.49,1.19
74657,2.65,2.19,2.42,2.47,2.17
74673,3.97,3.49,3.71,3.75,3.49
74730,2.63,2.15,2.41,2.45,2.13
74765,2.9,2.41,2.66,2.7,2.41
74767,3.7,3.21,3.46,3.51,3.23
74769,3.35,2.86,3.18,3.17,2.9
74780,3.29,2.83,3.1,3.1,2.8
74809,3.5,2.97,3.27,3.27,3.07
74812,3.15,2.69,2.96,2.97,2.66
74838,2.41,1.98,2.19,2.23,1.89
74868,4.03,3.59,3.8,3.84,3.52
74874,4.91,4.46,4.69,4.73,4.41
74876,3.85,3.38,3.61,3.65,3.37
74891,3.35,2.89,3.1,3.17,2.82
74899,2.29,1.78,2.03,2.07,1.81
74960,3.86,3.4,3.62,3.67,3.37
74970,3.35,2.88,3.17,3.17,2.89
74978,3.95,3.49,3.78,3.8,3.48
75010,4.4,3.92,4.14,4.21,3.91
75022,2.99,2.55,2.78,2.82,2.49
75043,3.03,2.59,2.8,2.85,2.52
75053,3.76,3.28,3.57,3.59,3.28
75078,2.14,1.7,1.92,1.98,1.61
75079,3.41,2.93,3.17,3.22,2.92
75166,2.44,1.97,2.18,2.21,1.96
75168,4.6,4.08,4.4,4.37,4.18
75174,3.19,2.72,2.98,3.02,2.7
75201,4.42,3.97,4.19,4.23,3.91
75205,3.19,2.72,2.98,3.01,2.7
75256,3.83,3.37,3.63,3.65,3.34
75269,3.42,2.96,3.25,3.27,2.94
75279,2.25,1.79,2.03,2.08,1.74
75283,3.07,2.6,2.85,2.89,2.59
75298,3.81,3.37,3.55,3.64,3.26
75309,3.32,2.86,3.11,3.14,2.83
75318,3.52,3.09,3.32,3.36,3.01
75321,3.36,2.9,3.13,3.18,2.86
75408,2.67,2.19,2.39,2.46,2.14
75441,3.78,3.32,3.46,3.58,3.2
75464,3.44,2.98,3.2,3.26,2.92
75500,3.86,3.38,3.64,3.68,3.38
75519,4.81,4.4,4.56,4.64,4.24
75540,4.05,3.71,3.86,3.94,3.45
75571,2.99,2.5,2.77,2.77,2.58
75730,3.86,3.37,3.65,3.67,3.4
75738,4.31,3.86,4.13,4.18,3.8
75753,3.91,3.44,3.68,3.73,3.41
75763,3.29,2.82,3.04,3.1,2.77
75860,3.77,3.24,3.58,3.56,3.35
75897,2.99,2.54,2.76,2.81,2.49
75900,2.77,2.32,2.54,2.6,2.25
75907,2.3,1.82,2.08,2.11,1.83
75912,2.04,1.6,1.87,1.9,1.52
75919,2.46,1.99,2.26,2.28,1.98
75925,1.68,1.2,1.45,1.49,1.19
75936,3.61,3.1,3.43,3.42,3.16
75947,4.84,4.36,4.54,4.64,4.32
75974,4.66,4.25,4.43,4.48,4.11
75990,5.35,4.89,5.12,5.18,4.83
75998,3.96,3.41,3.63,3.7,3.53
76031,4.48,4.01,4.22,4.29,3.97
76047,4.53,4.03,4.25,4.3,4.08
76090,3.42,2.97,3.19,3.24,2.89
76163,4.32,3.91,4.05,4.16,3.74
76172,3.91,3.47,3.73,3.76,3.38
76196,3.09,2.55,2.87,2.88,2.66
76208,4.08,3.61,3.79,3.89,3.54
76227,2.83,2.33,2.64,2.63,2.39
76237,3.64,3.18,3.42,3.47,3.15
76305,3.34,2.88,3.12,3.16,2.83
76312,3.27,2.88,3.08,3.13,2.71
76314,2.59,2.1,2.34,2.37,2.15
76321,3.63,3.13,3.43,3.43,3.19
76345,3.21,2.75,3.03,3.05,2.74
76390,3.96,3.5,3.76,3.79,3.45
76395,3.2,2.68,2.98,3.0,2.75
76400,3.07,2.57,2.85,2.87,2.62
76466,2.79,2.35,2.57,2.61,2.29
76484,4.1,3.63,3.91,3.92,3.62
76539,3.71,3.24,3.45,3.49,3.22
76562,4.08,3.63,3.83,3.9,3.57
76564,2.66,2.15,2.45,2.46,2.2
76567,3.33,2.87,3.09,3.15,2.8
76571,2.22,1.71,1.99,2.01,1.77
76588,3.32,2.85,3.08,3.12,2.83
76607,4.56,4.12,4.36,4.39,4.06
76610,2.24,1.75,2.04,2.05,1.77
76615,4.24,3.75,3.94,4.04,3.71
76633,3.91,3.47,3.75,3.78,3.41
76723,2.98,2.52,2.83,2.82,2.54
76767,3.92,3.45,3.75,3.75,3.45
76777,3.35,2.86,3.06,3.12,2.88
76817,3.73,3.21,3.57,3.55,3.3
76842,2.72,2.24,2.53,2.54,2.25
76855,3.26,2.78,3.04,3.07,2.77
76934,3.82,3.35,3.71,3.69,3.34
76963,1.72,1.25,1.52,1.54,1.25
76974,3.52,3.04,3.31,3.33,3.07
76983,3.06,2.6,2.82,2.88,2.57
76990,4.11,3.64,3.83,3.9,3.61
76997,4.31,3.84,4.03,4.11,3.78
77045,4.04,3.55,3.88,3.88,3.59
77056,3.47,3.0,3.24,3.28,2.96
77092,4.02,3.54,3.78,3.83,3.52
77101,3.15,2.68,2.94,2.97,2.69
77112,4.06,3.56,3.79,3.85,3.56
77147,2.96,2.46,2.72,2.76,2.51
77177,2.55,2.07,2.29,2.35,2.05
77185,4.33,3.83,4.1,4.11,3.89
77198,4.52,4.02,4.31,4.31,4.08
77200,3.85,3.4,3.63,3.68,3.33
77267,2.49,2.02,2.25,2.3,1.99
77293,3.59,3.18,3.4,3.46,3.07
77301,3.99,3.49,3.81,3.78,3.56
77309,3.02,2.54,2.79,2.83,2.54
77312,3.04,2.59,2.83,2.87,2.55
77350,3.84,3.38,3.66,3.68,3.35
77366,3.52,3.01,3.32,3.31,3.08
77369,3.09,2.65,2.83,2.9,2.57
77389,1.62,1.12,1.39,1.43,1.13
77419,3.59,3.09,3.4,3.4,3.14
77455,1.49,1.02,1.21,1.29,0.98
77519,4.51,4.03,4.31,4.34,4.04
77532,3.78,3.33,3.58,3.61,3.28
77533,3.85,3.38,3.63,3.65,3.36
77541,4.13,3.64,3.82,3.87,3.63
77577,3.45,2.99,3.23,3.27,2.94
77591,3.69,3.22,3.46,3.5,3.18
77592,4.36,3.9,4.14,4.17,3.95
77599,2.96,2.52,2.72,2.78,2.44
77620,4.64,4.16,4.43,4.44,4.16
77625,3.36,2.9,3.14,3.19,2.86
77671,2.91,2.43,2.7,2.73,2.43
77674,3.64,3.14,3.38,3.42,3.18
77696,3.75,3.37,3.49,3.61,3.14
77738,2.69,2.2,2.46,2.47,2.23
77742,2.53,2.1,2.32,2.38,2.01
77764,2.43,1.92,2.18,2.21,1.98
77814,3.31,2.84,3.04,3.09,2.81
77823,2.98,2.54,2.79,2.82,2.47
77830,3.35,2.84,3.14,3.15,2.89
77869,2.66,2.17,2.47,2.48,2.19
77885,3.52,3.03,3.36,3.37,3.06
77931,4.19,3.68,3.94,3.96,3.74
77995,3.58,3.08,3.41,3.4,3.15
78024,2.73,2.27,2.54,2.57,2.24
78031,1.61,1.17,1.41,1.44,1.11
78035,2.11,1.65,1.89,1.93,1.61
78049,2.67,2.19,2.45,2.48,2.2
78051,2.62,2.16,2.41,2.45,2.12
78080,2.86,2.38,2.64,2.68,2.36
78082,3.83,3.32,3.56,3.61,3.35
78159,3.51,3.07,3.3,3.36,2.99
78173,3.75,3.25,3.49,3.53,3.27
78181,3.68,3.18,3.48,3.49,3.24
78238,2.77,2.28,2.56,2.57,2.34
78292,2.3,1.85,2.04,2.1,1.8
78297,3.19,2.72,2.97,3.0,2.7
78319,3.82,3.34,3.61,3.66,3.33
78355,2.98,2.49,2.8,2.8,2.54
78413,3.43,2.94,3.21,3.23,2.97
78427,3.13,2.66,2.94,2.95,2.67
78437,3.1,2.57,2.83,2.84,2.72
78462,4.32,3.86,4.11,4.13,3.82
78550,4.01,3.52,3.72,3.79,3.52
78565,3.22,2.71,2.93,2.98,2.74
78583,4.2,3.73,4.02,4.03,3.72
78611,3.81,3.34,3.59,3.63,3.33
78613,3.3,2.79,3.02,3.05,2.86
78615,3.95,3.45,3.7,3.77,3.46
78666,3.62,3.14,3.42,3.44,3.15
78679,3.3,2.79,3.09,3.11,2.85
78772,3.89,3.41,3.68,3.71,3.41
78799,2.96,2.47,2.72,2.76,2.49
78809,3.91,3.43,3.71,3.73,3.43
78817,3.87,3.38,3.57,3.65,3.36
78825,4.04,3.56,3.83,3.85,3.57
78847,4.25,3.74,4.06,4.08,3.79
78878,4.06,3.6,3.9,3.91,3.57
78931,3.86,3.4,3.63,3.67,3.37
78973,3.73,3.25,3.42,3.52,3.23
78993,4.57,4.08,4.38,4.4,4.12
79009,3.06,2.56,2.86,2.87,2.6
79013,3.26,2.75,3.0,3.04,2.8
79052,3.75,3.31,3.57,3.58,3.27
79108,2.02,1.52,1.8,1.83,1.56
79124,1.73,1.21,1.39,1.48,1.26
79129,4.08,3.59,3.78,3.87,3.58
79147,3.74,3.27,3.51,3.55,3.26
79157,1.85,1.35,1.61,1.62,1.42
79167,4.21,3.81,3.97,4.05,3.65
79170,3.39,2.94,3.16,3.2,2.89
79177,2.61,2.13,2.35,2.39,2.14
79206,3.82,3.37,3.53,3.64,3.26
79215,4.75,4.23,4.59,4.55,4.32
79218,4.09,3.66,3.87,3.92,3.58
79254,4.13,3.69,3.94,3.97,3.63
79255,3.49,3.0,3.24,3.28,3.01
79260,3.55,3.09,3.39,3.4,3.07
79262,3.0,2.51,2.77,2.8,2.53
79266,3.73,3.24,3.52,3.55,3.25
79271,2.49,2.05,2.29,2.3,1.99
79322,4.76,4.31,4.6,4.62,4.24
79329,3.64,3.18,3.45,3.47,3.15
79336,3.69,3.13,3.39,3.44,3.24
79358,3.42,3.01,3.2,3.27,2.84
79359,4.01,3.52,3.89,3.84,3.57
79371,3.82,3.32,3.58,3.61,3.37
79394,2.35,1.88,2.09,2.15,1.84
79436,3.24,2.75,3.01,3.03,2.8
79492,3.92,3.42,3.61,3.7,3.4
79501,2.08,1.61,1.86,1.89,1.59
79549,3.2,2.72,2.99,3.02,2.72
79563,4.08,3.56,3.79,3.81,3.74
79565,3.4,2.9,3.19,3.2,2.96
79569,3.82,3.38,3.6,3.65,3.32
79570,3.88,3.43,3.62,3.7,3.34
79586,2.76,2.29,2.53,2.57,2.28
79688,4.0,3.51,3.75,3.81,3.5
79729,2.23,1.79,2.04,2.05,1.76
79756,3.97,3.58,3.78,3.83,3.44
79781,4.1,3.63,3.89,3.93,3.64
79849,2.77,2.32,2.54,2.58,2.28
79876,2.85,2.37,2.62,2.67,2.34
79923,1.34,0.89,1.13,1.17,0.83
79959,2.87,2.44,2.64,2.69,2.33
79974,3.19,2.7,3.03,3.02,2.73
79982,3.75,3.26,3.5,3.53,3.28
79983,2.64,2.16,2.43,2.44,2.16
80032,4.0,3.55,3.76,3.81,3.48
80043,3.45,2.98,3.28,3.29,2.98
80060,1.84,1.4,1.68,1.69,1.37
80095,1.65,1.15,1.39,1.42,1.2
80111,3.34,2.86,3.12,3.15,2.86
80128,3.33,2.91,3.12,3.18,2.8
80145,3.57,3.06,3.37,3.37,3.12
80215,1.99,1.5,1.76,1.79,1.5
80219,3.0,2.54,2.77,2.81,2.5
80239,3.42,2.96,3.22,3.25,2.94
80249,2.92,2.44,2.63,2.7,2.4
80272,3.2,2.72,2.92,2.99,2.69
80279,2.76,2.24,2.43,2.52,2.27
80305,3.85,3.35,3.65,3.66,3.38
80323,3.22,2.71,3.06,3.03,2.78
80372,3.1,2.63,2.87,2.91,2.62
80380,3.03,2.56,2.82,2.85,2.54
80386,3.91,3.44,3.72,3.72,3.44
80444,4.66,4.24,4.47,4.5,4.14
80509,3.68,3.18,3.49,3.5,3.21
80516,3.5,3.0,3.28,3.29,3.04
80534,2.84,2.39,2.63,2.66,2.35
80538,3.65,3.15,3.45,3.47,3.19
80555,3.01,2.55,2.82,2.84,2.54
80660,2.77,2.31,2.51,2.58,2.26
80662,2.91,2.45,2.67,2.73,2.4
80700,4.19,3.72,3.99,4.0,3.72
80729,3.56,3.12,3.33,3.39,3.02
80731,3.63,3.19,3.41,3.46,3.12
80865,4.73,4.23,4.46,4.52,4.23
80904,4.43,4.04,4.25,4.29,3.87
80919,2.56,2.09,2.36,2.38,2.09
80921,3.55,3.16,3.33,3.41,2.98
80924,3.74,3.29,3.53,3.57,3.22
80936,3.52,3.05,3.31,3.35,3.04
80956,3.57,3.15,3.42,3.45,3.05
80993,3.64,3.19,3.36,3.44,3.1
80999,3.67,3.2,3.45,3.48,3.21
81023,3.97,3.52,3.73,3.78,3.46
81024,3.35,2.87,3.16,3.17,2.87
81058,2.35,1.87,2.11,2.15,1.87
81066,3.57,3.14,3.39,3.41,3.06
81069,2.21,1.73,1.99,2.01,1.74
81079,2.94,2.46,2.7,2.74,2.46
81114,2.93,2.46,2.69,2.72,2.46
81118,3.76,3.3,3.54,3.56,3.29
81129,3.45,3.03,3.23,3.28,2.93
81158,3.99,3.57,3.78,3.83,3.47
81178,4.85,4.38,4.6,4.65,4.35
81208,3.2,2.72,2.97,3.0,2.72
81209,3.06,2.61,2.9,2.9,2.59
81273,3.63,3.18,3.44,3.45,3.13
81285,3.71,3.25,3.5,3.54,3.21
81333,3.53,3.05,3.28,3.32,3.05
81340,1.95,1.48,1.68,1.74,1.46
81352,3.82,3.36,3.65,3.68,3.34
81353,3.83,3.3,3.62,3.62,3.4
81393,3.06,2.61,2.83,2.89,2.54
81425,4.11,3.66,3.93,3.96,3.62
81461,2.69,2.26,2.47,2.52,2.19
81462,2.94,2.47,2.7,2.75,2.45
81471,2.56,2.09,2.32,2.38,2.05
81486,2.78,2.3,2.54,2.57,2.27
81499,4.57,4.12,4.41,4.4,4.1
81550,3.1,2.64,2.84,2.89,2.6
81556,3.66,3.21,3.46,3.5,3.17
81558,2.78,2.27,2.57,2.58,2.31
81610,3.54,3.05,3.25,3.35,3.0
81618,3.49,3.07,3.22,3.33,2.9
81644,3.11,2.64,2.9,2.93,2.63
81762,3.43,2.93,3.23,3.23,2.99
81770,3.63,3.11,3.4,3.41,3.19
81811,4.49,3.97,4.23,4.28,4.04
81815,3.5,3.01,3.33,3.34,3.03
81837,3.3,2.89,3.11,3.15,2.76
81859,4.13,3.66,3.91,3.94,3.63
81897,2.89,2.41,2.68,2.7,2.41
81898,2.51,2.0,2.26,2.3,2.05
81961,4.39,3.91,4.09,4.18,3.87
81995,3.1,2.65,2.85,2.92,2.57
82015,2.67,2.2,2.42,2.47,2.18
82043,3.37,2.88,3.17,3.18,2.91
82046,2.49,2.02,2.24,2.29,2.02
82066,3.63,3.15,3.41,3.46,3.15
82108,2.82,2.34,2.61,2.63,2.36
82130,2.94,2.46,2.71,2.73,2.47
82131,2.91,2.45,2.71,2.74,2.42
82192,3.32,2.85,3.09,3.14,2.83
82199,3.81,3.35,3.58,3.62,3.37
82217,3.88,3.39,3.69,3.69,3.44
82237,2.91,2.46,2.71,2.74,2.43
82238,4.52,4.01,4.36,4.35,4.08
82298,2.87,2.37,2.65,2.66,2.41
82328,3.46,3.04,3.26,3.31,2.95
82329,4.02,3.51,3.81,3.81,3.6
82333,3.77,3.28,3.56,3.57,3.32
82363,3.33,2.84,3.06,3.12,2.84
82365,2.36,1.79,2.06,2.1,1.95
82391,3.3,2.86,3.08,3.13,2.79
82431,2.83,2.34,2.6,2.62,2.37
82456,2.71,2.21,2.51,2.53,2.26
82465,3.34,2.87,3.13,3.15,2.85
82466,3.31,2.85,3.09,3.13,2.79
82471,3.96,3.47,3.74,3.75,3.48
82488,3.72,3.18,3.42,3.47,3.27
82512,2.58,2.03,2.29,2.33,2.15
82613,3.3,2.85,3.03,3.09,2.79
82621,3.59,3.07,3.32,3.37,3.13
82690,2.84,2.32,2.63,2.63,2.41
82709,4.11,3.65,3.85,3.9,3.61
82729,3.67,3.21,3.44,3.49,3.16
82733,3.54,3.05,3.34,3.36,3.07
82737,2.77,2.3,2.56,2.59,2.29
82752,3.65,3.14,3.37,3.39,3.26
82790,2.81,2.33,2.56,2.6,2.33
82848,2.16,1.65,1.89,1.93,1.7
82869,3.43,2.96,3.21,3.25,2.95
82887,3.43,2.96,3.24,3.26,2.95
82936,3.92,3.42,3.75,3.74,3.47
82959,4.41,3.95,4.23,4.26,3.93
82999,2.08,1.64,1.86,1.91,1.58
83010,4.45,3.94,4.2,4.24,3.99
83018,3.18,2.74,3.02,3.03,2.68
83025,4.09,3.65,3.9,3.94,3.6
83037,3.02,2.53,2.81,2.84,2.55
83044,2.4,1.92,2.18,2.22,1.91
83059,3.94,3.49,3.72,3.76,3.44
83070,3.67,3.15,3.43,3.45,3.23
83075,2.75,2.26,2.54,2.56,2.28
83088,4.35,3.85,4.14,4.16,3.93
83116,4.69,4.13,4.48,4.47,4.27
83139,2.33,1.86,2.1,2.14,1.86
83156,2.63,2.14,2.41,2.45,2.16
83224,4.88,4.46,4.59,4.71,4.31
83251,2.73,2.27,2.55,2.56,2.25
83349,2.97,2.5,2.74,2.78,2.47
83356,3.97,3.48,3.77,3.78,3.51
83375,3.78,3.28,3.54,3.57,3.32
83414,2.95,2.49,2.7,2.76,2.44
83422,4.19,3.68,3.96,3.98,3.75
83435,3.19,2.75,2.98,3.03,2.67
83460,3.49,3.01,3.28,3.3,3.01
83469,2.92,2.47,2.7,2.75,2.4
83477,4.66,4.16,4.47,4.48,4.22
83485,3.11,2.66,2.89,2.95,2.6
83528,2.3,1.81,2.09,2.1,1.84
83529,3.65,3.21,3.43,3.47,3.14
83532,3.58,3.07,3.38,3.42,3.12
83536,4.64,4.16,4.38,4.44,4.14
83541,3.34,2.9,3.12,3.18,2.81
83569,5.39,4.95,5.2,5.23,4.89
83588,3.68,3.25,3.47,3.51,3.14
83590,3.86,3.37,3.66,3.68,3.41
83643,5.5,5.07,5.26,5.33,4.97
83681,4.09,3.63,3.87,3.91,3.59
83732,2.19,1.69,1.94,1.98,1.73
83736,1.89,1.3,1.57,1.6,1.48
83738,3.27,2.8,3.1,3.12,2.8
83765,1.91,1.45,1.69,1.73,1.41
83767,2.95,2.5,2.74,2.78,2.45
83798,2.71,2.25,2.53,2.54,2.25
83813,4.18,3.73,3.96,4.01,3.67
83825,3.52,3.05,3.38,3.36,3.06
83846,3.73,3.23,3.55,3.55,3.27
83872,3.64,3.23,3.45,3.51,3.1
83887,2.7,2.25,2.48,2.53,2.19
83896,4.32,3.88,4.11,4.15,3.82
83940,3.13,2.64,2.97,2.96,2.67
83991,4.16,3.67,3.87,3.93,3.64
84031,4.45,4.05,4.18,4.26,3.85
84034,3.69,3.21,3.44,3.5,3.21
84061,3.29,2.83,3.1,3.12,2.82
84098,5.06,4.62,4.94,4.91,4.61
84135,4.86,4.34,4.51,4.63,4.36
84197,4.18,3.7,3.9,3.97,3.67
84222,3.03,2.56,2.8,2.84,2.55
84255,2.81,2.33,2.51,2.61,2.28
84298,3.4,2.93,3.16,3.22,2.88
84303,3.54,3.06,3.31,3.34,3.06
84306,3.46,2.98,3.2,3.23,3.0
84358,3.4,2.97,3.23,3.26,2.9
84397,2.19,1.71,1.97,1.99,1.73
84404,3.62,3.12,3.3,3.39,3.12
84425,3.28,2.85,3.07,3.12,2.74
84431,3.65,3.23,3.47,3.5,3.13
84437,3.55,3.05,3.31,3.33,3.09
84450,3.81,3.24,3.49,3.53,3.4
84470,4.38,3.87,4.18,4.17,3.94
84476,3.29,2.8,3.07,3.11,2.82
84495,1.32,0.88,1.11,1.13,0.86
84515,5.09,4.64,4.93,4.95,4.6
84532,3.22,2.7,3.01,3.02,2.77
84539,2.48,2.03,2.24,2.29,1.98
84542,4.31,3.84,4.04,4.1,3.79
84556,1.85,1.34,1.61,1.61,1.45
84592,4.27,3.81,4.04,4.08,3.78
84596,2.68,2.22,2.46,2.51,2.18
84603,2.54,2.05,2.34,2.35,2.09
84613,1.51,0.97,1.26,1.27,1.09
84624,3.39,2.95,3.17,3.22,2.89
84635,4.85,4.41,4.63,4.69,4.32
84699,2.86,2.38,2.62,2.67,2.38
84718,3.16,2.68,2.94,2.98,2.67
84730,4.13,3.67,3.95,3.99,3.65
84759,3.94,3.41,3.6,3.68,3.47
84823,3.34,2.89,3.2,3.19,2.86
84847,4.08,3.57,3.85,3.87,3.61
84859,4.34,3.89,4.13,4.15,3.87
84887,3.15,2.65,2.94,2.96,2.68
84891,4.31,3.86,4.11,4.14,3.8
84906,3.18,2.69,2.96,2.99,2.72
84914,3.43,2.95,3.28,3.28,2.97
84915,3.31,2.84,3.1,3.13,2.83
84916,3.82,3.34,3.53,3.61,3.32
84919,2.42,1.93,2.22,2.24,1.95
84948,3.13,2.59,2.81,2.88,2.69
84961,4.32,3.91,4.18,4.21,3.8
84983,3.29,2.85,3.08,3.13,2.78
85107,4.35,3.85,4.16,4.16,3.89
85142,3.45,2.96,3.21,3.26,2.96
85152,3.79,3.29,3.61,3.61,3.33
85181,3.32,2.88,3.09,3.15,2.81
85235,5.41,4.95,5.27,5.28,4.96
85260,3.36,2.85,3.11,3.14,2.91
85263,2.14,1.67,1.95,1.95,1.66
85264,4.1,3.62,3.89,3.92,3.63
85278,3.73,3.3,3.53,3.56,3.21
85386,4.42,4.01,4.24,4.29,3.89
85388,3.16,2.69,2.94,2.97,2.66
85430,4.47,3.97,4.26,4.27,4.05
85474,4.34,3.96,4.12,4.19,3.76
85547,3.6,3.13,3.37,3.39,3.16
85557,4.03,3.61,3.82,3.87,3.5
85576,2.67,2.18,2.43,2.48,2.19
85578,4.06,3.57,3.85,3.84,3.59
85633,3.13,2.63,2.94,2.93,2.68
85659,3.05,2.58,2.85,2.88,2.57
85660,3.72,3.24,3.54,3.55,3.25
85695,3.05,2.59,2.84,2.88,2.55
85697,4.21,3.72,4.0,4.0,3.74
85760,3.12,2.71,2.91,2.97,2.56
85783,4.46,3.96,4.29,4.28,4.02
85826,2.18,1.73,1.92,2.0,1.63
85868,2.71,2.23,2.51,2.54,2.23
85898,3.46,2.98,3.21,3.27,2.97
85915,3.73,3.23,3.57,3.56,3.29
85932,3.32,2.88,3.08,3.13,2.83
85990,2.71,2.32,2.47,2.55,2.1
86004,4.25,3.75,4.05,4.06,3.8
86035,3.21,2.73,3.0,3.02,2.74
86161,2.85,2.35,2.6,2.63,2.39
86208,4.68,4.27,4.45,4.5,4.13
86220,3.66,3.19,3.46,3.48,3.17
86293,4.71,4.27,4.47,4.53,4.17
86318,3.76,3.3,3.53,3.57,3.27
86334,2.95,2.49,2.75,2.78,2.47
86360,4.5,4.04,4.25,4.31,4.01
86364,3.96,3.49,3.8,3.81,3.49
86416,2.85,2.34,2.56,2.63,2.35
86419,4.96,4.55,4.74,4.81,4.41
86456,3.58,3.14,3.35,3.4,3.06
86460,5.02,4.55,4.77,4.84,4.49
86465,2.27,1.84,2.04,2.09,1.77
86497,2.74,2.25,2.53,2.55,2.28
86688,2.8,2.32,2.59,2.62,2.33
86761,3.68,3.22,3.43,3.48,3.18
86828,3.81,3.36,3.63,3.64,3.33
86847,3.17,2.71,2.98,3.01,2.69
86856,3.56,3.14,3.36,3.41,3.04
86940,3.16,2.69,2.96,2.99,2.67
86997,5.27,4.77,4.96,5.04,4.78
87012,3.24,2.79,3.02,3.06,2.74
87025,3.26,2.82,3.04,3.08,2.75
87053,3.58,3.12,3.36,3.41,3.09
87062,4.22,3.75,4.01,4.04,3.74
87106,4.77,4.36,4.62,4.65,4.27
87113,3.62,3.11,3.4,3.41,3.17
87176,3.09,2.67,2.87,2.94,2.55
87195,1.87,1.4,1.64,1.67,1.38
87220,3.12,2.64,2.91,2.92,2.64
87234,2.97,2.49,2.75,2.78,2.51
87265,3.63,3.15,3.42,3.45,3.13
87275,3.66,3.16,3.43,3.47,3.2
87288,2.88,2.48,2.68,2.73,2.32
87301,3.91,3.46,3.64,3.7,3.38
87336,3.4,2.89,3.22,3.2,2.94
87351,3.68,3.22,3.42,3.48,3.16
87355,3.81,3.34,3.6,3.63,3.32
87365,4.78,4.29,4.47,4.54,4.28
87385,4.28,3.81,4.11,4.11,3.82
87424,3.65,3.24,3.47,3.5,3.11
87435,2.72,2.23,2.46,2.5,2.26
87451,4.8,4.32,4.6,4.62,4.34
87487,2.83,2.36,2.64,2.65,2.36
87521,3.57,3.07,3.34,3.35,3.12
87531,4.89,4.47,4.62,4.71,4.33
87535,3.31,2.84,3.03,3.1,2.8
87614,3.62,3.13,3.41,3.43,3.17
87630,3.03,2.55,2.86,2.84,2.56
87652,3.93,3.44,3.74,3.73,3.51
87675,1.42,0.97,1.22,1.25,0.93
87709,2.95,2.51,2.72,2.78,2.43
87746,2.55,2.06,2.33,2.36,2.07
87751,3.34,2.88,3.03,3.15,2.79
87815,3.6,3.08,3.37,3.39,3.15
87867,4.25,3.83,4.0,4.08,3.69
87880,3.81,3.39,3.57,3.64,3.26
87891,4.52,4.02,4.38,4.35,4.09
87909,3.82,3.34,3.59,3.62,3.34
87918,4.84,4.34,4.66,4.65,4.43
87927,5.17,4.62,5.02,4.97,4.76
87932,4.84,4.4,4.64,4.68,4.34
87964,3.85,3.34,3.63,3.66,3.4
87978,2.71,2.21,2.53,2.52,2.26
87999,2.44,1.99,2.21,2.25,1.93
88013,3.82,3.38,3.6,3.65,3.31
88021,1.75,1.23,1.41,1.49,1.28
88046,4.51,3.97,4.31,4.24,4.25
88056,4.06,3.58,3.83,3.87,3.57
88058,4.14,3.67,3.91,3.94,3.64
88089,3.17,2.72,2.92,2.97,2.67
88128,2.79,2.31,2.56,2.59,2.32
88169,3.44,2.96,3.18,3.22,2.96
88175,3.07,2.49,2.64,2.77,2.6
88194,4.05,3.57,3.84,3.89,3.57
88255,3.3,2.81,3.02,3.08,2.83
88266,3.96,3.5,3.73,3.76,3.49
88312,4.99,4.52,4.76,4.83,4.47
88327,3.28,2.8,3.06,3.09,2.8
88376,3.59,3.08,3.39,3.41,3.14
88390,3.62,3.17,3.36,3.43,3.1
88437,3.46,2.99,3.24,3.26,3.0
88465,5.27,4.8,5.04,5.05,4.77
88491,3.79,3.29,3.59,3.59,3.34
88528,3.31,2.85,3.11,3.14,2.83
88534,3.04,2.55,2.82,2.84,2.57
88547,3.76,3.28,3.54,3.56,3.31
88603,2.2,1.74,1.98,2.02,1.7
88621,3.21,2.7,3.01,3.01,2.76
88625,2.59,2.11,2.37,2.39,2.12
88643,3.2,2.71,2.99,3.0,2.77
88687,2.45,2.0,2.24,2.27,1.95
88705,1.76,1.29,1.56,1.58,1.29
88759,3.11,2.59,2.89,2.9,2.68
88772,2.74,2.29,2.5,2.56,2.23
88851,2.2,1.73,1.98,1.99,1.81
88854,2.54,2.07,2.31,2.35,2.05
88856,4.65,4.11,4.35,4.43,4.2
88902,2.88,2.48,2.65,2.71,2.32
88910,3.87,3.44,3.65,3.69,3.36
88920,3.68,3.27,3.47,3.53,3.12
88921,3.08,2.61,2.87,2.9,2.6
88925,1.87,1.42,1.66,1.7,1.38
88985,3.15,2.68,2.93,2.97,2.66
88992,3.54,3.07,3.32,3.34,3.05
89003,4.62,4.09,4.36,4.38,4.21
89021,3.29,2.82,3.04,3.09,2.81
89022,4.08,3.6,3.91,3.91,3.61
89075,2.7,2.25,2.54,2.57,2.2
89101,4.09,3.57,3.79,3.87,3.59
89124,4.08,3.62,3.88,3.9,3.59
89131,3.35,2.86,3.2,3.17,2.9
89182,4.89,4.4,4.68,4.67,4.42
89197,2.63,2.13,2.38,2.41,2.19
89209,2.89,2.39,2.66,2.69,2.41
89237,3.44,2.94,3.22,3.26,2.95
89252,2.73,2.27,2.55,2.56,2.26
89275,3.82,3.36,3.49,3.62,3.25
89279,2.05,1.53,1.76,1.82,1.57
89311,3.28,2.74,2.94,3.02,2.83
89332,4.74,4.22,4.38,4.48,4.26
89335,3.13,2.65,2.82,2.92,2.63
89348,4.15,3.71,3.93,3.99,3.62
89350,4.94,4.51,4.71,4.76,4.42
89353,4.31,3.87,4.14,4.16,3.79
89382,4.27,3.68,3.94,4.0,3.84
89389,3.99,3.48,3.76,3.77,3.54
89414,1.87,1.43,1.63,1.66,1.35
89418,3.35,2.9,3.1,3.16,2.83
89441,2.54,2.07,2.32,2.34,2.09
89503,2.33,1.86,2.13,2.15,1.85
89509,3.0,2.52,2.76,2.82,2.48
89512,4.36,3.84,4.14,4.14,3.94
89526,3.24,2.79,3.07,3.07,2.77
89530,3.52,3.06,3.26,3.33,3.01
89576,4.02,3.56,3.81,3.84,3.54
89579,2.51,2.02,2.22,2.29,2.02
89598,2.87,2.36,2.63,2.65,2.41
89693,3.68,3.2,3.44,3.48,3.22
89709,2.89,2.46,2.7,2.73,2.37
89748,2.27,1.86,2.07,2.11,1.76
89769,4.17,3.79,4.0,4.05,3.62
89800,3.48,3.02,3.3,3.31,3.0
89933,2.85,2.34,2.67,2.66,2.41
89940,1.89,1.36,1.62,1.66,1.43
89952,2.42,1.94,2.21,2.25,1.92
89967,3.1,2.66,2.85,2.93,2.57
89989,3.03,2.54,2.82,2.85,2.54
90026,4.07,3.57,3.82,3.85,3.62
90043,3.63,3.13,3.45,3.45,3.17
90047,3.64,3.12,3.41,3.41,3.21
90079,3.72,3.26,3.5,3.53,3.23
90080,4.34,3.89,4.11,4.14,3.82
90084,1.75,1.27,1.54,1.57,1.28
90088,3.4,2.93,3.25,3.25,2.93
90093,3.69,3.24,3.46,3.5,3.19
90100,3.53,2.99,3.23,3.26,3.09
90192,3.14,2.68,2.93,2.97,2.65
90198,2.95,2.49,2.71,2.77,2.45
90299,3.11,2.7,2.88,2.96,2.55
90344,3.32,2.84,3.14,3.14,2.86
90361,3.77,3.31,3.54,3.59,3.27
90397,2.66,2.19,2.48,2.49,2.19
90425,4.14,3.63,3.98,3.94,3.71
90426,2.66,2.17,2.36,2.42,2.18
90438,4.37,3.91,4.15,4.16,3.89
90441,4.24,3.74,4.0,4.01,3.8
90506,3.52,3.01,3.33,3.32,3.08
90521,3.5,3.02,3.29,3.31,3.04
90557,2.77,2.29,2.49,2.55,2.3
90611,3.7,3.23,3.46,3.51,3.21
90614,3.56,3.08,3.39,3.39,3.1
90631,2.05,1.52,1.74,1.81,1.58
90643,4.04,3.55,3.9,3.87,3.58
90667,2.8,2.32,2.57,2.6,2.36
90676,2.5,2.04,2.28,2.33,2.0
90677,1.99,1.51,1.75,1.8,1.5
90685,2.9,2.43,2.72,2.73,2.42
90696,4.19,3.73,3.97,4.01,3.71
90721,4.06,3.64,3.86,3.89,3.53
90723,1.79,1.34,1.57,1.62,1.27
90739,3.01,2.58,2.77,2.84,2.47
90760,3.17,2.66,2.96,2.96,2.73
90767,3.4,2.92,3.17,3.2,2.93
90851,2.73,2.31,2.53,2.58,2.21
90864,3.99,3.47,3.81,3.8,3.54
90875,1.77,1.3,1.55,1.59,1.25
90898,4.18,3.68,4.01,4.0,3.74
90903,3.79,3.29,3.59,3.59,3.34
90943,2.0,1.58,1.75,1.85,1.43
90949,3.45,3.02,3.28,3.28,2.98
90962,3.61,3.13,3.38,3.42,3.12
91049,4.24,3.76,4.0,4.04,3.74
91051,5.16,4.69,4.93,4.96,4.66
91107,4.34,3.95,4.15,4.22,3.77
91133,3.73,3.31,3.51,3.57,3.18
91141,3.06,2.62,2.88,2.93,2.53
91144,2.25,1.8,2.01,2.07,1.73
91154,4.92,4.48,4.68,4.72,4.43
91170,3.77,3.32,3.52,3.58,3.25
91181,2.27,1.81,2.01,2.09,1.73
91207,2.79,2.32,2.57,2.63,2.28
91232,3.92,3.41,3.59,3.68,3.41
91247,4.78,4.3,4.54,4.58,4.28
91250,3.44,2.98,3.26,3.27,2.96
91256,3.98,3.51,3.77,3.79,3.48
91258,4.19,3.76,3.95,4.03,3.67
91271,2.31,1.84,2.12,2.14,1.8
91280,2.93,2.42,2.73,2.73,2.47
91292,3.77,3.27,3.47,3.56,3.28
91324,4.2,3.72,3.95,3.99,3.72
91332,4.5,4.03,4.21,4.28,3.98
91353,2.57,2.07,2.33,2.37,2.08
91363,4.22,3.69,4.01,4.01,3.79
91390,4.19,3.73,3.9,3.99,3.65
91392,2.49,2.04,2.27,2.31,1.97
91476,2.61,2.14,2.37,2.42,2.1
91484,4.4,3.9,4.16,4.18,3.93
91572,4.26,3.72,3.98,4.02,3.8
91592,3.75,3.31,3.58,3.62,3.23
91595,3.45,2.95,3.21,3.22,3.02
91616,2.96,2.49,2.72,2.77,2.47
91652,4.54,4.01,4.31,4.3,4.11
91703,2.67,2.2,2.46,2.49,2.17
91721,2.81,2.37,2.6,2.65,2.3
91731,3.45,2.99,3.26,3.3,2.97
91748,3.72,3.23,3.53,3.53,3.28
91775,4.52,3.97,4.3,4.3,4.11
91838,4.44,4.0,4.22,4.27,3.92
91842,4.67,4.13,4.51,4.47,4.27
91845,4.44,3.93,4.27,4.27,4.0
91858,3.03,2.59,2.81,2.86,2.51
91864,4.41,3.97,4.17,4.23,3.87
91965,2.89,2.42,2.61,2.69,2.39
91969,4.21,3.72,4.0,4.02,3.74
91971,2.78,2.34,2.55,2.6,2.26
92030,3.92,3.43,3.72,3.73,3.46
92107,3.46,2.99,3.21,3.27,2.95
92112,4.69,4.21,4.44,4.47,4.25
92143,3.65,3.15,3.45,3.44,3.24
92148,2.23,1.75,2.03,2.05,1.76
92149,2.47,2.0,2.25,2.28,1.98
92187,3.87,3.37,3.66,3.68,3.4
92259,3.85,3.38,3.63,3.66,3.38
92279,3.42,2.97,3.26,3.26,2.95
92295,3.62,3.11,3.39,3.41,3.16
92298,2.98,2.51,2.83,2.81,2.52
92301,2.91,2.43,2.69,2.72,2.45
92302,4.44,3.99,4.24,4.27,3.93
92310,3.49,3.02,3.29,3.32,3.01
92314,3.86,3.4,3.64,3.7,3.39
92315,3.48,3.0,3.22,3.27,3.0
92373,3.58,3.12,3.37,3.43,3.05
92374,2.77,2.29,2.59,2.59,2.32
92377,3.25,2.75,2.96,3.03,2.76
92398,4.91,4.45,4.7,4.74,4.41
92411,4.11,3.69,3.86,3.92,3.55
92412,3.52,3.01,3.37,3.34,3.1
92423,2.71,2.19,2.48,2.49,2.27
92427,3.55,3.09,3.34,3.37,3.06
92428,4.31,3.84,4.03,4.11,3.78
92431,3.59,3.15,3.37,3.42,3.07
92446,2.47,2.0,2.25,2.27,1.99
92490,3.24,2.77,2.95,3.04,2.73
92510,4.38,3.93,4.18,4.21,3.87
92558,3.98,3.54,3.77,3.82,3.49
92578,3.14,2.67,2.91,2.94,2.65
92611,3.63,3.12,3.3,3.39,3.16
92635,4.46,4.0,4.16,4.26,3.92
92637,4.45,3.93,4.23,4.24,4.01
92643,4.23,3.73,4.0,4.02,3.78
92667,3.59,3.14,3.38,3.42,3.11
92722,3.81,3.38,3.58,3.65,3.28
92723,4.25,3.76,4.08,4.05,3.81
92724,4.08,3.54,3.79,3.83,3.64
92753,3.89,3.45,3.69,3.73,3.39
92784,3.39,2.92,3.19,3.21,2.91
92796,3.67,3.23,3.45,3.5,3.14
92824,3.4,2.91,3.19,3.22,2.92
92827,2.59,2.14,2.37,2.41,2.1
92840,3.98,3.53,3.78,3.8,3.47
92849,3.53,3.08,3.27,3.34,3.02
92861,2.32,1.87,2.11,2.15,1.84
92874,1.61,1.11,1.4,1.41,1.15
92894,2.58,2.1,2.35,2.39,2.09
92924,3.34,2.88,3.13,3.18,2.83
92950,3.65,3.23,3.43,3.49,3.13
92956,4.0,3.51,3.77,3.82,3.53
92990,2.67,2.2,2.5,2.51,2.19
92993,3.57,3.07,3.38,3.37,3.12
92995,2.41,1.92,2.16,2.22,1.91
93051,3.94,3.42,3.72,3.73,3.5
93066,3.41,2.92,3.17,3.21,2.95
93124,4.44,3.98,4.2,4.26,3.91
93225,3.74,3.26,3.56,3.56,3.27
93234,3.3,2.89,3.06,3.13,2.74
93239,1.47,1.02,1.25,1.29,0.98
93312,2.85,2.38,2.59,2.65,2.34
93314,2.63,2.15,2.44,2.46,2.15
93331,2.28,1.78,2.02,2.07,1.81
93441,3.67,3.2,3.48,3.5,3.17
93486,2.87,2.44,2.66,2.71,2.34
93557,3.67,3.19,3.45,3.47,3.19
93601,4.21,3.73,3.99,4.03,3.72
93610,3.17,2.68,2.94,2.97,2.69
93674,2.92,2.45,2.68,2.73,2.43
93677,4.13,3.66,3.84,3.92,3.61
93711,2.32,1.91,2.12,2.17,1.79
93713,4.1,3.64,3.84,3.9,3.58
93742,3.24,2.8,3.03,3.08,2.74
93782,3.28,2.83,3.01,3.09,2.75
93791,3.16,2.67,2.91,2.94,2.7
93822,4.44,3.96,4.2,4.23,3.94
93927,3.38,2.89,3.17,3.21,2.92
93966,3.65,3.23,3.46,3.5,3.13
93983,3.11,2.69,2.9,2.95,2.61
93992,1.72,1.16,1.41,1.44,1.29
93998,3.44,2.96,3.22,3.25,2.97
94001,3.67,3.19,3.49,3.5,3.2
94012,3.36,2.85,3.17,3.17,2.89
94017,3.11,2.68,2.85,2.91,2.59
94050,2.63,2.16,2.46,2.47,2.16
94051,4.59,4.11,4.38,4.41,4.14
94060,2.11,1.64,1.92,1.94,1.64
94102,4.06,3.56,3.77,3.84,3.58
94106,4.75,4.36,4.53,4.59,4.18
94107,3.55,3.14,3.36,3.41,3.03
94118,4.11,3.53,3.7,3.81,3.66
94123,2.81,2.3,2.54,2.59,2.36
94140,4.2,3.77,4.04,4.05,3.69
94153,4.48,3.99,4.22,4.27,3.98
94176,3.62,3.19,3.41,3.45,3.1
94225,3.61,3.13,3.35,3.4,3.13
94252,2.12,1.61,1.91,1.92,1.67
94278,3.75,3.29,3.5,3.55,3.25
94280,2.93,2.45,2.73,2.74,2.47
94306,2.85,2.39,2.64,2.67,2.35
94367,3.69,3.19,3.49,3.49,3.24
94370,3.49,3.02,3.26,3.3,3.0
94380,4.14,3.68,3.92,3.95,3.65
94407,3.39,2.86,3.11,3.16,2.95
94423,3.14,2.69,2.95,2.97,2.65
94454,3.54,3.02,3.22,3.29,3.08
94480,3.28,2.78,3.08,3.09,2.84
94509,2.97,2.54,2.72,2.8,2.42
94549,3.27,2.86,3.02,3.1,2.69
94553,3.02,2.58,2.83,2.86,2.52
94555,3.82,3.35,3.65,3.66,3.35
94610,1.93,1.49,1.7,1.76,1.4
94726,3.25,2.77,3.06,3.08,2.77
94728,2.71,2.24,2.49,2.52,2.22
94735,3.21,2.74,2.99,3.03,2.71
94736,3.24,2.71,2.95,2.99,2.8
94770,2.69,2.18,2.46,2.47,2.24
94808,2.82,2.35,2.62,2.64,2.35
94820,4.79,4.34,4.55,4.6,4.26
94839,3.99,3.51,3.77,3.79,3.5
94882,3.54,3.1,3.32,3.36,3.01
94892,4.07,3.62,3.84,3.89,3.56
94939,3.92,3.42,3.71,3.74,3.47
94958,3.59,3.13,3.41,3.42,3.12
95059,2.74,2.24,2.55,2.54,2.31
95082,2.44,1.97,2.22,2.26,1.94
95088,4.37,3.95,4.19,4.23,3.83
95094,3.57,3.14,3.37,3.41,3.06
95143,3.89,3.41,3.68,3.71,3.44
95164,3.08,2.63,2.91,2.91,2.6
95167,3.75,3.25,3.56,3.57,3.3
95178,4.02,3.56,3.77,3.8,3.49
95187,3.8,3.35,3.55,3.63,3.26
95197,3.48,3.0,3.29,3.3,3.02
95209,2.61,2.1,2.4,2.4,2.16
95218,3.16,2.67,2.95,2.98,2.66
95222,3.46,3.01,3.24,3.28,2.96
95225,3.98,3.47,3.76,3.79,3.48
95227,3.86,3.37,3.7,3.69,3.38
95229,4.3,3.87,4.03,4.11,3.75
95262,3.7,3.21,3.53,3.52,3.24
95268,3.4,2.93,3.18,3.2,2.93
95288,3.42,2.92,3.17,3.21,2.96
95298,4.06,3.65,3.81,3.9,3.49
95316,2.68,2.22,2.45,2.52,2.17
95511,3.14,2.67,2.93,2.97,2.64
95528,2.55,2.11,2.32,2.37,2.05
95546,4.01,3.56,3.78,3.82,3.49
95581,2.74,2.29,2.47,2.54,2.2
95597,3.85,3.38,3.61,3.65,3.37
95601,3.5,3.0,3.28,3.32,3.01
95634,2.08,1.59,1.84,1.87,1.61
95687,3.53,3.06,3.25,3.33,3.0
95772,3.79,3.28,3.53,3.56,3.34
95789,3.35,2.87,3.18,3.15,2.93
95798,2.83,2.34,2.6,2.63,2.36
95822,3.31,2.83,3.05,3.12,2.8
95836,4.12,3.67,3.88,3.95,3.59
95838,2.82,2.35,2.6,2.63,2.34
95906,2.33,1.85,2.07,2.13,1.83
95909,4.4,3.97,4.15,4.22,3.87
95928,3.71,3.2,3.47,3.51,3.25
95966,2.38,1.87,2.11,2.13,1.94
95998,4.16,3.71,3.92,3.98,3.65
96051,3.24,2.76,2.99,3.05,2.75
96061,3.22,2.7,3.03,3.02,2.79
96082,3.66,3.17,3.39,3.46,3.17
96084,4.21,3.73,4.03,4.04,3.74
96106,2.4,1.99,2.17,2.24,1.83
96138,3.22,2.73,3.0,3.03,2.74
96166,4.21,3.68,4.0,4.0,3.77
96237,3.24,2.75,3.02,3.05,2.77
96263,3.07,2.59,2.88,2.89,2.61
96322,4.23,3.82,3.99,4.05,3.68
96349,2.79,2.28,2.55,2.58,2.34
96396,1.66,1.16,1.43,1.41,1.28
96398,3.6,3.12,3.39,3.4,3.12
96412,3.97,3.5,3.71,3.78,3.46
96506,3.79,3.32,3.56,3.6,3.3
96529,2.84,2.34,2.57,2.62,2.36
96540,4.21,3.74,4.0,4.03,3.71
96552,3.76,3.35,3.55,3.61,3.2
96563,3.3,2.83,3.08,3.12,2.8
96632,3.48,2.97,3.28,3.29,3.02
96655,4.56,4.08,4.33,4.37,4.07
96675,3.03,2.58,2.81,2.85,2.53
96688,4.31,3.79,4.06,4.07,3.88
96711,4.12,3.63,3.91,3.95,3.64
96717,3.75,3.27,3.53,3.56,3.28
96725,3.81,3.34,3.59,3.61,3.34
96742,2.86,2.4,2.64,2.66,2.37
96765,4.06,3.58,3.86,3.88,3.59
96816,2.73,2.28,2.51,2.55,2.23
96820,3.31,2.81,3.11,3.11,2.87
96835,2.96,2.5,2.7,2.76,2.46
96904,2.12,1.65,1.89,1.94,1.63
96953,3.94,3.56,3.74,3.82,3.38
97014,3.93,3.48,3.7,3.75,3.41
97021,2.78,2.3,2.53,2.58,2.28
97034,2.24,1.81,2.01,2.07,1.74
97035,3.56,3.07,3.27,3.32,3.06
97060,4.41,4.0,4.19,4.25,3.87
97064,5.0,4.51,4.85,4.85,4.54
97065,2.87,2.41,2.65,2.69,2.38
97113,2.9,2.47,2.68,2.72,2.39
97133,3.09,2.67,2.85,2.92,2.54
97140,3.72,3.15,3.4,3.44,3.3
97143,3.25,2.78,3.05,3.07,2.77
97166,4.08,3.61,3.85,3.9,3.58
97213,3.57,3.14,3.33,3.39,3.04
97214,4.24,3.8,4.01,4.06,3.71
97217,4.08,3.61,3.88,3.89,3.59
97241,4.09,3.59,3.85,3.89,3.61
97275,2.0,1.56,1.79,1.85,1.48
97287,2.46,1.94,2.26,2.27,1.98
97309,4.51,4.01,4.32,4.32,4.07
97331,3.64,3.13,3.5,3.46,3.21
97405,2.66,2.19,2.46,2.47,2.18
97432,1.69,1.18,1.42,1.47,1.22
97463,3.05,2.57,2.79,2.85,2.54
97475,2.89,2.41,2.72,2.75,2.41
97494,3.42,2.96,3.24,3.27,2.92
97565,2.82,2.34,2.59,2.63,2.33
97582,3.63,3.21,3.4,3.46,3.09
97600,3.01,2.49,2.8,2.81,2.57
97615,4.4,3.94,4.19,4.22,3.92
97644,3.45,3.01,3.24,3.29,2.92
97656,3.85,3.4,3.62,3.67,3.33
97684,4.84,4.41,4.55,4.64,4.29
97685,3.26,2.77,3.0,3.06,2.77
97717,3.34,2.84,3.14,3.13,2.9
97720,3.74,3.27,3.53,3.56,3.25
97723,3.7,3.18,3.54,3.51,3.27
97772,4.78,4.32,4.49,4.59,4.25
97780,4.42,3.94,4.16,4.2,3.93
97789,3.27,2.8,3.03,3.08,2.77
97845,3.71,3.24,3.48,3.52,3.22
97858,2.32,1.83,2.07,2.12,1.85
97866,4.21,3.67,3.93,3.97,3.77
97882,4.43,3.94,4.23,4.23,3.97
97897,2.21,1.77,2.0,2.03,1.72
97927,3.31,2.83,3.08,3.1,2.85
97937,3.73,3.23,3.54,3.55,3.27
97970,2.63,2.09,2.3,2.37,2.16
98006,2.37,1.85,2.08,2.14,1.88
98037,1.73,1.32,1.53,1.58,1.21
98054,1.5,1.01,1.26,1.29,1.02
98063,2.97,2.52,2.75,2.8,2.44
98124,5.03,4.48,4.78,4.78,4.61
98196,3.0,2.5,2.79,2.8,2.53
98205,2.62,2.16,2.37,2.43,2.09
98234,2.54,2.08,2.33,2.36,2.07
98262,3.95,3.46,3.71,3.74,3.48
98265,2.23,1.81,2.03,2.07,1.72
98276,3.61,3.15,3.41,3.44,3.12
98296,3.23,2.78,2.99,3.04,2.71
98330,3.91,3.41,3.68,3.69,3.44
98371,4.72,4.28,4.55,4.56,4.22
98400,3.04,2.56,2.88,2.88,2.58
98430,3.74,3.21,3.44,3.47,3.3
98457,4.42,3.95,4.14,4.21,3.91
98470,3.21,2.73,2.96,3.01,2.71
98472,3.23,2.75,3.0,3.04,2.74
98528,2.82,2.39,2.62,2.66,2.3
98529,4.21,3.74,4.01,4.03,3.7
98530,3.72,3.27,3.52,3.55,3.24
98543,3.6,3.15,3.42,3.44,3.13
98568,4.09,3.64,3.87,3.91,3.58
98578,3.67,3.18,3.47,3.48,3.21
98605,3.55,3.08,3.26,3.33,3.05
98643,3.4,2.93,3.14,3.21,2.89
98647,3.41,2.96,3.19,3.24,2.91
98659,3.95,3.51,3.69,3.77,3.41
98660,3.3,2.82,3.13,3.13,2.84
98727,2.05,1.62,1.85,1.89,1.55
98733,5.23,4.72,4.92,5.0,4.75
98772,3.35,2.9,3.17,3.19,2.87
98882,3.24,2.79,3.01,3.06,2.74
98963,3.6,3.12,3.41,3.41,3.13
98996,4.6,4.11,4.33,4.4,4.1
99044,1.99,1.56,1.79,1.82,1.49
99070,4.47,3.97,4.21,4.24,4.01
99108,4.44,4.0,4.22,4.28,3.92
99115,3.41,2.92,3.28,3.25,2.96
99118,3.35,2.85,3.12,3.15,2.89
99143,3.59,3.14,3.42,3.42,3.08
99210,3.34,2.85,3.07,3.13,2.85
99254,4.39,3.91,4.19,4.2,3.92
99295,4.22,3.72,3.96,4.01,3.74
99317,2.6,2.17,2.39,2.45,2.05
99374,3.61,3.15,3.37,3.43,3.1
99382,2.84,2.39,2.62,2.68,2.32
99411,2.7,2.21,2.49,2.51,2.24
99414,3.74,3.26,3.54,3.55,3.28
99462,3.07,2.59,2.88,2.89,2.6
99466,3.23,2.7,2.98,3.01,2.79
99490,2.09,1.66,1.87,1.93,1.54
99518,4.15,3.72,3.86,3.97,3.59
99540,3.93,3.42,3.66,3.71,3.46
99546,3.09,2.66,2.89,2.93,2.58
99622,3.36,2.86,3.12,3.15,2.91
99626,1.58,1.12,1.36,1.4,1.09
99657,3.26,2.82,3.03,3.09,2.74
99667,3.36,2.92,3.19,3.21,2.87
99682,4.01,3.49,3.78,3.79,3.57
99693,3.44,2.92,3.25,3.24,2.99
99694,3.38,2.88,3.15,3.17,2.92
99702,3.1,2.64,2.89,2.94,2.6
99722,2.9,2.44,2.62,2.71,2.38
99728,2.51,2.05,2.29,2.33,2.0
99790,3.9,3.45,3.74,3.77,3.39
99791,3.49,3.0,3.28,3.3,3.03
99792,4.51,4.04,4.28,4.32,4.01
99804,2.63,2.17,2.44,2.45,2.15
99806,3.93,3.41,3.76,3.71,3.51
99809,3.82,3.33,3.64,3.64,3.35
99824,2.94,2.44,2.72,2.75,2.47
99890,4.82,4.38,4.61,4.66,4.28
99904,4.96,4.49,4.75,4.77,4.48
99967,4.48,4.07,4.27,4.34,3.95
100033,2.9,2.45,2.67,2.72,2.39
100117,3.79,3.29,3.55,3.58,3.33
100160,3.8,3.34,3.54,3.6,3.3
100198,4.43,3.97,4.21,4.26,3.92
100268,3.03,2.59,2.78,2.86,2.49
100281,3.54,3.06,3.27,3.34,3.02
100320,3.37,2.93,3.15,3.2,2.84
100329,2.42,1.99,2.21,2.24,1.91
100380,3.9,3.44,3.67,3.71,3.41
100416,3.61,3.13,3.4,3.42,3.14
100450,4.17,3.73,3.94,4.0,3.65
100493,3.45,2.96,3.24,3.26,2.98
100510,3.92,3.43,3.7,3.72,3.47
100515,3.26,2.77,3.04,3.06,2.78
100516,2.24,1.77,2.01,2.04,1.75
100519,4.2,3.74,3.98,4.02,3.67
100532,4.06,3.54,3.8,3.85,3.59
100540,4.23,3.77,4.07,4.06,3.74
100551,3.17,2.71,2.96,3.0,2.67
100555,3.67,3.22,3.38,3.48,3.12
100566,3.74,3.27,3.54,3.56,3.25
100594,3.35,2.91,3.12,3.18,2.83
100628,4.02,3.49,3.84,3.81,3.62
100637,4.03,3.5,3.75,3.8,3.57
100645,3.58,3.13,3.39,3.43,3.07
100664,2.67,2.19,2.41,2.47,2.17
100746,3.66,3.19,3.45,3.48,3.17
100747,2.91,2.49,2.73,2.75,2.41
100797,3.04,2.58,2.82,2.86,2.56
100809,1.99,1.51,1.74,1.78,1.5
100828,3.18,2.71,2.96,2.99,2.7
100838,2.94,2.48,2.73,2.77,2.44
100892,4.5,4.03,4.25,4.3,4.02
100896,4.07,3.58,3.87,3.9,3.6
100934,2.21,1.72,1.99,2.0,1.77
100939,3.22,2.76,3.05,3.06,2.75
100957,2.81,2.28,2.53,2.59,2.35
100960,1.89,1.41,1.64,1.69,1.41
100978,2.53,2.07,2.33,2.37,2.04
100995,3.63,3.19,3.43,3.47,3.12
101037,3.92,3.44,3.72,3.73,3.44
101083,2.82,2.34,2.6,2.62,2.35
101107,3.97,3.54,3.81,3.85,3.47
101146,2.93,2.44,2.69,2.73,2.45
101161,3.11,2.67,2.88,2.94,2.59
101163,3.75,3.27,3.6,3.61,3.28
101252,3.04,2.53,2.75,2.82,2.56
101322,3.84,3.35,3.63,3.65,3.38
101344,3.71,3.2,3.5,3.49,3.28
101369,4.25,3.78,4.0,4.06,3.74
101407,3.83,3.36,3.64,3.66,3.35
101487,2.34,1.89,2.17,2.18,1.85
101502,3.82,3.37,3.65,3.68,3.32
101504,3.99,3.5,3.78,3.8,3.54
101532,4.63,4.2,4.34,4.41,4.08
101553,3.18,2.73,2.98,2.99,2.7
101569,3.65,3.18,3.43,3.46,3.15
101585,4.09,3.67,3.86,3.94,3.52
101700,3.38,2.91,3.12,3.18,2.86
101769,3.64,3.16,3.47,3.47,3.18
101793,2.05,1.57,1.82,1.85,1.58
101820,3.7,3.21,3.52,3.53,3.24
101839,3.59,3.14,3.45,3.44,3.11
101840,3.64,3.14,3.35,3.41,3.15
101929,3.26,2.8,3.05,3.09,2.76
101952,3.04,2.52,2.82,2.83,2.58
101955,4.47,4.01,4.25,4.28,3.96
102002,2.84,2.36,2.56,2.63,2.33
102003,3.26,2.77,3.01,3.04,2.78
102027,3.67,3.23,3.45,3.5,3.17
102044,3.71,3.16,3.42,3.41,3.31
102053,1.89,1.46,1.7,1.73,1.36
102088,3.16,2.71,2.93,2.99,2.65
102117,5.35,4.77,4.96,5.09,4.88
102121,3.28,2.83,3.03,3.09,2.77
102203,3.0,2.54,2.78,2.84,2.49
102229,2.44,2.01,2.22,2.27,1.89
102250,3.42,2.95,3.22,3.24,2.94
102286,3.1,2.65,2.87,2.93,2.6
102300,3.18,2.72,2.98,3.0,2.72
102307,2.96,2.48,2.75,2.77,2.48
102309,3.92,3.45,3.7,3.74,3.44
102333,3.81,3.31,3.54,3.6,3.32
102334,1.97,1.46,1.73,1.75,1.52
102353,2.98,2.52,2.76,2.79,2.47
102360,3.43,2.94,3.22,3.24,2.98
102409,3.49,3.0,3.23,3.28,3.0
102464,3.12,2.64,2.9,2.93,2.63
102465,3.85,3.48,3.63,3.72,3.24
102478,3.87,3.37,3.62,3.66,3.39
102497,2.89,2.41,2.72,2.72,2.45
102524,3.47,3.05,3.28,3.32,2.96
102528,2.75,2.3,2.54,2.58,2.26
102529,4.36,3.97,4.17,4.22,3.78
102566,3.08,2.59,2.9,2.9,2.63
102570,3.85,3.34,3.65,3.64,3.41
102589,3.16,2.68,2.98,2.98,2.7
102616,4.55,4.12,4.4,4.42,4.06
102624,3.72,3.21,3.48,3.5,3.27
102741,2.98,2.52,2.81,2.81,2.5
102747,3.34,2.87,3.09,3.14,2.84
102749,4.35,3.88,4.13,4.17,3.86
102803,2.92,2.47,2.74,2.76,2.43
102846,2.89,2.44,2.68,2.72,2.4
102851,3.07,2.61,2.86,2.9,2.57
102856,3.84,3.36,3.61,3.63,3.35
102868,3.44,2.97,3.22,3.26,2.95
102927,3.72,3.24,3.55,3.54,3.25
102933,3.62,3.14,3.41,3.44,3.13
102934,3.1,2.6,2.91,2.92,2.65
102964,3.97,3.48,3.73,3.77,3.48
102976,2.65,2.17,2.42,2.43,2.19
102989,3.34,2.88,3.11,3.17,2.84
103021,4.05,3.53,3.83,3.85,3.61
103044,3.3,2.82,3.07,3.11,2.83
103048,5.21,4.72,5.04,5.08,4.75
103090,3.95,3.49,3.79,3.78,3.46
103111,3.31,2.82,3.12,3.12,2.85
103113,4.61,4.14,4.33,4.38,4.13
103129,2.16,1.77,1.97,2.03,1.6
103146,3.31,2.82,3.1,3.12,2.85
103153,3.83,3.37,3.61,3.64,3.34
103154,4.24,3.72,4.04,4.04,3.81
103155,4.21,3.71,3.98,3.99,3.75
103171,3.54,3.07,3.3,3.35,3.04
103185,2.71,2.25,2.42,2.5,2.18
103237,3.22,2.72,2.93,3.0,2.73
103259,3.54,3.06,3.29,3.32,3.08
103294,4.28,3.82,4.05,4.08,3.77
103314,2.9,2.45,2.67,2.72,2.39
103357,1.46,0.95,1.22,1.26,1.0
103417,2.26,1.79,2.01,2.07,1.74
103420,1.42,0.94,1.21,1.24,0.95
103467,4.47,4.04,4.26,4.32,3.94
103468,2.53,2.07,2.26,2.33,2.01
103474,4.27,3.75,4.11,4.07,3.86
103487,4.72,4.3,4.52,4.57,4.22
103488,1.64,1.18,1.42,1.43,1.14
103518,3.51,3.11,3.33,3.37,2.97
103547,3.7,3.25,3.5,3.52,3.21
103568,4.57,4.19,4.34,4.42,3.94
103600,3.17,2.69,2.91,2.97,2.67
103693,2.7,2.24,2.51,2.53,2.22
103773,3.47,3.02,3.26,3.3,2.96
103843,2.67,2.19,2.48,2.49,2.21
103848,2.65,2.19,2.43,2.48,2.15
103864,2.64,2.17,2.36,2.45,2.12
103872,2.33,1.87,2.12,2.16,1.84
103892,3.5,3.05,3.33,3.33,3.03
103895,4.64,4.2,4.37,4.46,4.09
103943,3.23,2.76,3.06,3.07,2.76
103948,3.67,3.15,3.49,3.47,3.23
103963,3.67,3.16,3.45,3.45,3.21
103977,3.85,3.38,3.67,3.68,3.37
104051,3.13,2.56,2.91,2.9,2.74
104055,3.75,3.23,3.5,3.52,3.32
104072,4.11,3.64,3.9,3.93,3.6
104103,3.26,2.76,3.06,3.06,2.8
104105,3.63,3.11,3.32,3.39,3.16
104141,3.23,2.78,3.06,3.07,2.75
104147,1.73,1.28,1.49,1.54,1.24
104159,2.61,2.1,2.38,2.42,2.15
104164,3.82,3.43,3.57,3.67,3.22
104179,3.9,3.41,3.72,3.72,3.45
104186,2.6,2.12,2.37,2.38,2.13
104189,3.41,2.95,3.21,3.24,2.93
104206,3.33,2.86,3.1,3.14,2.86
104207,4.72,4.28,4.52,4.55,4.22
104255,4.16,3.7,3.95,3.98,3.65
104264,2.17,1.72,1.94,2.0,1.65
104292,4.87,4.32,4.66,4.62,4.45
104315,4.12,3.68,3.93,3.97,3.63
104323,4.47,3.98,4.22,4.26,3.96
104328,3.66,3.23,3.5,3.52,3.15
104358,3.85,3.35,3.63,3.64,3.4
104373,3.8,3.37,3.64,3.66,3.28
104426,3.98,3.4,3.58,3.69,3.52
104433,3.03,2.59,2.87,2.88,2.54
104449,2.85,2.4,2.67,2.69,2.37
104472,4.11,3.66,3.86,3.93,3.6
104492,2.8,2.28,2.55,2.56,2.37
104511,3.32,2.81,3.11,3.12,2.87
104543,4.08,3.65,3.85,3.91,3.55
104548,3.01,2.56,2.78,2.84,2.49
104565,2.5,1.97,2.22,2.27,2.05
104654,1.99,1.51,1.74,1.79,1.48
104723,4.07,3.49,3.79,3.78,3.7
104759,3.06,2.58,2.82,2.85,2.57
104764,3.29,2.77,3.06,3.09,2.84
104807,4.57,4.07,4.42,4.39,4.13
104819,4.33,3.87,4.12,4.15,3.85
104858,1.85,1.39,1.65,1.65,1.38
104874,3.67,3.19,3.51,3.5,3.22
104889,3.37,2.93,3.16,3.2,2.85
104891,3.73,3.27,3.54,3.56,3.23
104937,2.45,2.0,2.19,2.25,1.94
104988,3.41,2.94,3.23,3.26,2.94
105030,4.01,3.56,3.8,3.83,3.52
105062,3.5,3.04,3.28,3.3,3.03
105099,3.72,3.23,3.47,3.53,3.26
105110,2.98,2.47,2.73,2.76,2.53
105116,2.75,2.31,2.57,2.59,2.25
105127,4.5,4.01,4.31,4.32,4.02
105146,3.7,3.27,3.48,3.55,3.15
105177,2.56,2.1,2.33,2.38,2.05
105199,2.62,2.2,2.4,2.46,2.08
105233,1.96,1.48,1.69,1.75,1.46
105252,3.73,3.16,3.32,3.42,3.28
105284,2.92,2.44,2.73,2.74,2.48
105314,3.71,3.28,3.48,3.53,3.2
105340,3.76,3.26,3.53,3.55,3.32
105368,4.11,3.66,3.84,3.92,3.58
105373,2.43,1.97,2.19,2.23,1.9
105403,1.91,1.47,1.68,1.74,1.39
105442,3.53,3.06,3.35,3.38,3.05
105447,3.31,2.82,3.15,3.16,2.84
105448,2.62,2.18,2.39,2.46,2.09
105474,3.58,3.09,3.38,3.37,3.12
105601,3.74,3.28,3.56,3.58,3.24
105605,4.07,3.56,3.84,3.87,3.62
105609,3.71,3.26,3.5,3.53,3.2
105611,3.3,2.82,3.12,3.12,2.83
105615,1.48,0.99,1.25,1.27,1.01
105685,3.64,3.11,3.3,3.39,3.17
105711,3.5,3.03,3.27,3.32,3.02
105733,3.5,3.03,3.29,3.32,3.02
105747,3.52,3.0,3.33,3.34,3.07
105764,3.18,2.7,2.95,2.99,2.71
105806,3.01,2.54,2.75,2.79,2.5
105829,4.1,3.61,3.88,3.91,3.63
105844,3.17,2.77,2.93,3.01,2.6
105900,3.02,2.53,2.81,2.83,2.57
105928,3.28,2.91,3.09,3.17,2.69
105999,2.24,1.68,1.93,1.97,1.82
106004,3.17,2.69,2.98,3.0,2.72
106041,2.45,1.96,2.24,2.25,2.01
106089,3.52,3.04,3.32,3.35,3.04
106092,3.77,3.28,3.56,3.58,3.3
106116,1.65,1.19,1.43,1.48,1.12
106136,3.65,3.19,3.46,3.48,3.18
106151,2.32,1.82,2.11,2.1,1.89
106183,3.32,2.84,3.18,3.17,2.84
106195,3.6,3.15,3.41,3.44,3.11
106219,3.76,3.3,3.56,3.59,3.27
106229,5.01,4.59,4.81,4.87,4.46
106250,4.1,3.61,3.93,3.91,3.67
106251,3.54,3.05,3.31,3.33,3.08
106256,4.16,3.67,3.93,3.96,3.69
106337,3.9,3.36,3.66,3.68,3.47
106394,3.12,2.69,2.87,2.95,2.59
106396,2.73,2.31,2.51,2.56,2.18
106397,3.81,3.37,3.65,3.65,3.31
106435,3.39,2.92,3.14,3.2,2.88
106518,3.94,3.42,3.75,3.73,3.51
106545,3.97,3.52,3.78,3.8,3.47
106634,2.95,2.45,2.66,2.71,2.48
106669,2.93,2.49,2.72,2.77,2.41
106688,3.4,2.92,3.2,3.23,2.93
106747,4.78,4.24,4.45,4.53,4.34
106758,2.72,2.29,2.51,2.56,2.21
106785,3.98,3.47,3.79,3.79,3.54
106786,3.56,3.12,3.35,3.37,3.06
106823,2.93,2.49,2.71,2.78,2.42
106845,4.49,4.01,4.31,4.32,4.02
106846,3.91,3.45,3.65,3.71,3.37
106854,3.04,2.58,2.84,2.87,2.55
106870,5.01,4.62,4.78,4.87,4.42
106917,3.89,3.47,3.66,3.71,3.33
106921,3.77,3.29,3.58,3.6,3.3
107023,2.93,2.45,2.72,2.74,2.46
107029,3.3,2.82,3.14,3.13,2.83
107032,4.68,4.22,4.46,4.49,4.18
107039,2.57,2.08,2.4,2.38,2.13
107116,3.45,3.0,3.18,3.25,2.91
107138,4.6,4.14,4.35,4.41,4.1
107155,3.5,3.04,3.3,3.31,3.02
107196,1.63,1.15,1.39,1.43,1.14
107200,3.92,3.43,3.71,3.72,3.45
107220,3.99,3.51,3.83,3.82,3.53
107232,3.16,2.71,2.95,2.99,2.66
107288,2.72,2.24,2.59,2.56,2.26
107330,4.51,4.06,4.27,4.33,4.01
107347,3.81,3.34,3.54,3.61,3.32
107376,3.51,3.03,3.36,3.34,3.05
107415,3.07,2.59,2.86,2.88,2.62
107426,3.72,3.24,3.49,3.51,3.26
107429,2.59,2.14,2.34,2.4,2.09
107462,2.87,2.43,2.66,2.69,2.38
107490,3.42,2.96,3.18,3.24,2.92
107498,3.5,3.0,3.32,3.33,3.05
107508,3.16,2.69,2.96,2.99,2.69
107538,3.95,3.5,3.73,3.78,3.44
107548,2.99,2.53,2.78,2.82,2.48
107628,3.72,3.24,3.49,3.53,3.22
107682,3.45,2.95,3.26,3.27,3.0
107689,2.58,2.06,2.28,2.35,2.1
107697,4.68,4.14,4.42,4.43,4.24
107714,2.76,2.32,2.55,2.59,2.25
107735,2.43,1.94,2.22,2.25,1.97
107756,3.21,2.73,2.96,3.02,2.72
107783,2.95,2.49,2.69,2.76,2.43
107806,3.41,2.95,3.21,3.22,2.93
107826,3.95,3.47,3.68,3.75,3.45
107855,3.92,3.48,3.72,3.76,3.42
107857,3.58,3.14,3.36,3.42,3.06
107904,3.23,2.74,2.96,3.0,2.77
107905,3.48,3.01,3.25,3.29,2.98
107907,3.34,2.89,3.13,3.16,2.83
107919,3.81,3.36,3.64,3.66,3.31
107926,4.31,3.84,4.14,4.15,3.83
107957,1.66,1.2,1.45,1.48,1.18
107962,4.03,3.56,3.8,3.83,3.56
107987,3.34,2.85,3.06,3.13,2.85
107994,3.88,3.49,3.63,3.7,3.33
108005,4.09,3.6,3.79,3.87,3.58
108006,3.54,3.13,3.35,3.39,3.01
108043,3.48,2.95,3.25,3.27,3.03
108057,4.12,3.67,3.94,3.96,3.63
108065,3.42,2.94,3.23,3.25,2.95
108080,2.27,1.82,2.05,2.09,1.77
108085,4.62,4.12,4.41,4.43,4.13
108086,3.86,3.37,3.58,3.64,3.37
108128,1.87,1.37,1.68,1.68,1.42
108134,3.47,3.0,3.25,3.27,2.98
108138,3.61,3.11,3.37,3.41,3.15
108174,3.15,2.7,2.88,2.96,2.63
108191,4.81,4.29,4.56,4.63,4.33
108231,3.97,3.52,3.75,3.8,3.46
108254,3.04,2.57,2.77,2.83,2.53
108263,2.16,1.63,1.9,1.92,1.73
108272,3.78,3.32,3.6,3.61,3.31
108284,3.54,3.06,3.37,3.37,3.1
108376,3.99,3.53,3.81,3.83,3.49
108378,2.75,2.24,2.58,2.57,2.31
108380,3.23,2.79,3.0,3.04,2.74
108392,2.56,2.11,2.35,2.39,2.07
108400,2.81,2.29,2.55,2.58,2.37
108407,1.93,1.44,1.71,1.74,1.46
108446,3.17,2.74,2.95,3.0,2.65
108461,3.6,3.17,3.39,3.45,3.06
108484,3.94,3.44,3.7,3.73,3.48
108500,3.05,2.56,2.86,2.86,2.59
108508,4.21,3.74,4.02,4.03,3.74
108540,2.72,2.18,2.47,2.45,2.36
108614,3.59,3.16,3.37,3.44,3.06
108645,4.01,3.52,3.76,3.8,3.53
108667,4.43,3.98,4.17,4.25,3.88
108714,4.0,3.55,3.79,3.83,3.5
108715,3.38,2.92,3.15,3.19,2.89
108766,4.1,3.57,3.9,3.89,3.67
108769,3.56,3.06,3.31,3.37,3.06
108815,3.35,2.93,3.09,3.18,2.77
108827,3.01,2.51,2.8,2.82,2.55
108831,3.58,3.08,3.36,3.38,3.13
108859,2.86,2.38,2.66,2.68,2.39
108904,3.37,2.94,3.13,3.19,2.83
108935,2.81,2.33,2.61,2.62,2.33
108954,3.86,3.38,3.67,3.69,3.39
109018,2.6,2.12,2.38,2.41,2.11
109042,2.82,2.35,2.63,2.65,2.35
109072,2.71,2.26,2.51,2.56,2.2
109106,4.49,3.96,4.29,4.29,4.06
109123,3.95,3.54,3.72,3.8,3.39
109133,2.28,1.84,2.07,2.12,1.78
109138,3.65,3.21,3.48,3.5,3.16
109162,3.91,3.43,3.71,3.71,3.41
109183,4.02,3.52,3.84,3.84,3.56
109236,4.13,3.61,3.87,3.9,3.67
109273,4.52,3.98,4.26,4.29,4.07
109303,4.89,4.39,4.7,4.71,4.43
109346,3.31,2.84,3.11,3.13,2.84
109357,2.21,1.75,1.99,2.03,1.7
109384,3.93,3.45,3.72,3.77,3.43
109393,3.29,2.77,2.99,3.02,2.89
109424,2.98,2.5,2.77,2.8,2.52
109448,3.26,2.75,3.05,3.04,2.84
109455,3.19,2.76,3.04,3.06,2.67
109519,2.66,2.19,2.42,2.46,2.16
109526,3.99,3.46,3.62,3.76,3.47
109535,4.66,4.18,4.45,4.48,4.19
109602,2.24,1.77,2.02,2.05,1.75
109605,3.21,2.76,3.01,3.05,2.71
109685,4.09,3.61,3.82,3.89,3.6
109700,2.87,2.4,2.68,2.71,2.4
109701,3.28,2.83,3.07,3.11,2.78
109703,4.33,3.86,4.09,4.13,3.83
109744,3.74,3.3,3.53,3.57,3.23
109751,3.94,3.42,3.69,3.71,3.49
109752,3.89,3.42,3.68,3.73,3.39
109779,3.23,2.76,3.03,3.05,2.76
109805,2.21,1.79,2.01,2.06,1.68
109808,2.87,2.4,2.64,2.68,2.37
109815,2.07,1.62,1.87,1.9,1.58
109829,2.99,2.46,2.76,2.76,2.57
109840,3.93,3.43,3.69,3.71,3.47
109865,4.83,4.31,4.55,4.59,4.38
109873,2.55,2.04,2.26,2.33,2.06
109874,3.72,3.31,3.52,3.57,3.17
109900,4.32,3.89,4.06,4.14,3.77
109907,3.62,3.17,3.33,3.42,3.08
109936,4.08,3.62,3.87,3.9,3.58
109940,4.2,3.73,3.91,3.95,3.66
109983,2.96,2.5,2.72,2.76,2.46
109985,3.26,2.78,2.94,3.04,2.74
109988,3.65,3.16,3.46,3.49,3.17
110004,3.27,2.79,3.09,3.07,2.81
110047,4.27,3.78,4.07,4.08,3.81
110056,2.23,1.75,2.01,2.05,1.74
110063,4.54,4.08,4.29,4.34,4.05
110132,3.3,2.87,3.04,3.13,2.76
110153,4.4,3.87,4.09,4.15,3.97
110154,3.5,3.02,3.3,3.31,3.02
110160,2.35,1.86,2.11,2.15,1.88
110200,3.63,3.14,3.41,3.42,3.18
110235,3.77,3.3,3.6,3.62,3.3
110242,3.56,3.11,3.36,3.38,3.07
110246,3.51,3.09,3.31,3.37,2.95
110261,2.33,1.89,2.06,2.14,1.79
110309,3.94,3.49,3.67,3.75,3.4
110339,4.29,3.85,4.08,4.13,3.78
110365,3.74,3.28,3.47,3.55,3.21
110371,2.78,2.3,2.54,2.58,2.3
110393,3.61,3.09,3.41,3.4,3.17
110396,3.05,2.55,2.87,2.87,2.6
110401,3.94,3.51,3.72,3.78,3.42
110448,3.4,2.96,3.19,3.24,2.87
110470,3.06,2.6,2.88,2.89,2.58
110481,3.24,2.75,2.97,3.03,2.75
110497,5.43,4.96,5.27,5.26,4.96
110506,3.78,3.36,3.59,3.63,3.26
110529,2.05,1.58,1.81,1.86,1.54
110616,3.63,3.16,3.38,3.43,3.12
110620,3.36,2.87,3.2,3.19,2.89
110621,3.82,3.36,3.59,3.63,3.31
110627,2.42,1.95,2.19,2.23,1.93
110737,4.33,3.86,4.1,4.14,3.86
110827,4.02,3.56,3.78,3.84,3.52
110850,3.56,3.09,3.36,3.39,3.08
110854,4.36,3.88,4.13,4.18,3.89
110902,3.41,2.94,3.21,3.24,2.91
110928,4.27,3.76,4.07,4.05,3.83
110954,3.12,2.62,2.88,2.91,2.65
110958,3.17,2.65,2.96,2.97,2.73
110980,2.8,2.36,2.53,2.6,2.29
110981,3.63,3.17,3.42,3.45,3.14
110987,3.16,2.67,2.97,2.98,2.72
111031,3.8,3.41,3.64,3.68,3.26
111102,1.83,1.34,1.57,1.6,1.37
111128,4.16,3.68,3.96,3.98,3.68
111170,3.3,2.86,3.08,3.12,2.77
111200,2.79,2.34,2.54,2.61,2.25
111206,3.76,3.31,3.52,3.56,3.3
111214,4.3,3.86,4.04,4.12,3.75
111272,3.59,3.12,3.38,3.42,3.1
111283,3.8,3.3,3.58,3.6,3.34
111310,3.75,3.29,3.51,3.58,3.24
111372,3.6,3.07,3.38,3.38,3.17
111431,3.44,2.91,3.25,3.23,3.01
111458,4.12,3.66,3.95,3.95,3.63
111469,4.24,3.73,3.95,4.02,3.75
111473,4.09,3.61,3.86,3.9,3.61
111481,2.99,2.48,2.78,2.78,2.57
111486,3.15,2.67,2.96,2.97,2.69
111510,3.36,2.87,3.12,3.15,2.89
111543,4.31,3.85,4.07,4.12,3.81
111557,3.17,2.71,2.94,2.97,2.66
111569,3.53,3.1,3.29,3.36,3.01
111614,2.85,2.37,2.63,2.66,2.37
111655,3.66,3.2,3.43,3.49,3.16
111657,3.82,3.31,3.58,3.59,3.37
111741,2.36,1.85,2.15,2.16,1.91
111763,3.72,3.25,3.52,3.54,3.24
111839,3.96,3.54,3.75,3.8,3.43
111925,2.82,2.37,2.61,2.65,2.32
111931,2.29,1.82,2.1,2.11,1.83
111945,4.21,3.7,3.99,4.0,3.75
111973,3.31,2.87,3.11,3.15,2.8
111990,3.63,3.16,3.42,3.46,3.14
112053,3.78,3.32,3.5,3.59,3.25
112061,2.71,2.24,2.52,2.55,2.23
112077,2.95,2.49,2.74,2.76,2.47
112116,3.56,3.08,3.38,3.38,3.1
112130,2.5,2.02,2.26,2.31,2.01
112139,4.16,3.71,3.9,3.96,3.66
112153,3.57,3.12,3.32,3.38,3.04
112181,3.44,2.9,3.23,3.2,3.04
112194,4.09,3.57,3.84,3.87,3.63
112204,3.28,2.83,3.06,3.1,2.77
112220,3.21,2.8,2.96,3.04,2.65
112228,3.41,2.95,3.2,3.23,2.92
112250,3.95,3.5,3.7,3.75,3.42
112256,3.93,3.44,3.73,3.75,3.47
112280,3.77,3.31,3.53,3.58,3.26
112294,3.51,2.99,3.23,3.28,3.05
112298,2.46,1.93,2.12,2.2,2.0
112302,4.72,4.26,4.54,4.52,4.25
112313,3.69,3.18,3.46,3.46,3.23
112345,1.54,1.0,1.29,1.31,1.11
112357,4.36,3.88,4.07,4.16,3.85
112387,4.06,3.6,3.84,3.89,3.56
112447,2.21,1.78,1.98,2.05,1.66
112470,2.94,2.51,2.67,2.77,2.38
112505,3.31,2.83,3.14,3.13,2.84
112556,4.66,4.18,4.43,4.45,4.18
112568,3.33,2.79,3.08,3.07,2.92
112570,3.45,2.96,3.24,3.27,2.98
112622,4.95,4.6,4.71,4.82,4.31
112638,3.75,3.25,3.52,3.56,3.28
112654,3.39,2.96,3.19,3.23,2.89
112665,3.65,3.16,3.51,3.48,3.22
112677,3.64,3.2,3.45,3.47,3.14
112679,2.94,2.46,2.7,2.73,2.45
112697,3.06,2.61,2.83,2.89,2.57
112705,3.01,2.56,2.81,2.84,2.51
112716,3.72,3.31,3.46,3.56,3.14
112758,3.52,3.06,3.3,3.34,3.03
112770,3.49,3.08,3.3,3.36,2.96
112783,2.85,2.35,2.64,2.66,2.39
112796,3.41,2.91,3.25,3.23,2.96
112864,3.34,2.89,3.05,3.15,2.8
112890,3.17,2.63,2.89,2.92,2.72
112934,3.73,3.27,3.53,3.56,3.23
112940,3.09,2.63,2.88,2.92,2.59
112943,3.98,3.43,3.64,3.72,3.55
112978,3.12,2.68,2.9,2.93,2.65
113007,2.99,2.55,2.8,2.85,2.49
113013,4.02,3.58,3.81,3.86,3.51
113024,2.22,1.76,1.99,2.03,1.73
113051,3.03,2.55,2.86,2.84,2.56
113056,3.21,2.71,2.96,3.0,2.74
113096,3.66,3.19,3.44,3.47,3.16
113118,2.96,2.52,2.74,2.79,2.44
113119,4.15,3.7,3.9,3.96,3.63
113140,3.49,3.03,3.26,3.32,2.98
113158,3.39,2.91,3.19,3.21,2.94
113187,2.87,2.37,2.64,2.65,2.41
113188,3.67,3.23,3.5,3.54,3.15
113252,3.25,2.84,3.01,3.08,2.69
113271,4.43,3.97,4.26,4.28,3.95
113279,3.61,3.11,3.38,3.41,3.15
113360,2.25,1.79,2.09,2.09,1.77
113397,3.05,2.5,2.84,2.82,2.61
113407,3.5,2.98,3.3,3.32,3.05
113436,2.96,2.47,2.74,2.76,2.51
113507,2.79,2.35,2.59,2.63,2.27
113561,3.62,3.19,3.46,3.49,3.12
113602,2.76,2.31,2.54,2.58,2.25
113616,3.74,3.28,3.52,3.55,3.24
113621,3.75,3.27,3.54,3.57,3.26
113625,4.19,3.73,3.95,4.01,3.68
113628,2.85,2.41,2.63,2.67,2.33
113660,3.63,3.14,3.38,3.42,3.14
113730,2.97,2.51,2.76,2.79,2.48
113773,3.71,3.22,3.52,3.52,3.27
113807,3.42,2.94,3.23,3.24,2.95
113818,3.77,3.31,3.53,3.59,3.27
113859,4.03,3.55,3.8,3.84,3.53
113898,4.08,3.66,3.87,3.92,3.55
113973,1.73,1.25,1.47,1.51,1.25
113996,2.84,2.31,2.61,2.63,2.41
114038,2.78,2.29,2.57,2.58,2.31
114116,3.49,3.06,3.29,3.32,2.96
114172,3.82,3.32,3.48,3.58,3.33
114194,2.89,2.35,2.63,2.64,2.43
114195,2.42,1.95,2.22,2.25,1.94
114251,3.68,3.17,3.49,3.48,3.22
114270,3.06,2.59,2.88,2.88,2.59
114285,3.26,2.79,3.09,3.1,2.77
114320,3.1,2.58,2.82,2.89,2.62
114336,3.32,2.86,3.08,3.12,2.82
114340,3.29,2.82,3.08,3.12,2.8
114349,3.09,2.6,2.94,2.93,2.64
114376,3.69,3.24,3.52,3.54,3.21
114398,3.89,3.41,3.67,3.71,3.4
114400,3.55,3.1,3.36,3.39,3.03
114484,4.72,4.24,4.46,4.52,4.22
114503,5.03,4.59,4.76,4.84,4.49
114509,4.38,3.85,4.14,4.17,3.92
114531,3.48,3.01,3.32,3.32,3.02
114554,3.71,3.2,3.52,3.5,3.28
114618,4.07,3.66,3.82,3.9,3.5
114630,3.67,3.23,3.45,3.5,3.12
114675,2.89,2.39,2.71,2.71,2.45
114712,3.11,2.65,2.87,2.92,2.6
114716,1.65,1.23,1.42,1.48,1.11
114719,4.53,4.08,4.31,4.36,4.01
114792,3.55,3.02,3.29,3.32,3.12
114794,2.39,1.92,2.17,2.22,1.88
114809,3.09,2.62,2.81,2.87,2.61
114828,2.74,2.26,2.53,2.55,2.28
114853,4.45,3.92,4.19,4.23,4.0
114912,4.46,3.99,4.27,4.26,3.99
114922,2.81,2.36,2.63,2.66,2.3
114944,2.8,2.36,2.57,2.63,2.29
114994,3.74,3.26,3.48,3.53,3.26
114999,3.57,3.11,3.39,3.41,3.1
115005,3.29,2.78,3.09,3.11,2.84
115021,3.5,3.04,3.22,3.3,2.97
115032,3.47,3.02,3.22,3.28,2.96
115037,4.76,4.2,4.59,4.56,4.35
115067,3.17,2.69,3.01,3.01,2.71
115069,2.93,2.46,2.7,2.74,2.44
115115,4.88,4.43,4.63,4.68,4.37
115164,2.42,2.0,2.24,2.26,1.9
115221,3.8,3.33,3.6,3.61,3.33
115225,2.0,1.47,1.7,1.75,1.54
115235,3.32,2.85,3.07,3.13,2.82
115276,3.66,3.16,3.42,3.46,3.19
115282,2.61,2.22,2.42,2.48,2.04
115285,2.62,2.14,2.42,2.45,2.14
115290,3.91,3.44,3.65,3.7,3.42
115293,2.81,2.34,2.59,2.63,2.35
115309,3.39,2.91,3.18,3.19,2.92
115338,2.61,2.15,2.42,2.44,2.12
115350,3.73,3.24,3.5,3.51,3.25
115382,2.74,2.26,2.56,2.57,2.28
115386,3.27,2.8,3.06,3.07,2.8
115404,3.75,3.28,3.56,3.58,3.29
115517,3.44,2.98,3.2,3.26,2.93
115530,2.64,2.17,2.4,2.43,2.18
115531,3.82,3.33,3.61,3.64,3.35
115547,3.06,2.6,2.89,2.89,2.59
115591,3.53,3.06,3.36,3.35,3.05
115596,3.38,2.91,3.2,3.21,2.9
115603,4.13,3.63,3.86,3.92,3.64
115605,3.35,2.87,3.19,3.19,2.89
115635,4.21,3.76,3.96,4.03,3.71
115673,3.19,2.7,3.05,3.05,2.73
115705,3.19,2.7,2.98,3.0,2.73
115718,2.05,1.57,1.83,1.85,1.58
115726,4.19,3.7,3.86,3.96,3.67
115758,4.05,3.58,3.81,3.86,3.55
115760,2.72,2.26,2.55,2.56,2.26
115770,3.91,3.36,3.61,3.66,3.47
115774,3.95,3.5,3.69,3.75,3.49
115844,2.59,2.1,2.36,2.39,2.12
115860,2.62,2.18,2.39,2.45,2.1
115866,3.39,2.91,3.19,3.21,2.92
115936,3.08,2.66,2.84,2.91,2.52
115975,3.41,2.95,3.21,3.25,2.93
116015,4.47,3.96,4.23,4.26,4.0
116018,3.19,2.71,2.95,2.99,2.7
116056,4.04,3.55,3.82,3.84,3.57
116068,2.81,2.32,2.58,2.62,2.35
116076,2.67,2.21,2.46,2.49,2.18
116097,3.45,2.99,3.19,3.24,2.94
116101,3.68,3.22,3.52,3.53,3.2
116107,3.25,2.81,3.05,3.1,2.72
116145,3.69,3.24,3.51,3.53,3.2
116146,3.3,2.84,3.09,3.12,2.81
116154,4.32,3.89,4.09,4.16,3.8
116166,3.36,2.89,3.16,3.18,2.87
116170,3.97,3.5,3.73,3.77,3.49
116183,3.28,2.84,3.03,3.11,2.73
116216,3.76,3.32,3.56,3.59,3.25
116231,3.44,2.97,3.26,3.28,2.96
116295,3.57,3.08,3.36,3.4,3.09
116332,3.77,3.26,3.56,3.57,3.32
116350,3.61,3.12,3.45,3.43,3.14
116351,2.5,2.04,2.27,2.31,2.01
116361,4.01,3.52,3.81,3.83,3.55
116391,4.51,4.08,4.26,4.34,3.97
116396,4.81,4.42,4.55,4.66,4.21
116403,2.57,2.08,2.38,2.39,2.11
116418,3.18,2.74,3.0,3.03,2.7
116449,3.95,3.47,3.63,3.73,3.43
116458,3.54,3.01,3.26,3.3,3.1
116463,4.18,3.62,3.9,3.93,3.77
116489,3.23,2.75,3.04,3.04,2.81
116570,3.98,3.44,3.72,3.72,3.56
116580,3.58,3.1,3.35,3.4,3.08
116703,1.97,1.49,1.77,1.79,1.51
116762,3.59,3.1,3.35,3.38,3.15
116786,3.57,3.05,3.25,3.31,3.09
116809,4.14,3.71,3.92,3.98,3.6
116841,4.54,4.04,4.31,4.33,4.07
116860,3.9,3.48,3.7,3.74,3.37
116862,3.05,2.57,2.82,2.86,2.56
116876,2.12,1.65,1.86,1.9,1.63
116878,3.92,3.41,3.71,3.69,3.49
116888,3.55,3.08,3.36,3.38,3.06
116937,3.98,3.5,3.72,3.76,3.49
116939,3.82,3.32,3.63,3.62,3.38
116950,3.65,3.19,3.44,3.47,3.16
116988,4.04,3.59,3.83,3.85,3.52
116998,2.55,2.1,2.35,2.39,2.03
117025,3.61,3.19,3.41,3.45,3.07
117061,2.24,1.74,1.98,2.04,1.76
117063,3.69,3.24,3.5,3.53,3.19
117101,1.92,1.48,1.72,1.76,1.42
117117,3.47,2.99,3.29,3.3,3.01
117119,3.24,2.78,2.99,3.04,2.72
117125,2.59,2.09,2.35,2.38,2.12
117139,3.18,2.7,2.96,2.99,2.71
117157,2.72,2.25,2.51,2.53,2.23
117160,2.36,1.92,2.15,2.2,1.83
117163,3.53,3.02,3.3,3.32,3.07
117195,4.28,3.84,4.04,4.1,3.74
117199,4.37,3.9,4.18,4.19,3.9
117206,3.88,3.39,3.68,3.69,3.42
117214,2.78,2.29,2.56,2.59,2.31
117220,3.45,2.97,3.29,3.29,2.98
117242,3.57,3.06,3.32,3.34,3.13
117268,4.41,3.9,4.18,4.19,3.97
117319,3.32,2.8,3.08,3.1,2.86
117327,3.23,2.75,2.99,3.03,2.75
117330,3.17,2.68,2.94,2.97,2.72
117358,3.91,3.42,3.65,3.71,3.41
117362,3.9,3.44,3.64,3.72,3.37
117384,2.3,1.84,2.06,2.12,1.79
117428,3.48,3.06,3.21,3.29,2.9
117605,3.65,3.17,3.43,3.47,3.17
117616,3.47,3.02,3.26,3.32,2.94
117635,3.03,2.54,2.83,2.85,2.57
117678,3.54,3.11,3.3,3.38,3.0
117690,3.45,3.0,3.23,3.28,2.96
117717,4.68,4.3,4.46,4.53,4.09
117734,3.68,3.24,3.41,3.5,3.12
117740,4.74,4.31,4.45,4.55,4.18
117780,4.58,4.05,4.4,4.38,4.17
117841,3.63,3.09,3.42,3.4,3.19
117904,5.21,4.67,4.83,4.95,4.75
117933,3.98,3.49,3.76,3.77,3.55
117938,4.03,3.57,3.8,3.83,3.55
117957,4.12,3.68,3.9,3.95,3.61
117966,4.34,3.77,3.98,4.06,3.91
117970,4.15,3.72,3.95,4.0,3.64
117980,4.32,3.83,4.02,4.1,3.84
118006,3.88,3.46,3.71,3.73,3.37
118054,2.23,1.74,1.98,2.01,1.76
118102,3.04,2.55,2.82,2.84,2.61
118108,3.5,3.05,3.32,3.35,3.02
118143,4.06,3.62,3.84,3.89,3.53
118149,3.46,2.98,3.26,3.28,2.98
118171,3.74,3.26,3.49,3.55,3.24
118183,3.27,2.83,3.05,3.1,2.75
118194,3.89,3.43,3.63,3.71,3.37
118198,3.99,3.5,3.85,3.81,3.56
118228,3.34,2.86,3.13,3.15,2.87
118239,3.76,3.26,3.56,3.56,3.3
118257,4.03,3.58,3.76,3.81,3.52
118264,2.82,2.36,2.64,2.66,2.33
118279,4.33,3.81,4.16,4.15,3.89
118311,3.84,3.4,3.61,3.67,3.3
118326,2.39,1.92,2.16,2.2,1.91
118361,3.71,3.23,3.5,3.52,3.24
118414,3.55,3.09,3.3,3.37,3.04
118469,1.44,0.98,1.28,1.28,0.97
118500,2.99,2.5,2.77,2.78,2.54
118541,3.32,2.88,3.08,3.14,2.79
118577,3.25,2.79,3.1,3.09,2.79
118601,2.66,2.18,2.4,2.45,2.19
118618,4.16,3.71,3.95,3.98,3.67
118653,4.62,4.23,4.38,4.49,4.02
118720,2.9,2.47,2.66,2.73,2.36
118726,3.68,3.23,3.46,3.51,3.16
118788,2.6,2.12,2.38,2.41,2.12
118839,4.18,3.69,3.94,3.97,3.71
118840,3.6,3.07,3.34,3.39,3.13
118859,4.0,3.54,3.79,3.83,3.51
118866,3.15,2.65,2.94,2.95,2.7
118867,3.52,3.06,3.27,3.33,3.0
118892,4.32,3.82,4.0,4.07,3.82
118904,2.32,1.84,2.08,2.12,1.83
118910,3.01,2.49,2.81,2.79,2.59
118958,2.71,2.26,2.5,2.53,2.22
119009,4.91,4.46,4.6,4.7,4.36
119021,3.61,3.16,3.37,3.41,3.1
119031,3.02,2.52,2.77,2.81,2.55
119066,2.72,2.24,2.48,2.51,2.25
119075,2.51,2.04,2.32,2.33,2.03
119084,1.98,1.48,1.79,1.79,1.53
119086,4.18,3.78,3.93,4.0,3.59
119152,3.64,3.12,3.38,3.44,3.19
119181,3.94,3.48,3.7,3.76,3.43
119214,2.38,1.91,2.19,2.2,1.9
119261,3.24,2.75,3.0,3.04,2.75
119287,2.17,1.72,1.95,2.0,1.67
119292,3.66,3.19,3.41,3.46,3.16
119305,2.89,2.4,2.68,2.69,2.43
119345,2.8,2.29,2.57,2.59,2.35
119350,2.52,2.06,2.26,2.34,1.99
119363,3.82,3.33,3.65,3.64,3.36
119368,3.15,2.64,2.89,2.93,2.68
119409,3.61,3.19,3.45,3.47,3.09
119422,3.9,3.45,3.69,3.73,3.37
119447,2.64,2.2,2.48,2.5,2.15
119454,4.06,3.57,3.92,3.9,3.61
119481,4.19,3.69,3.93,3.97,3.7
119510,4.3,3.86,4.16,4.16,3.81
119528,2.92,2.45,2.68,2.73,2.43
119556,4.55,4.01,4.35,4.32,4.14
119614,2.56,2.05,2.32,2.35,2.11
119628,3.04,2.55,2.87,2.87,2.59
119652,2.95,2.51,2.76,2.79,2.46
119711,4.36,3.98,4.17,4.21,3.82
119737,3.82,3.36,3.61,3.65,3.31
119779,2.62,2.19,2.4,2.47,2.09
119826,2.39,1.91,2.17,2.2,1.91
119833,3.19,2.72,3.0,3.03,2.7
119849,3.2,2.73,2.95,3.02,2.72
119868,2.46,2.04,2.24,2.28,1.91
119906,3.66,3.14,3.31,3.4,3.18
119909,4.55,4.06,4.33,4.36,4.06
119910,3.96,3.49,3.68,3.75,3.44
119936,3.39,2.93,3.18,3.22,2.88
119978,4.12,3.68,3.91,3.96,3.6
120010,3.34,2.89,3.1,3.15,2.81
120028,2.85,2.39,2.63,2.67,2.35
120119,2.25,1.78,2.07,2.1,1.75
120149,2.77,2.34,2.53,2.62,2.23
120167,2.41,2.0,2.22,2.27,1.87
120221,2.76,2.31,2.57,2.6,2.27
120342,4.41,4.01,4.19,4.27,3.86
120367,3.28,2.85,3.03,3.11,2.73
120396,4.37,3.89,4.16,4.2,3.89
120487,3.7,3.24,3.5,3.54,3.2
120493,2.2,1.67,1.99,1.99,1.78
120500,3.79,3.33,3.51,3.57,3.27
120501,4.11,3.62,3.9,3.92,3.64
120511,2.3,1.83,2.07,2.11,1.8
120548,3.51,3.06,3.33,3.36,3.02
120568,3.02,2.55,2.83,2.85,2.55
120571,4.08,3.64,3.87,3.92,3.58
120572,2.91,2.46,2.76,2.76,2.43
120586,3.47,2.99,3.25,3.28,3.03
120601,3.49,3.02,3.29,3.31,3.01
120624,2.31,1.84,2.1,2.12,1.86
120630,3.19,2.74,2.92,3.0,2.66
120633,3.74,3.22,3.49,3.54,3.3
120642,3.68,3.24,3.44,3.5,3.16
120649,3.24,2.72,3.03,3.04,2.8
120657,5.2,4.69,5.01,5.01,4.74
120658,3.35,2.88,3.09,3.16,2.83
120666,3.36,2.86,3.16,3.17,2.91
120702,3.94,3.48,3.75,3.78,3.43
120719,3.91,3.44,3.7,3.73,3.43
120767,3.88,3.41,3.66,3.71,3.36
120793,3.39,2.93,3.13,3.19,2.88
120802,3.71,3.23,3.53,3.54,3.24
120826,2.45,1.95,2.17,2.22,1.99
120839,3.33,2.82,3.11,3.14,2.89
120841,2.67,2.22,2.5,2.53,2.16
120845,3.61,3.16,3.4,3.43,3.11
120916,2.73,2.24,2.52,2.54,2.25
120936,3.9,3.44,3.62,3.7,3.37
121011,4.22,3.8,3.98,4.06,3.66
121017,3.57,3.1,3.4,3.42,3.1
121024,3.02,2.57,2.85,2.86,2.51
121033,4.16,3.68,3.93,3.97,3.67
121037,4.54,4.08,4.31,4.34,4.04
121056,2.54,2.09,2.33,2.36,2.05
121058,2.47,2.03,2.27,2.31,1.97
121137,3.38,2.95,3.16,3.22,2.85
121162,3.14,2.67,2.96,2.97,2.68
121182,4.18,3.78,3.99,4.05,3.66
121201,3.09,2.65,2.87,2.92,2.59
121228,3.19,2.72,2.98,2.98,2.75
121268,3.23,2.8,3.04,3.07,2.72
121277,3.09,2.56,2.82,2.86,2.64
121296,3.63,3.2,3.44,3.48,3.13
121359,2.75,2.26,2.49,2.55,2.27
121393,3.29,2.81,3.06,3.12,2.8
121414,4.2,3.72,3.96,3.99,3.72
121432,3.19,2.79,3.01,3.07,2.66
121453,3.53,3.06,3.33,3.36,3.04
121493,3.69,3.22,3.5,3.52,3.2
121499,3.84,3.39,3.61,3.66,3.31
121505,3.88,3.4,3.66,3.68,3.39
121537,3.25,2.8,3.03,3.08,2.75
121558,3.5,3.02,3.29,3.31,3.04
121599,3.38,2.91,3.16,3.19,2.9
121650,2.62,2.18,2.4,2.46,2.1
121678,2.98,2.49,2.76,2.79,2.5
121745,4.07,3.55,3.81,3.86,3.62
121862,3.33,2.89,3.1,3.15,2.79
121869,3.22,2.77,3.04,3.05,2.74
121894,3.45,2.99,3.23,3.26,2.97
121901,2.88,2.41,2.66,2.7,2.39
121915,3.91,3.44,3.72,3.73,3.43
121965,4.06,3.61,3.84,3.88,3.57
121988,3.47,3.0,3.2,3.27,2.97
122013,2.46,2.0,2.24,2.28,1.96
122056,4.28,3.84,4.05,4.11,3.76
122062,4.22,3.72,3.87,4.0,3.68
122097,3.29,2.84,3.07,3.1,2.81
122103,4.04,3.57,3.81,3.86,3.53
122135,2.67,2.19,2.45,2.48,2.19
122136,3.44,2.93,3.18,3.22,2.99
122182,2.61,2.12,2.37,2.4,2.14
122197,2.95,2.49,2.8,2.8,2.48
122198,3.24,2.76,3.07,3.06,2.78
122215,4.75,4.25,4.52,4.54,4.26
122254,3.17,2.72,2.96,3.0,2.67
122278,4.16,3.68,3.95,3.97,3.71
122374,2.14,1.68,1.93,1.95,1.66
122376,3.6,3.15,3.36,3.43,3.07
122378,4.64,4.13,4.47,4.46,4.2
122390,3.91,3.46,3.65,3.72,3.37
122420,3.89,3.45,3.64,3.72,3.33
122475,2.05,1.58,1.81,1.86,1.56
122504,3.79,3.35,3.6,3.64,3.28
122569,3.88,3.43,3.69,3.72,3.38
122578,3.44,2.94,3.2,3.22,3.0
122590,2.79,2.28,2.62,2.6,2.36
122603,4.06,3.57,3.87,3.86,3.64
122628,3.75,3.28,3.49,3.56,3.26
122631,3.41,3.0,3.2,3.27,2.87
122676,2.69,2.23,2.48,2.51,2.19
122714,3.12,2.66,2.94,2.96,2.64
122723,3.49,3.03,3.31,3.32,3.01
122758,3.44,2.99,3.24,3.27,2.92
122835,3.42,2.91,3.19,3.21,2.97
122841,2.79,2.26,2.52,2.55,2.34
122924,2.29,1.79,2.06,2.08,1.82
122933,3.16,2.68,2.92,2.95,2.68
122939,2.77,2.28,2.59,2.59,2.32
122946,4.13,3.67,3.93,3.95,3.64
122960,3.73,3.23,3.45,3.5,3.25
123060,3.79,3.35,3.6,3.64,3.28
123062,2.76,2.3,2.55,2.59,2.27
123087,1.77,1.32,1.53,1.6,1.23
123188,3.73,3.3,3.52,3.56,3.21
123227,3.29,2.83,3.1,3.11,2.81
123232,3.52,3.05,3.32,3.34,3.06
123283,3.64,3.16,3.44,3.46,3.18
123285,3.17,2.7,2.94,2.98,2.67
123293,1.71,1.23,1.53,1.53,1.23
123328,3.15,2.66,2.89,2.97,2.67
123335,2.89,2.39,2.69,2.7,2.43
123362,4.26,3.75,4.07,4.05,3.81
123395,4.48,4.03,4.22,4.28,3.96
123409,4.38,3.89,4.09,4.17,3.9
123414,3.98,3.48,3.68,3.74,3.49
123416,3.11,2.65,2.89,2.93,2.61
123454,2.87,2.44,2.64,2.71,2.34
123458,3.17,2.69,2.91,2.96,2.67
123495,3.6,3.12,3.4,3.4,3.14
123529,3.0,2.55,2.76,2.83,2.47
123563,1.8,1.36,1.55,1.61,1.29
123590,3.67,3.19,3.48,3.48,3.2
123624,3.61,3.11,3.41,3.42,3.18
123628,3.79,3.3,3.58,3.61,3.33
123638,4.36,3.89,4.16,4.2,3.87
123680,3.63,3.18,3.45,3.5,3.13
123685,4.02,3.56,3.81,3.84,3.53
123771,3.97,3.49,3.77,3.8,3.49
123783,4.56,4.12,4.34,4.38,4.04
123796,2.97,2.46,2.66,2.75,2.47
123851,3.59,3.13,3.42,3.42,3.1
123865,3.2,2.74,2.98,3.03,2.69
123883,2.34,1.86,2.12,2.15,1.86
123892,3.87,3.42,3.64,3.7,3.35
123912,3.4,2.89,3.22,3.21,2.95
123916,3.07,2.62,2.83,2.91,2.52
123941,3.45,3.0,3.23,3.28,2.93
123956,1.74,1.28,1.52,1.56,1.24
124065,4.47,3.97,4.26,4.28,4.02
124093,3.65,3.23,3.39,3.44,3.14
124105,3.16,2.68,2.95,2.98,2.67
124110,4.63,4.13,4.4,4.43,4.14
124132,3.15,2.66,2.92,2.97,2.67
124189,3.13,2.65,2.89,2.93,2.65
124204,3.05,2.57,2.85,2.86,2.59
124218,3.33,2.84,3.1,3.14,2.86
124221,3.14,2.65,2.89,2.92,2.68
124261,4.21,3.74,4.0,4.03,3.74
124315,3.85,3.39,3.65,3.67,3.36
124384,4.56,4.11,4.24,4.37,4.01
124397,3.28,2.82,3.11,3.13,2.78
124407,3.41,2.91,3.17,3.2,2.95
124425,3.49,2.99,3.29,3.32,3.03
124432,4.4,3.93,4.2,4.21,3.92
124434,4.27,3.78,4.06,4.07,3.8
124440,3.58,3.15,3.37,3.43,3.02
124501,3.88,3.46,3.69,3.74,3.35
124517,2.76,2.3,2.54,2.6,2.27
124529,3.45,3.0,3.21,3.28,2.94
124544,3.72,3.3,3.52,3.55,3.18
124557,4.39,3.88,4.17,4.18,3.95
124581,2.7,2.15,2.33,2.44,2.22
124587,3.66,3.2,3.47,3.5,3.17
124596,3.42,2.97,3.16,3.23,2.9
124618,2.86,2.37,2.62,2.65,2.39
124657,2.83,2.38,2.62,2.65,2.33
124667,3.72,3.21,3.5,3.53,3.27
124670,3.85,3.32,3.62,3.64,3.41
124698,3.81,3.36,3.58,3.64,3.3
124706,3.77,3.31,3.56,3.59,3.28
124708,3.28,2.79,3.08,3.12,2.83
124731,2.98,2.49,2.73,2.77,2.5
124750,3.92,3.41,3.7,3.71,3.48
124786,4.63,4.2,4.41,4.45,4.09
124793,2.71,2.19,2.41,2.45,2.26
124810,3.56,3.07,3.33,3.36,3.1
124814,2.86,2.39,2.66,2.69,2.37
124835,3.63,3.13,3.45,3.45,3.18
124846,3.83,3.38,3.63,3.68,3.31
124907,3.6,3.14,3.4,3.43,3.11
124913,4.57,4.12,4.32,4.39,4.03
124927,2.86,2.38,2.69,2.69,2.42
124937,3.77,3.33,3.57,3.61,3.27
124955,3.57,3.11,3.4,3.43,3.07
124967,3.06,2.62,2.86,2.88,2.57
124970,4.01,3.51,3.73,3.76,3.54
124977,3.16,2.71,2.96,3.0,2.64
125012,4.14,3.62,3.96,3.95,3.68
125036,3.71,3.15,3.42,3.46,3.27
125118,2.76,2.26,2.57,2.56,2.29
125219,2.69,2.21,2.5,2.51,2.2
125275,4.02,3.58,3.83,3.87,3.53
125277,2.78,2.28,2.53,2.57,2.33
125279,3.57,3.11,3.36,3.39,3.08
125301,3.38,2.92,3.17,3.2,2.88
125355,2.43,1.94,2.24,2.24,1.98
125358,3.23,2.73,3.04,3.04,2.76
125383,3.57,3.15,3.39,3.4,3.11
125402,2.78,2.33,2.6,2.62,2.29
125454,2.78,2.36,2.56,2.61,2.27
125490,2.82,2.37,2.61,2.64,2.32
125536,3.87,3.36,3.66,3.68,3.43
125539,3.29,2.87,3.07,3.13,2.74
125545,3.86,3.37,3.67,3.67,3.4
125559,3.29,2.82,3.09,3.1,2.82
125583,2.06,1.52,1.76,1.82,1.61
125628,4.73,4.21,4.5,4.5,4.27
125629,2.52,2.03,2.27,2.3,2.04
125647,3.27,2.82,3.02,3.09,2.74
125732,3.56,3.05,3.38,3.38,3.11
125766,3.22,2.69,3.02,3.02,2.79
125800,3.1,2.66,2.83,2.9,2.55
125818,3.85,3.35,3.56,3.61,3.36
125820,3.75,3.25,3.43,3.52,3.24
125832,3.72,3.24,3.48,3.52,3.25
125841,4.22,3.78,3.94,4.03,3.68
125842,2.66,2.16,2.43,2.46,2.19
125866,3.51,3.11,3.33,3.37,2.97
125867,2.84,2.36,2.64,2.66,2.37
125913,3.76,3.27,3.55,3.55,3.32
125971,3.89,3.4,3.72,3.72,3.43
126069,2.47,2.0,2.24,2.27,1.96
126076,5.15,4.59,4.87,4.89,4.75
126091,1.5,1.02,1.28,1.28,1.05
126099,2.67,2.23,2.51,2.54,2.17
126124,3.39,2.99,3.19,3.26,2.84
126130,4.17,3.67,3.93,3.96,3.7
126149,3.04,2.59,2.8,2.85,2.51
126151,3.71,3.19,3.53,3.53,3.27
126158,3.21,2.75,3.03,3.03,2.73
126218,3.35,2.92,3.06,3.17,2.79
126221,3.56,3.08,3.35,3.38,3.08
126251,3.86,3.38,3.75,3.71,3.4
126253,3.71,3.2,3.4,3.46,3.26
126375,2.7,2.28,2.49,2.53,2.17
126395,3.42,2.96,3.2,3.23,2.93
126403,3.57,3.08,3.35,3.38,3.09
126450,3.64,3.19,3.41,3.46,3.14
126457,3.67,3.2,3.43,3.49,3.16
126461,4.5,3.92,4.25,4.25,4.12
126475,2.47,1.99,2.2,2.24,1.99
126487,3.41,2.95,3.21,3.24,2.92
126516,3.29,2.8,3.07,3.11,2.81
126589,4.24,3.76,4.07,4.04,3.79
126618,4.26,3.8,4.08,4.1,3.77
126630,3.3,2.86,3.08,3.14,2.78
126634,3.31,2.82,3.1,3.12,2.85
126636,4.55,4.04,4.43,4.37,4.14
126637,3.76,3.24,3.59,3.57,3.34
126645,3.72,3.24,3.51,3.54,3.24
126658,3.8,3.31,3.51,3.59,3.3
126680,4.3,3.79,4.05,4.09,3.83
126713,3.66,3.18,3.46,3.49,3.19
126747,3.43,2.93,3.14,3.21,2.95
126766,3.76,3.26,3.49,3.53,3.28
126809,3.2,2.69,2.98,2.98,2.75
126810,3.71,3.25,3.48,3.52,3.21
126838,2.69,2.23,2.46,2.49,2.21
126855,4.29,3.86,4.07,4.13,3.76
126943,3.69,3.17,3.47,3.49,3.23
126949,2.64,2.19,2.44,2.47,2.14
126954,3.56,3.04,3.35,3.36,3.12
126963,1.89,1.4,1.67,1.68,1.43
126995,3.4,2.93,3.16,3.21,2.89
127010,3.06,2.58,2.81,2.86,2.57
127070,3.16,2.64,2.97,2.96,2.72
127071,4.01,3.56,3.78,3.83,3.52
127075,4.42,3.89,4.1,4.17,3.96
127105,3.55,3.12,3.41,3.42,3.07
127141,4.03,3.54,3.78,3.82,3.55
127179,4.68,4.13,4.3,4.42,4.2
127191,4.49,3.98,4.28,4.28,4.1
127219,4.52,4.07,4.29,4.36,4.0
127234,2.84,2.36,2.67,2.66,2.38
127235,4.12,3.67,3.86,3.93,3.61
127245,3.38,2.88,3.13,3.17,2.91
127259,2.81,2.38,2.58,2.64,2.27
127269,3.25,2.79,2.98,3.05,2.73
127283,2.99,2.52,2.75,2.8,2.51
127289,3.31,2.9,3.14,3.17,2.79
127328,3.91,3.43,3.72,3.74,3.41
127330,3.92,3.45,3.64,3.72,3.41
127333,3.54,3.07,3.27,3.34,3.04
127348,2.29,1.83,2.04,2.09,1.79
127383,3.04,2.45,2.63,2.73,2.62
127427,3.96,3.44,3.68,3.72,3.52
127435,3.67,3.2,3.48,3.5,3.19
127453,4.61,4.09,4.33,4.37,4.15
127455,4.39,3.9,4.18,4.18,3.92
127477,3.68,3.25,3.45,3.5,3.17
127519,2.93,2.54,2.72,2.77,2.39
127537,3.65,3.15,3.4,3.42,3.24
127543,2.04,1.53,1.75,1.8,1.59
127564,3.54,3.08,3.32,3.38,3.03
127596,3.97,3.49,3.76,3.78,3.48
127635,3.05,2.6,2.82,2.88,2.53
127658,3.03,2.58,2.81,2.85,2.55
127680,3.24,2.78,3.03,3.07,2.74
127779,3.79,3.32,3.48,3.58,3.27
127818,4.31,3.82,4.11,4.11,3.85
127823,3.59,3.11,3.39,3.4,3.11
127829,1.86,1.39,1.64,1.69,1.35
127837,4.35,3.86,4.14,4.14,3.87
127875,2.43,1.99,2.21,2.27,1.91
127903,3.87,3.4,3.65,3.68,3.4
127921,3.25,2.79,3.01,3.06,2.74
127939,3.58,3.14,3.34,3.41,3.04
127955,3.75,3.22,3.45,3.52,3.28
127998,2.81,2.32,2.63,2.63,2.35
128009,3.7,3.2,3.49,3.5,3.23
128037,3.62,3.17,3.36,3.43,3.08
128089,4.51,4.04,4.22,4.3,4.0
128090,3.76,3.26,3.45,3.54,3.24
128138,2.59,2.12,2.41,2.42,2.1
128179,2.95,2.46,2.69,2.7,2.55
128227,3.55,3.13,3.32,3.37,3.01
128234,4.85,4.4,4.68,4.7,4.38
128244,4.68,4.23,4.45,4.51,4.18
128247,4.65,4.21,4.44,4.5,4.11
128250,2.77,2.33,2.59,2.62,2.27
128291,4.16,3.7,3.95,3.97,3.66
128321,3.9,3.46,3.71,3.73,3.42
128330,3.08,2.58,2.81,2.85,2.62
128342,4.48,3.98,4.28,4.3,4.01
128356,3.98,3.53,3.73,3.78,3.47
128366,4.94,4.47,4.75,4.76,4.46
128401,3.2,2.7,2.99,3.02,2.74
128410,3.94,3.48,3.7,3.76,3.41
128416,3.75,3.2,3.47,3.5,3.33
128445,3.36,2.9,3.14,3.17,2.88
128467,2.86,2.38,2.67,2.69,2.39
128486,4.14,3.61,3.95,3.92,3.72
128549,2.22,1.72,1.98,2.02,1.77
128553,2.94,2.48,2.71,2.76,2.43
128573,2.74,2.3,2.52,2.56,2.23
128588,3.8,3.31,3.54,3.6,3.31
128593,2.4,1.89,2.17,2.2,1.93
128616,3.85,3.33,3.6,3.61,3.42
128622,2.57,2.08,2.34,2.38,2.09
128652,3.3,2.82,3.06,3.11,2.82
128657,3.19,2.7,3.01,3.01,2.74
128665,3.25,2.76,3.04,3.06,2.79
128701,4.17,3.68,4.0,4.0,3.71
128706,3.76,3.29,3.54,3.56,3.26
128751,3.85,3.34,3.63,3.64,3.4
128772,2.95,2.47,2.74,2.77,2.48
128782,1.8,1.35,1.58,1.62,1.3
128799,2.92,2.48,2.71,2.76,2.4
128812,2.85,2.42,2.6,2.67,2.32
128835,3.79,3.32,3.56,3.6,3.31
128843,4.1,3.69,3.93,3.98,3.56
128868,4.04,3.52,3.83,3.84,3.59
128901,4.28,3.77,4.05,4.04,3.87
128967,3.27,2.74,3.06,3.07,2.85
129109,3.72,3.22,3.41,3.47,3.24
129144,2.61,2.15,2.36,2.43,2.06
129188,3.16,2.69,2.95,2.97,2.7
129202,4.08,3.62,3.84,3.89,3.56
129235,3.72,3.3,3.5,3.54,3.21
129272,3.05,2.56,2.8,2.86,2.59
129300,2.11,1.64,1.88,1.94,1.6
129305,3.68,3.17,3.46,3.5,3.2
129317,2.87,2.45,2.64,2.72,2.3
129329,3.11,2.62,2.86,2.9,2.65
129410,4.11,3.67,3.86,3.93,3.57
129411,4.15,3.68,3.91,3.95,3.66
129416,3.46,3.01,3.25,3.29,2.96
129417,4.95,4.45,4.68,4.74,4.48
129550,3.55,3.07,3.33,3.35,3.09
129561,3.13,2.65,2.95,2.96,2.67
129614,2.82,2.36,2.6,2.65,2.32
129625,4.2,3.65,4.0,3.96,3.8
129657,4.15,3.66,3.94,3.95,3.67
129659,3.45,3.0,3.2,3.27,2.94
129740,3.6,3.11,3.39,3.41,3.13
129774,4.16,3.71,3.97,3.99,3.67
129895,1.77,1.3,1.56,1.59,1.28
129916,4.39,3.89,4.17,4.18,3.94
129926,3.08,2.6,2.85,2.88,2.6
129938,2.57,2.07,2.37,2.37,2.12
129942,3.36,2.89,3.15,3.18,2.88
129960,3.74,3.19,3.49,3.49,3.34
129985,3.66,3.24,3.46,3.51,3.14
130162,4.03,3.57,3.8,3.85,3.52
130190,4.16,3.71,3.96,3.99,3.65
130192,3.41,2.99,3.23,3.28,2.89
130209,3.83,3.35,3.62,3.65,3.37
130216,3.52,3.1,3.3,3.35,2.99
130254,3.65,3.2,3.41,3.45,3.14
130309,3.36,2.9,3.19,3.21,2.88
130346,3.87,3.4,3.62,3.67,3.39
130463,1.86,1.4,1.63,1.67,1.36
130545,3.37,2.89,3.15,3.18,2.88
130547,3.5,3.03,3.29,3.3,3.04
130552,4.13,3.61,3.87,3.9,3.69
130570,2.65,2.2,2.5,2.5,2.18
130591,4.46,4.05,4.31,4.36,3.93
130613,4.58,4.2,4.35,4.44,3.98
130627,4.3,3.76,4.06,4.07,3.87
130645,3.57,3.09,3.34,3.37,3.11
130656,2.72,2.26,2.52,2.56,2.23
130706,3.39,2.96,3.16,3.22,2.87
130712,3.15,2.69,2.9,2.96,2.65
130754,4.27,3.81,4.01,4.07,3.75
130763,3.68,3.21,3.46,3.51,3.2
130779,4.32,3.81,4.21,4.16,3.9
130786,2.78,2.28,2.55,2.57,2.31
130858,4.22,3.78,4.0,4.06,3.68
130939,3.88,3.4,3.66,3.7,3.4
130960,3.49,3.01,3.23,3.28,3.0
130988,2.94,2.47,2.71,2.76,2.45
131041,3.78,3.26,3.57,3.57,3.35
131090,4.69,4.23,4.5,4.53,4.2
131119,3.5,3.02,3.29,3.31,3.02
131122,3.91,3.42,3.7,3.72,3.45
131204,3.27,2.76,3.11,3.08,2.84
131265,2.98,2.43,2.72,2.74,2.55
131299,2.6,2.07,2.36,2.37,2.15
131336,3.62,3.13,3.45,3.45,3.16
131355,3.8,3.3,3.62,3.63,3.35
131360,3.25,2.79,3.06,3.09,2.77
131434,3.3,2.82,3.07,3.12,2.82
131476,3.32,2.87,3.09,3.14,2.81
131606,4.95,4.49,4.71,4.76,4.43
131610,2.4,1.95,2.16,2.21,1.87
131617,2.55,2.08,2.37,2.38,2.1
131641,3.86,3.41,3.66,3.72,3.36
131647,1.65,1.19,1.41,1.47,1.13
131652,4.05,3.57,3.83,3.86,3.59
131658,3.22,2.76,3.04,3.05,2.75
131668,3.1,2.62,2.88,2.92,2.62
131688,4.93,4.37,4.6,4.65,4.49
131705,3.73,3.25,3.5,3.53,3.27
131774,3.56,3.11,3.32,3.38,3.03
131807,4.64,4.13,4.47,4.44,4.2
131829,3.35,2.83,3.08,3.1,2.94
131895,3.25,2.79,3.05,3.09,2.74
131897,3.64,3.15,3.44,3.45,3.18
131899,3.03,2.59,2.83,2.85,2.5
131905,3.63,3.16,3.39,3.42,3.13
131912,3.88,3.39,3.7,3.7,3.41
131932,5.04,4.57,4.78,4.83,4.53
131975,2.8,2.36,2.57,2.62,2.28
131977,4.0,3.54,3.75,3.81,3.49
132014,4.01,3.56,3.77,3.83,3.49
132048,2.96,2.53,2.77,2.8,2.45
132059,2.67,2.21,2.46,2.49,2.18
132075,3.31,2.85,3.1,3.14,2.8
132107,3.0,2.53,2.81,2.83,2.52
132116,3.49,3.01,3.19,3.29,2.94
132120,2.56,2.08,2.31,2.36,2.06
132127,3.48,2.98,3.29,3.3,3.01
132133,1.6,1.14,1.33,1.4,1.09
132146,4.39,3.92,4.18,4.22,3.9
132148,2.75,2.26,2.52,2.55,2.28
132161,2.19,1.72,1.94,1.99,1.68
132168,3.21,2.7,2.96,3.0,2.74
132190,3.52,3.07,3.32,3.35,3.03
132210,2.54,2.05,2.28,2.33,2.06
132270,4.85,4.34,4.67,4.67,4.39
132277,3.89,3.41,3.66,3.71,3.4
132281,3.4,3.0,3.18,3.24,2.84
132289,3.69,3.21,3.52,3.52,3.22
132296,4.15,3.62,3.94,3.94,3.72
132300,3.46,3.0,3.27,3.29,2.97
132304,3.36,2.92,3.12,3.17,2.85
132323,3.9,3.41,3.71,3.71,3.42
132350,3.48,3.0,3.24,3.3,2.99
132361,2.51,1.98,2.26,2.29,2.07
132365,4.19,3.68,4.02,4.0,3.75
132425,2.5,2.0,2.29,2.3,2.03
132428,4.67,4.22,4.47,4.5,4.18
132486,4.06,3.54,3.82,3.82,3.62
132511,4.14,3.66,3.91,3.95,3.64
132538,3.06,2.59,2.84,2.89,2.55
132589,4.54,4.03,4.33,4.31,4.12
132620,3.77,3.24,3.58,3.55,3.34
132651,4.39,3.93,4.13,4.2,3.87
132661,3.95,3.5,3.74,3.78,3.43
132707,3.7,3.22,3.45,3.51,3.2
132713,2.58,2.11,2.35,2.37,2.11
132731,2.09,1.63,1.85,1.9,1.58
132770,2.27,1.8,2.03,2.08,1.77
132785,2.58,2.1,2.35,2.38,2.09
132805,4.4,3.95,4.12,4.19,3.9
132816,2.35,1.86,2.13,2.17,1.86
132827,3.45,2.98,3.27,3.28,2.97
132890,3.22,2.8,3.02,3.06,2.69
132894,2.96,2.45,2.77,2.75,2.51
132929,3.66,3.18,3.47,3.48,3.2
132984,4.07,3.57,3.88,3.89,3.63
133004,3.99,3.52,3.79,3.82,3.5
133013,3.83,3.35,3.63,3.65,3.36
133026,3.93,3.45,3.73,3.74,3.49
133046,3.32,2.82,3.14,3.13,2.88
133049,3.31,2.79,3.07,3.09,2.85
133054,3.24,2.76,3.03,3.06,2.77
133055,2.8,2.32,2.63,2.63,2.33
133081,3.97,3.49,3.77,3.77,3.52
133098,3.47,3.03,3.31,3.33,2.97
133109,3.24,2.73,3.07,3.08,2.79
133115,4.89,4.41,4.68,4.68,4.42
133130,1.87,1.36,1.65,1.67,1.42
133150,3.32,2.93,3.09,3.17,2.73
133175,3.5,3.04,3.34,3.33,3.02
133179,4.13,3.57,3.78,3.86,3.68
133188,3.89,3.42,3.66,3.7,3.42
133218,2.88,2.36,2.66,2.69,2.43
133245,3.61,3.14,3.48,3.47,3.14
133302,3.64,3.16,3.45,3.45,3.2
133320,2.2,1.67,1.96,1.97,1.76
133382,3.04,2.55,2.8,2.84,2.57
133421,2.74,2.27,2.49,2.53,2.23
133426,3.1,2.64,2.87,2.92,2.6
133429,3.06,2.6,2.85,2.89,2.56
133449,3.27,2.78,3.01,3.05,2.81
133521,3.81,3.31,3.57,3.6,3.33
133557,2.82,2.33,2.62,2.64,2.35
133561,3.43,2.97,3.22,3.25,2.95
133564,2.96,2.48,2.67,2.74,2.46
133572,2.93,2.43,2.71,2.73,2.46
133656,3.17,2.71,2.94,2.96,2.69
133745,3.66,3.2,3.44,3.48,3.16
133795,3.89,3.43,3.67,3.71,3.4
133819,1.97,1.5,1.78,1.8,1.48
133859,4.01,3.54,3.8,3.82,3.51
133906,3.91,3.49,3.7,3.75,3.37
133909,3.37,2.85,3.16,3.17,2.92
133921,2.88,2.39,2.68,2.7,2.41
133929,3.38,2.94,3.16,3.22,2.86
133957,4.87,4.41,4.7,4.71,4.36
133960,4.06,3.61,3.83,3.87,3.59
133966,3.58,3.16,3.39,3.42,3.05
133989,3.03,2.55,2.88,2.86,2.57
133996,3.76,3.33,3.54,3.59,3.23
134013,3.19,2.75,2.97,3.03,2.66
134030,4.88,4.47,4.64,4.73,4.31
134042,3.8,3.31,3.58,3.6,3.34
134047,4.01,3.52,3.89,3.84,3.59
134053,4.19,3.84,4.0,4.08,3.57
134103,3.77,3.33,3.57,3.61,3.25
134113,2.34,1.9,2.18,2.19,1.88
134134,3.33,2.86,3.13,3.14,2.84
134147,3.55,3.12,3.29,3.38,2.99
134149,3.9,3.43,3.68,3.72,3.41
134179,4.36,3.88,4.14,4.17,3.87
134196,3.71,3.24,3.5,3.53,3.22
134198,2.84,2.34,2.62,2.65,2.35
134206,3.53,3.07,3.3,3.35,3.03
134278,2.53,2.05,2.32,2.37,2.04
134319,2.82,2.35,2.65,2.65,2.35
134359,3.97,3.58,3.73,3.81,3.38
134431,2.68,2.21,2.49,2.51,2.2
134449,3.7,3.23,3.5,3.52,3.22
134499,2.93,2.46,2.73,2.75,2.46
134522,4.34,3.78,4.17,4.12,3.94
134555,4.27,3.82,4.1,4.11,3.78
134577,3.32,2.87,3.16,3.16,2.84
134632,3.22,2.74,2.93,3.0,2.73
134645,3.93,3.44,3.75,3.76,3.48
134746,4.42,3.93,4.24,4.23,3.98
134874,3.75,3.25,3.52,3.53,3.28
134916,2.77,2.3,2.55,2.56,2.36
134922,4.37,3.89,4.2,4.21,3.91
134950,3.94,3.51,3.81,3.81,3.46
134955,3.14,2.7,2.92,2.96,2.65
134966,3.11,2.67,2.86,2.94,2.59
134978,4.0,3.49,3.69,3.78,3.53
134981,3.99,3.47,3.79,3.78,3.57
134994,3.96,3.5,3.74,3.78,3.43
135020,1.87,1.4,1.68,1.7,1.4
135033,2.32,1.84,2.08,2.13,1.84
135058,2.84,2.39,2.65,2.67,2.36
135083,3.15,2.73,2.95,2.99,2.61
135086,2.14,1.67,1.96,1.97,1.66
135115,5.13,4.71,4.9,4.95,4.6
135207,4.63,4.18,4.46,4.47,4.14
135242,3.29,2.83,3.07,3.1,2.78
135320,2.56,2.09,2.36,2.36,2.1
135341,2.4,1.91,2.15,2.2,1.91
135350,5.23,4.75,5.03,5.07,4.75
135368,4.44,3.99,4.19,4.27,3.91
135372,3.35,2.81,3.11,3.12,2.93
135406,4.02,3.53,3.8,3.84,3.53
135409,4.3,3.86,4.09,4.12,3.77
135421,2.68,2.2,2.46,2.5,2.2
135427,3.81,3.33,3.56,3.61,3.3
135433,3.1,2.67,2.89,2.94,2.57
135445,2.99,2.47,2.74,2.77,2.54
135451,2.93,2.47,2.73,2.76,2.45
135501,4.24,3.74,4.04,4.07,3.77
135570,4.22,3.78,4.01,4.05,3.72
135602,3.0,2.53,2.76,2.82,2.51
135628,4.62,4.17,4.49,4.47,4.15
135633,4.19,3.75,3.93,4.01,3.64
135641,4.14,3.71,3.98,4.01,3.66
135646,2.74,2.24,2.42,2.5,2.27
135653,4.41,3.91,4.17,4.19,3.94
135657,3.57,3.09,3.33,3.37,3.09
135718,2.98,2.48,2.78,2.81,2.51
135756,1.59,1.11,1.33,1.39,1.09
135761,3.38,2.85,3.15,3.15,2.93
135768,3.17,2.65,2.92,2.95,2.72
135771,2.95,2.45,2.72,2.74,2.5
135811,2.91,2.41,2.72,2.73,2.46
135847,2.64,2.17,2.44,2.46,2.17
135862,2.57,2.09,2.33,2.38,2.08
135867,3.19,2.69,2.95,2.99,2.7
135872,4.88,4.37,4.67,4.68,4.45
135893,2.29,1.83,2.05,2.12,1.77
135924,3.17,2.69,2.94,2.96,2.71
135936,3.48,2.96,3.21,3.24,3.04
135947,3.06,2.57,2.82,2.86,2.59
135955,3.24,2.75,3.0,3.02,2.77
136016,3.52,2.99,3.31,3.32,3.09
136023,4.21,3.76,4.0,4.04,3.71
136050,2.83,2.39,2.63,2.67,2.33
136123,3.4,2.9,3.18,3.21,2.95
136135,3.71,3.29,3.52,3.57,3.19
136202,1.99,1.54,1.77,1.81,1.49
136259,3.27,2.83,3.07,3.11,2.77
136268,2.83,2.32,2.63,2.63,2.37
136317,4.16,3.66,3.91,3.96,3.69
136389,3.62,3.13,3.38,3.42,3.15
136400,2.48,2.04,2.26,2.29,2.0
136412,4.08,3.61,3.83,3.88,3.57
136418,4.5,4.02,4.27,4.3,4.0
136426,1.62,1.13,1.39,1.43,1.13
136430,4.16,3.7,3.95,4.01,3.65
136432,3.15,2.68,2.91,2.96,2.65
136449,3.41,2.99,3.18,3.24,2.87
136509,3.35,2.88,3.13,3.17,2.89
136542,2.01,1.51,1.79,1.81,1.55
136570,4.03,3.55,3.82,3.82,3.57
136571,2.91,2.48,2.7,2.74,2.38
136572,2.86,2.42,2.65,2.7,2.36
136599,4.08,3.61,3.92,3.94,3.6
136605,4.07,3.57,3.87,3.87,3.61
136656,3.74,3.22,3.56,3.54,3.3
136681,3.43,2.97,3.2,3.25,2.93
136724,1.91,1.44,1.7,1.72,1.43
136735,3.7,3.3,3.5,3.56,3.15
136748,2.71,2.24,2.49,2.51,2.23
136754,3.61,3.12,3.48,3.46,3.17
136806,4.34,3.9,4.09,4.16,3.81
136825,2.5,2.06,2.31,2.35,1.97
136841,4.51,4.04,4.26,4.3,4.01
136886,4.51,4.01,4.22,4.27,4.03
136892,3.04,2.58,2.85,2.88,2.55
136894,3.21,2.76,2.97,3.04,2.68
136896,3.11,2.63,2.91,2.93,2.65
136928,3.82,3.34,3.58,3.62,3.35
136954,2.77,2.29,2.57,2.59,2.29
136957,3.84,3.33,3.63,3.63,3.41
136980,2.9,2.48,2.65,2.73,2.37
137046,3.43,2.95,3.13,3.21,2.92
137061,3.23,2.74,3.04,3.05,2.76
137065,3.73,3.24,3.44,3.5,3.26
137085,3.34,2.9,3.08,3.15,2.79
137099,4.34,3.83,4.18,4.16,3.91
137103,3.8,3.31,3.57,3.58,3.33
137132,3.15,2.7,2.94,2.98,2.63
137140,4.17,3.7,3.94,3.99,3.67
137154,4.28,3.8,4.11,4.13,3.8
137156,2.28,1.77,2.02,2.05,1.82
137165,4.29,3.79,4.08,4.09,3.84
137172,3.08,2.6,2.89,2.91,2.59
137216,3.47,3.0,3.27,3.3,2.98
137221,3.13,2.66,2.86,2.94,2.63
137229,3.87,3.37,3.67,3.66,3.42
137231,2.84,2.36,2.62,2.65,2.36
137259,3.04,2.58,2.83,2.87,2.57
137345,3.71,3.27,3.47,3.55,3.17
137361,4.94,4.49,4.65,4.73,4.39
137362,2.97,2.5,2.78,2.8,2.49
137373,1.49,1.0,1.26,1.29,1.01
137379,3.99,3.48,3.77,3.79,3.56
137416,3.58,3.13,3.36,3.39,3.08
137476,4.14,3.62,3.94,3.94,3.71
137524,2.66,2.24,2.42,2.5,2.11
137532,4.27,3.83,4.04,4.1,3.73
137574,4.6,4.17,4.37,4.43,4.05
137715,3.4,2.91,3.16,3.2,2.91
137756,3.21,2.75,3.04,3.05,2.73
137762,2.36,1.9,2.1,2.16,1.86
137766,3.66,3.17,3.38,3.44,3.19
137775,4.65,4.22,4.42,4.48,4.1
137795,4.02,3.53,3.77,3.84,3.52
137827,3.66,3.16,3.51,3.49,3.21
137851,3.75,3.28,3.49,3.54,3.26
137883,4.47,3.98,4.29,4.29,4.0
137903,3.22,2.75,3.04,3.06,2.74
137958,4.26,3.79,4.06,4.09,3.79
138004,3.61,3.18,3.39,3.44,3.07
138063,2.68,2.22,2.45,2.49,2.18
138076,3.7,3.25,3.54,3.55,3.21
138105,3.82,3.36,3.57,3.62,3.31
138139,2.78,2.34,2.54,2.61,2.25
138197,3.24,2.74,3.04,3.05,2.8
138230,4.84,4.33,4.71,4.68,4.41
138236,3.71,3.25,3.49,3.54,3.21
138294,4.01,3.51,3.79,3.77,3.56
138297,2.1,1.63,1.88,1.91,1.62
138320,3.29,2.8,3.04,3.09,2.83
138340,2.62,2.17,2.41,2.43,2.12
138346,2.9,2.41,2.66,2.71,2.43
138414,3.58,3.13,3.38,3.42,3.08
138431,4.3,3.84,4.08,4.13,3.79
138602,3.51,3.05,3.24,3.32,2.99
138618,3.45,2.94,3.23,3.25,2.99
138641,3.58,3.07,3.35,3.38,3.12
138733,2.98,2.49,2.78,2.79,2.52
138771,3.26,2.84,3.03,3.1,2.72
138783,3.36,2.88,3.14,3.18,2.89
138786,2.64,2.18,2.42,2.47,2.13
138797,2.14,1.66,1.9,1.95,1.66
138851,4.1,3.63,3.94,3.93,3.64
138873,3.55,3.11,3.33,3.37,3.01
138885,3.75,3.3,3.51,3.55,3.24
138915,3.33,2.82,3.15,3.15,2.89
138926,2.62,2.19,2.44,2.47,2.12
138953,3.8,3.33,3.61,3.64,3.31
139014,3.89,3.37,3.72,3.72,3.45
139084,3.36,2.81,3.08,3.09,2.93
139094,3.48,3.0,3.22,3.26,3.02
139118,4.82,4.42,4.59,4.67,4.24
139135,2.31,1.81,2.06,2.1,1.83
139189,2.32,1.87,2.05,2.12,1.79
139249,3.13,2.53,2.87,2.85,2.76
139252,1.68,1.21,1.48,1.51,1.19
139313,2.9,2.47,2.68,2.75,2.38
139352,3.05,2.55,2.85,2.86,2.58
139354,3.63,3.18,3.42,3.45,3.12
139357,3.78,3.28,3.45,3.54,3.27
139366,3.07,2.58,2.82,2.87,2.6
139372,3.88,3.43,3.67,3.7,3.39
139427,2.82,2.38,2.65,2.67,2.32
139450,2.95,2.48,2.74,2.77,2.45
139475,2.69,2.24,2.4,2.49,2.14
139507,2.1,1.66,1.84,1.91,1.58
139569,3.59,3.07,3.42,3.39,3.17
139589,3.93,3.48,3.68,3.74,3.43
139599,2.39,1.87,2.12,2.17,1.93
139605,1.75,1.25,1.5,1.56,1.25
139617,3.37,2.91,3.13,3.18,2.86
139690,4.25,3.79,3.97,4.05,3.72
139722,4.7,4.3,4.54,4.59,4.17
139763,3.41,2.96,3.22,3.24,2.92
139801,2.68,2.16,2.44,2.47,2.22
139854,3.63,3.15,3.43,3.44,3.18
139859,2.66,2.18,2.44,2.47,2.18
139886,4.33,3.87,4.14,4.16,3.85
139915,3.6,3.17,3.4,3.44,3.08
139957,3.49,3.02,3.33,3.33,3.05
139982,3.22,2.77,2.98,3.03,2.72
139983,3.72,3.25,3.47,3.52,3.21
140011,4.41,3.91,4.14,4.18,3.94
140018,3.54,3.07,3.35,3.36,3.06
140039,3.44,2.96,3.14,3.24,2.89
140096,2.59,2.14,2.36,2.41,2.08
140102,3.37,2.93,3.18,3.21,2.85
140130,2.97,2.49,2.73,2.77,2.48
140187,3.82,3.34,3.61,3.63,3.34
140224,4.11,3.62,3.95,3.94,3.66
140243,3.39,2.91,3.15,3.18,2.91
140253,2.95,2.54,2.69,2.79,2.37
140255,2.48,1.98,2.25,2.28,2.03
140319,3.38,2.89,3.1,3.18,2.87
140386,1.76,1.28,1.53,1.56,1.27
140426,2.98,2.52,2.75,2.79,2.49
140453,1.89,1.43,1.66,1.69,1.44
140466,2.9,2.41,2.77,2.75,2.46
140529,3.55,3.13,3.32,3.38,3.02
140535,3.6,3.11,3.42,3.43,3.15
140582,5.11,4.71,4.95,4.98,4.59
140600,3.43,2.93,3.18,3.21,3.0
140613,3.52,3.07,3.29,3.35,3.02
140619,4.28,3.84,4.05,4.11,3.74
140625,2.16,1.7,1.93,1.98,1.66
140635,4.34,3.87,4.16,4.17,3.87
140639,3.75,3.23,3.57,3.54,3.33
140718,2.82,2.35,2.59,2.62,2.33
140743,4.7,4.25,4.47,4.53,4.18
140749,5.19,4.69,4.95,4.97,4.76
140762,2.66,2.18,2.43,2.46,2.19
140776,2.77,2.31,2.57,2.57,2.3
140789,2.78,2.29,2.54,2.58,2.29
140805,2.74,2.29,2.52,2.58,2.24
140823,3.33,2.83,3.13,3.14,2.89
140827,4.01,3.54,3.75,3.81,3.49
140874,4.27,3.8,4.1,4.11,3.81
140907,3.56,3.06,3.25,3.33,3.05
140915,3.01,2.54,2.76,2.81,2.51
140922,4.15,3.69,3.95,4.0,3.66
140942,2.77,2.29,2.55,2.58,2.3
140951,4.49,4.07,4.27,4.33,3.93
140963,2.76,2.29,2.53,2.57,2.29
140970,2.94,2.48,2.74,2.77,2.45
140982,4.9,4.53,4.71,4.77,4.3
140992,3.15,2.59,2.81,2.87,2.74
141017,4.41,3.89,4.23,4.23,3.97
141084,3.18,2.69,2.91,2.97,2.7
141094,2.4,1.93,2.19,2.23,1.93
141102,3.7,3.25,3.5,3.51,3.21
141120,1.92,1.47,1.71,1.74,1.43
141171,3.54,3.06,3.32,3.35,3.07
141192,4.42,3.94,4.15,4.21,3.94
141293,3.86,3.35,3.68,3.68,3.4
141298,3.56,3.07,3.39,3.37,3.11
141320,2.78,2.3,2.49,2.56,2.27
141328,3.33,2.86,3.04,3.1,2.82
141331,3.63,3.13,3.4,3.43,3.18
141354,4.05,3.57,3.8,3.84,3.55
141368,3.81,3.41,3.61,3.64,3.29
141375,3.94,3.53,3.69,3.76,3.37
141383,3.03,2.58,2.87,2.87,2.55
141386,2.26,1.82,2.02,2.08,1.75
141388,3.57,3.12,3.38,3.41,3.06
141391,3.91,3.34,3.54,3.62,3.45
141401,3.45,2.93,3.18,3.19,3.03
141405,4.65,4.12,4.42,4.41,4.24
141455,3.17,2.69,2.97,3.0,2.67
141458,3.05,2.58,2.92,2.89,2.6
141474,3.62,3.1,3.4,3.4,3.16
141479,3.09,2.64,2.88,2.88,2.67
141492,2.61,2.13,2.42,2.43,2.13
141542,4.21,3.71,3.96,4.0,3.75
141545,3.62,3.12,3.34,3.4,3.14
141565,3.19,2.73,2.96,3.0,2.71
141581,4.72,4.25,4.5,4.52,4.23
141595,2.73,2.24,2.49,2.52,2.26
141610,4.54,4.11,4.28,4.35,4.0
141611,3.69,3.26,3.5,3.52,3.18
141618,4.98,4.52,4.76,4.79,4.49
141638,3.38,2.89,3.18,3.2,2.92
141653,2.8,2.32,2.61,2.64,2.31
141771,3.75,3.29,3.51,3.57,3.23
141773,4.29,3.86,4.05,4.13,3.75
141776,4.24,3.75,4.03,4.05,3.77
141859,3.27,2.77,3.04,3.07,2.82
141872,3.31,2.83,3.0,3.1,2.78
141908,4.22,3.77,4.03,4.08,3.74
141916,2.13,1.71,1.93,1.97,1.61
141925,4.43,4.04,4.22,4.3,3.86
141933,3.11,2.64,2.87,2.91,2.63
141941,3.92,3.39,3.6,3.69,3.44
141958,2.84,2.4,2.59,2.65,2.32
141969,3.46,3.0,3.23,3.29,2.95
141998,4.83,4.36,4.65,4.66,4.36
142010,4.67,4.21,4.41,4.48,4.17
142015,4.01,3.53,3.81,3.83,3.52
142025,3.73,3.28,3.54,3.57,3.23
142026,2.6,2.15,2.4,2.44,2.11
142049,3.88,3.47,3.66,3.74,3.31
142060,3.18,2.7,2.97,3.0,2.7
142063,3.89,3.37,3.66,3.65,3.47
142116,3.5,3.05,3.3,3.34,3.01
142145,4.24,3.73,4.02,4.03,3.77
142217,3.06,2.56,2.86,2.88,2.59
142317,3.18,2.7,2.99,3.01,2.73
142351,4.43,3.97,4.2,4.24,3.93
142406,2.68,2.2,2.45,2.49,2.19
142432,3.64,3.21,3.45,3.48,3.14
142471,3.34,2.83,3.17,3.14,2.89
142474,3.75,3.27,3.55,3.56,3.29
142486,3.88,3.39,3.7,3.7,3.43
142491,2.8,2.34,2.59,2.63,2.3
142525,3.5,3.09,3.3,3.34,2.98
142538,2.56,2.08,2.3,2.35,2.06
142540,3.32,2.86,3.13,3.14,2.84
142549,3.56,3.08,3.34,3.38,3.07
142557,4.47,4.05,4.21,4.3,3.89
142616,2.68,2.23,2.48,2.52,2.15
142669,2.66,2.18,2.43,2.48,2.18
142737,4.08,3.66,3.9,3.94,3.56
142741,3.01,2.53,2.78,2.83,2.52
142744,2.83,2.4,2.61,2.67,2.31
142754,2.04,1.58,1.77,1.85,1.53
142766,3.53,3.07,3.31,3.35,3.04
142806,4.51,4.03,4.29,4.29,4.07
142821,3.79,3.34,3.58,3.62,3.3
142824,4.08,3.62,3.84,3.88,3.57
142830,3.66,3.18,3.46,3.49,3.19
142834,3.35,2.93,3.12,3.19,2.8
142848,3.9,3.34,3.64,3.63,3.51
142884,3.26,2.83,3.11,3.12,2.75
142913,4.28,3.84,4.07,4.1,3.75
142930,4.78,4.32,4.61,4.61,4.32
142932,3.29,2.82,3.09,3.11,2.83
142939,3.01,2.57,2.86,2.88,2.5
142947,2.8,2.33,2.6,2.62,2.33
142988,2.66,2.22,2.42,2.48,2.15
142990,4.09,3.6,3.92,3.91,3.63
142997,4.22,3.77,4.0,4.05,3.71
143020,3.45,3.0,3.22,3.27,2.94
143045,5.54,5.04,5.26,5.31,5.07
143057,3.42,2.94,3.17,3.21,2.94
143073,2.29,1.84,2.05,2.1,1.78
143119,1.85,1.39,1.6,1.66,1.31
143126,4.02,3.57,3.75,3.83,3.48
143153,3.71,3.22,3.52,3.53,3.26
143252,3.44,2.94,3.31,3.26,3.01
143283,3.67,3.21,3.53,3.51,3.22
143303,3.39,2.94,3.14,3.2,2.86
143404,4.26,3.76,4.07,4.07,3.8
143420,3.95,3.49,3.66,3.76,3.42
143421,4.38,3.89,4.17,4.2,3.9
143450,3.0,2.5,2.72,2.78,2.51
143460,3.67,3.21,3.44,3.49,3.15
143466,4.27,3.8,4.02,4.08,3.76
143519,3.62,3.16,3.38,3.45,3.11
143522,4.02,3.53,3.85,3.83,3.55
143561,4.08,3.63,3.85,3.9,3.57
143605,4.2,3.73,4.04,4.05,3.72
143613,3.48,3.01,3.29,3.32,3.0
143624,3.27,2.8,3.05,3.09,2.8
143637,3.69,3.16,3.47,3.48,3.27
143667,3.77,3.31,3.53,3.57,3.27
143670,4.15,3.65,3.91,3.94,3.7
143680,2.44,1.97,2.22,2.26,1.94
143765,4.38,3.92,4.15,4.2,3.88
143812,4.08,3.58,3.88,3.89,3.62
143845,3.38,2.88,3.1,3.16,2.91
143857,3.33,2.89,3.09,3.14,2.83
143922,3.84,3.4,3.63,3.68,3.33
143928,3.77,3.31,3.59,3.6,3.29
143941,4.0,3.52,3.74,3.8,3.51
143955,4.18,3.73,3.97,4.0,3.67
143964,3.35,2.85,3.09,3.14,2.86
144018,3.14,2.66,2.88,2.93,2.64
144028,2.51,2.04,2.29,2.33,2.01
144043,3.06,2.59,2.84,2.88,2.56
144067,4.21,3.68,4.03,4.03,3.77
144102,3.39,2.93,3.15,3.2,2.88
144106,2.05,1.55,1.83,1.84,1.62
144107,1.48,0.97,1.21,1.24,1.05
144130,3.03,2.55,2.83,2.86,2.54
144142,4.04,3.5,3.8,3.8,3.62
144205,2.83,2.37,2.63,2.66,2.35
144207,3.84,3.45,3.62,3.7,3.23
144209,3.29,2.81,3.03,3.1,2.77
144231,3.78,3.33,3.54,3.61,3.26
144333,2.71,2.22,2.52,2.52,2.24
144366,3.67,3.17,3.39,3.45,3.19
144389,2.54,2.1,2.31,2.37,2.03
144438,3.78,3.32,3.55,3.62,3.25
144443,3.67,3.21,3.42,3.48,3.16
144465,3.58,3.13,3.35,3.4,3.08
144478,3.03,2.58,2.8,2.85,2.54
144492,3.06,2.6,2.83,2.87,2.57
144505,3.53,3.04,3.28,3.33,3.04
144510,1.47,0.99,1.25,1.26,1.03
144553,3.42,2.96,3.23,3.25,2.93
144561,3.14,2.71,2.94,2.98,2.61
144696,3.69,3.21,3.5,3.5,3.23
144698,3.13,2.66,2.94,2.96,2.63
144724,4.38,3.92,4.21,4.21,3.91
144733,4.25,3.75,3.99,4.03,3.78
144742,3.92,3.42,3.73,3.74,3.47
144786,2.61,2.13,2.38,2.4,2.15
144789,2.96,2.5,2.74,2.78,2.46
144790,3.34,2.86,3.11,3.15,2.86
144791,3.04,2.57,2.84,2.88,2.53
144802,3.69,3.21,3.42,3.49,3.19
144804,3.97,3.49,3.71,3.74,3.51
144810,3.43,2.98,3.23,3.27,2.9
144849,3.4,2.93,3.25,3.24,2.93
144888,2.75,2.27,2.53,2.56,2.27
144908,3.26,2.78,3.02,3.06,2.78
144932,2.58,2.1,2.34,2.38,2.12
144938,4.26,3.79,4.0,4.05,3.78
144952,2.64,2.19,2.39,2.46,2.13
144998,3.36,2.9,3.14,3.17,2.86
145035,2.89,2.42,2.72,2.72,2.42
145058,3.22,2.76,2.97,3.03,2.7
145118,4.49,3.99,4.3,4.3,4.04
145124,2.76,2.29,2.57,2.6,2.29
145136,2.77,2.29,2.57,2.58,2.31
145145,3.09,2.62,2.89,2.92,2.61
145160,3.53,3.06,3.4,3.39,3.08
145166,3.79,3.31,3.49,3.57,3.28
145182,3.55,3.07,3.33,3.38,3.05
145246,2.67,2.2,2.5,2.52,2.19
145253,4.87,4.45,4.64,4.69,4.32
145263,3.17,2.71,2.95,3.0,2.67
145278,3.43,2.96,3.2,3.23,2.96
145285,4.35,3.88,4.07,4.14,3.83
145329,3.72,3.25,3.54,3.54,3.25
145339,3.53,3.01,3.23,3.3,3.06
145350,4.62,4.15,4.46,4.47,4.15
145357,3.67,3.24,3.45,3.5,3.13
145358,3.97,3.5,3.78,3.79,3.5
145397,3.11,2.66,2.91,2.94,2.61
145408,3.13,2.64,2.86,2.92,2.64
145432,3.6,3.15,3.4,3.43,3.1
145472,3.52,3.03,3.3,3.32,3.05
145481,3.24,2.79,3.0,3.05,2.73
145503,3.99,3.51,3.76,3.8,3.5
145522,4.27,3.79,4.08,4.09,3.81
145529,4.56,4.14,4.32,4.39,4.02
145552,3.7,3.27,3.49,3.54,3.19
145553,3.21,2.73,3.04,3.03,2.74
145572,2.76,2.32,2.55,2.57,2.27
145580,2.15,1.68,1.91,1.95,1.65
145582,3.07,2.56,2.82,2.85,2.61
145589,3.28,2.79,3.01,3.08,2.77
145605,4.19,3.74,4.01,4.04,3.68
145644,4.49,4.04,4.28,4.32,3.97
145656,4.42,3.93,4.2,4.23,3.94
145682,3.07,2.63,2.84,2.89,2.56
145685,4.04,3.54,3.77,3.83,3.55
145690,5.32,4.87,5.12,5.17,4.78
145692,2.95,2.49,2.77,2.79,2.46
145700,2.85,2.4,2.62,2.67,2.33
145746,3.39,2.9,3.19,3.21,2.93
145753,3.93,3.47,3.66,3.75,3.4
145767,1.46,1.0,1.25,1.28,0.97
145835,3.98,3.51,3.74,3.78,3.48
145838,3.23,2.73,3.03,3.03,2.78
145849,3.86,3.41,3.63,3.67,3.37
145870,2.76,2.28,2.54,2.57,2.3
145897,3.63,3.12,3.41,3.44,3.17
145899,3.66,3.17,3.39,3.44,3.18
145902,3.8,3.35,3.53,3.62,3.24
145914,3.99,3.54,3.79,3.82,3.49
145933,4.78,4.31,4.48,4.57,4.24
145946,3.11,2.67,2.91,2.96,2.61
145948,2.4,1.94,2.16,2.21,1.91
145993,3.91,3.44,3.76,3.76,3.44
145997,3.47,2.97,3.23,3.26,3.0
146002,3.25,2.79,3.01,3.08,2.74
146011,4.43,4.03,4.2,4.25,3.89
146074,2.67,2.2,2.41,2.48,2.18
146112,3.33,2.85,3.14,3.15,2.85
146125,3.68,3.24,3.49,3.52,3.18
146146,2.16,1.66,1.95,1.97,1.7
146157,3.75,3.25,3.58,3.57,3.29
146170,3.32,2.82,3.08,3.12,2.85
146192,3.47,3.01,3.34,3.33,3.03
146223,3.15,2.71,2.92,2.98,2.63
146225,1.83,1.38,1.62,1.66,1.36
146273,2.92,2.48,2.73,2.75,2.42
146300,3.7,3.25,3.53,3.54,3.22
146419,3.0,2.59,2.8,2.85,2.47
146447,1.71,1.28,1.49,1.53,1.19
146477,3.74,3.23,3.54,3.55,3.3
146561,3.49,3.01,3.16,3.27,2.97
146565,4.28,3.8,4.02,4.07,3.81
146567,2.9,2.47,2.69,2.74,2.37
146616,3.24,2.8,3.02,3.07,2.73
146628,3.5,2.99,3.28,3.3,3.06
146644,3.79,3.3,3.58,3.61,3.3
146676,3.48,3.02,3.28,3.3,3.0
146679,3.44,2.98,3.23,3.27,2.93
146716,3.34,2.84,3.12,3.13,2.93
146719,2.45,1.98,2.25,2.27,1.97
146721,4.08,3.61,3.91,3.92,3.64
146761,3.36,2.87,3.07,3.13,2.88
146769,4.35,3.88,4.08,4.14,3.86
146819,1.8,1.33,1.58,1.61,1.33
146837,3.91,3.45,3.76,3.75,3.45
146846,3.83,3.35,3.57,3.62,3.33
146874,2.95,2.49,2.76,2.79,2.46
146890,3.73,3.28,3.5,3.55,3.21
146984,4.85,4.36,4.55,4.64,4.34
146995,3.39,2.98,3.15,3.22,2.83
147028,3.53,3.05,3.32,3.33,3.07
147036,2.61,2.12,2.39,2.42,2.15
147102,3.17,2.65,2.86,2.93,2.7
147141,3.94,3.53,3.7,3.8,3.34
147205,2.93,2.44,2.77,2.76,2.47
147251,2.18,1.71,1.91,1.98,1.67
147276,4.12,3.69,3.89,3.95,3.6
147279,3.83,3.36,3.6,3.64,3.35
147306,4.33,3.89,4.15,4.18,3.79
147337,3.3,2.82,3.11,3.13,2.82
147339,3.56,3.06,3.24,3.33,3.06
147409,3.99,3.61,3.75,3.82,3.41
147454,4.91,4.51,4.69,4.75,4.34
147466,3.17,2.72,2.95,2.99,2.66
147615,4.72,4.23,4.5,4.53,4.25
147652,4.88,4.4,4.64,4.67,4.39
147672,3.87,3.37,3.66,3.68,3.42
147691,1.7,1.21,1.39,1.48,1.19
147776,2.26,1.75,1.98,2.03,1.78
147788,2.34,1.89,2.1,2.16,1.82
147810,3.4,2.9,3.22,3.22,2.93
147827,3.86,3.37,3.71,3.69,3.43
147837,4.65,4.14,4.39,4.42,4.21
147882,3.56,3.03,3.27,3.33,3.09
147946,2.93,2.47,2.67,2.74,2.41
147961,4.15,3.62,3.94,3.92,3.77
147968,3.88,3.44,3.64,3.71,3.37
147981,2.46,1.99,2.25,2.28,1.97
147987,3.01,2.5,2.84,2.82,2.57
148049,3.02,2.58,2.85,2.86,2.52
148075,2.3,1.85,2.07,2.12,1.79
148113,3.37,2.91,3.13,3.16,2.86
148143,3.65,3.16,3.45,3.45,3.21
148156,1.63,1.12,1.4,1.43,1.17
148160,3.16,2.67,2.95,2.97,2.69
148171,3.7,3.24,3.53,3.55,3.22
148240,3.84,3.39,3.65,3.66,3.34
148322,4.2,3.75,3.94,4.01,3.68
148326,2.36,1.9,2.12,2.17,1.85
148338,4.0,3.53,3.82,3.82,3.54
148359,4.66,4.15,4.52,4.49,4.22
148417,2.19,1.72,1.98,2.01,1.71
148527,3.62,3.19,3.35,3.42,3.09
148556,3.61,3.12,3.44,3.44,3.15
148569,2.85,2.41,2.63,2.68,2.35
148579,3.06,2.57,2.84,2.87,2.57
148643,2.02,1.57,1.79,1.85,1.51
148654,3.91,3.46,3.67,3.72,3.4
148685,4.31,3.86,4.08,4.13,3.8
148690,2.92,2.46,2.67,2.73,2.4
148743,3.02,2.51,2.77,2.8,2.55
148756,3.37,2.88,3.17,3.18,2.91
148758,1.84,1.37,1.64,1.66,1.36
148768,3.63,3.19,3.43,3.47,3.11
148820,3.61,3.09,3.39,3.38,3.19
148830,3.47,2.97,3.22,3.27,2.99
148851,2.9,2.39,2.71,2.71,2.46
148862,2.44,1.96,2.24,2.26,1.96
148863,3.95,3.48,3.8,3.78,3.51
148885,3.09,2.61,2.88,2.91,2.62
148899,3.4,2.94,3.17,3.22,2.9
148916,3.78,3.32,3.55,3.59,3.28
148918,2.71,2.24,2.49,2.54,2.22
148928,3.09,2.61,2.91,2.91,2.64
148935,3.21,2.73,2.99,3.02,2.76
148937,3.53,3.06,3.29,3.34,3.04
148942,3.68,3.16,3.44,3.45,3.24
148983,2.12,1.62,1.85,1.91,1.66
148996,4.2,3.71,3.88,3.98,3.68
149018,2.62,2.12,2.4,2.42,2.16
149044,3.82,3.42,3.63,3.68,3.27
149095,3.04,2.6,2.84,2.88,2.52
149158,4.65,4.17,4.52,4.49,4.19
149186,1.86,1.35,1.63,1.65,1.39
149240,3.88,3.44,3.65,3.71,3.36
149270,3.94,3.44,3.7,3.74,3.46
149286,1.9,1.44,1.68,1.73,1.4
149305,3.86,3.42,3.61,3.68,3.33
149308,2.75,2.33,2.54,2.61,2.18
149331,3.68,3.17,3.47,3.48,3.24
149358,3.43,2.96,3.22,3.24,2.96
149361,3.67,3.15,3.47,3.46,3.25
149374,2.52,2.07,2.36,2.35,2.07
149387,3.28,2.81,3.02,3.08,2.78
149396,4.04,3.53,3.85,3.83,3.63
149405,3.78,3.28,3.52,3.55,3.36
149424,3.82,3.38,3.62,3.65,3.34
149476,3.72,3.21,3.47,3.5,3.26
149513,3.39,2.91,3.19,3.22,2.92
149594,4.27,3.76,4.09,4.09,3.82
149612,3.18,2.7,2.94,3.0,2.68
149626,3.49,2.97,3.2,3.26,3.06
149655,4.2,3.74,3.98,4.02,3.7
149657,3.85,3.38,3.6,3.65,3.33
149666,4.38,3.91,4.25,4.22,3.91
149671,3.16,2.67,2.91,2.95,2.68
149687,2.83,2.37,2.62,2.64,2.36
149716,3.8,3.33,3.59,3.61,3.34
149725,4.22,3.75,4.06,4.04,3.77
149778,4.26,3.82,4.03,4.08,3.74
149779,4.57,4.12,4.32,4.38,4.04
149790,3.42,2.92,3.21,3.23,2.97
149858,3.93,3.45,3.74,3.76,3.46
149923,2.43,1.95,2.28,2.26,1.96
149953,3.45,2.99,3.14,3.24,2.91
149998,4.34,3.89,4.15,4.2,3.83
150007,4.05,3.62,3.76,3.85,3.49
150144,4.39,3.9,4.1,4.18,3.87
150173,4.54,4.09,4.3,4.36,4.03
150179,4.34,3.82,3.99,4.09,3.86
150183,4.63,4.19,4.38,4.45,4.08
150219,3.15,2.68,2.93,2.97,2.67
150225,4.08,3.58,3.84,3.86,3.68
150233,3.61,3.13,3.42,3.43,3.14
150304,2.58,2.09,2.31,2.36,2.09
150315,3.48,3.0,3.28,3.3,3.04
150319,2.79,2.35,2.55,2.62,2.26
150345,3.79,3.34,3.6,3.61,3.31
150408,4.81,4.31,4.53,4.58,4.32
150416,3.45,2.99,3.22,3.28,2.95
150457,2.96,2.52,2.75,2.79,2.47
150461,3.81,3.32,3.59,3.6,3.35
150464,2.93,2.43,2.7,2.73,2.46
150469,3.22,2.75,2.98,3.03,2.72
150485,4.17,3.67,3.9,3.95,3.68
150531,2.66,2.16,2.5,2.48,2.21
150617,3.37,2.93,3.15,3.2,2.85
150690,3.02,2.52,2.74,2.81,2.57
150712,3.94,3.46,3.73,3.76,3.46
150742,2.85,2.42,2.66,2.7,2.34
150779,4.77,4.39,4.51,4.6,4.15
150790,2.53,2.04,2.33,2.36,2.06
150812,4.03,3.54,3.75,3.83,3.52
150826,3.42,2.99,3.22,3.27,2.91
150870,3.82,3.34,3.64,3.65,3.35
150957,1.88,1.42,1.66,1.7,1.37
150967,5.05,4.58,4.78,4.82,4.54
151014,2.72,2.22,2.5,2.54,2.25
151054,4.8,4.32,4.6,4.61,4.32
151058,3.62,3.17,3.41,3.44,3.11
151076,3.29,2.8,3.1,3.11,2.82
151094,4.03,3.57,3.75,3.83,3.51
151222,2.45,1.97,2.23,2.26,1.98
151276,1.96,1.45,1.71,1.74,1.49
151281,3.97,3.47,3.77,3.78,3.5
151319,3.32,2.79,3.02,3.08,2.87
151333,3.41,2.95,3.19,3.23,2.91
151365,3.37,2.91,3.19,3.21,2.88
151368,3.96,3.45,3.78,3.77,3.52
151376,4.48,4.02,4.27,4.3,4.0
151424,3.45,2.99,3.23,3.27,2.96
151443,3.52,3.02,3.25,3.3,3.05
151499,3.73,3.25,3.52,3.57,3.22
151530,3.65,3.19,3.42,3.46,3.16
151547,3.57,3.09,3.34,3.38,3.1
151560,3.89,3.39,3.65,3.69,3.42
151586,3.03,2.57,2.79,2.83,2.53
151600,4.37,3.92,4.12,4.17,3.84
151617,3.77,3.3,3.48,3.57,3.25
151642,4.87,4.41,4.6,4.68,4.34
151721,3.69,3.25,3.48,3.52,3.19
151726,2.9,2.5,2.72,2.76,2.36
151749,3.66,3.22,3.4,3.47,3.13
151751,4.0,3.49,3.7,3.79,3.54
151771,3.95,3.51,3.69,3.76,3.42
151922,3.39,2.89,3.13,3.19,2.94
151975,2.36,1.92,2.1,2.17,1.82
152001,3.65,3.17,3.47,3.49,3.18
152036,3.22,2.8,2.98,3.06,2.69
152106,3.43,2.98,3.22,3.26,2.91
152123,3.0,2.54,2.76,2.81,2.5
152161,3.22,2.74,3.04,3.06,2.75
152176,3.08,2.59,2.87,2.88,2.63
152195,2.81,2.34,2.57,2.6,2.34
152259,2.58,2.11,2.38,2.4,2.1
152282,3.68,3.19,3.52,3.52,3.23
152303,4.11,3.65,3.86,3.93,3.58
152310,4.14,3.72,3.96,3.98,3.63
152317,3.67,3.21,3.46,3.49,3.2
152324,3.77,3.29,3.55,3.59,3.29
152334,2.8,2.31,2.55,2.6,2.31
152350,3.3,2.83,3.12,3.12,2.83
152361,4.4,3.92,4.18,4.19,3.93
152363,2.78,2.33,2.58,2.61,2.29
152372,2.32,1.84,2.09,2.13,1.84
152445,4.49,4.02,4.16,4.28,3.95
152491,3.07,2.61,2.88,2.9,2.58
152499,3.38,2.87,3.15,3.16,2.94
152510,2.78,2.33,2.58,2.62,2.29
152519,2.99,2.58,2.77,2.83,2.43
152556,3.73,3.27,3.51,3.54,3.26
152565,2.61,2.21,2.41,2.45,2.06
152578,4.14,3.69,3.94,3.96,3.65
152584,3.89,3.43,3.64,3.69,3.38
152600,3.82,3.28,3.54,3.59,3.36
152670,4.45,3.93,4.24,4.24,4.0
152673,3.72,3.28,3.46,3.53,3.17
152691,2.87,2.38,2.69,2.69,2.4
152715,2.4,1.93,2.21,2.22,1.93
152720,3.52,3.07,3.31,3.34,3.02
152788,4.5,4.01,4.25,4.29,4.01
152812,3.32,2.79,3.05,3.08,2.87
152818,3.2,2.73,2.99,3.03,2.7
152839,3.72,3.27,3.57,3.57,3.24
152896,3.3,2.82,3.05,3.1,2.8
152973,4.22,3.75,3.94,4.03,3.7
152987,3.13,2.7,2.9,2.96,2.6
153014,2.78,2.34,2.57,2.61,2.28
153028,3.37,2.96,3.14,3.2,2.83
153040,3.36,2.93,3.13,3.19,2.83
153044,4.24,3.76,3.99,4.03,3.78
153050,3.7,3.23,3.44,3.5,3.18
153061,2.78,2.28,2.52,2.56,2.32
153099,3.84,3.36,3.68,3.68,3.4
153102,2.44,1.96,2.23,2.26,1.95
153109,4.62,4.08,4.38,4.42,4.17
153117,3.22,2.76,3.0,3.06,2.72
153153,2.19,1.7,1.99,2.0,1.72
153161,3.55,3.09,3.31,3.35,3.06
153167,1.64,1.2,1.45,1.47,1.15
153195,3.16,2.71,2.93,2.98,2.65
153207,1.94,1.47,1.69,1.75,1.44
153238,4.21,3.76,3.93,4.03,3.66
153255,3.12,2.65,2.94,2.96,2.65
153269,3.39,2.92,3.17,3.21,2.89
153289,3.31,2.84,3.05,3.08,2.83
153318,1.55,1.09,1.27,1.34,1.01
153345,2.88,2.41,2.64,2.69,2.38
153409,4.78,4.34,4.61,4.64,4.29
153485,1.97,1.54,1.77,1.83,1.42
153490,2.98,2.52,2.8,2.81,2.51
153543,3.52,3.08,3.31,3.35,3.01
153544,4.82,4.3,4.62,4.6,4.42
153549,3.15,2.71,3.0,3.0,2.68
153618,2.4,1.92,2.2,2.22,1.92
153626,4.0,3.52,3.75,3.79,3.5
153657,4.07,3.58,3.84,3.88,3.6
153723,4.4,3.97,4.17,4.24,3.86
153785,3.13,2.66,2.9,2.93,2.64
153796,3.91,3.48,3.73,3.75,3.41
153800,3.22,2.73,3.02,3.04,2.75
153817,2.89,2.4,2.7,2.71,2.44
153880,3.45,2.95,3.26,3.28,2.98
153893,3.07,2.61,2.87,2.91,2.57
153923,2.73,2.27,2.51,2.54,2.24
153938,3.27,2.77,3.01,3.06,2.79
154003,4.0,3.51,3.71,3.78,3.5
154004,3.91,3.42,3.65,3.71,3.43
154015,4.25,3.78,3.94,4.04,3.7
154037,3.38,2.91,3.17,3.21,2.89
154069,4.19,3.68,3.94,3.98,3.73
154075,3.56,3.06,3.27,3.33,3.07
154173,2.87,2.43,2.7,2.72,2.39
154249,2.95,2.47,2.75,2.79,2.45
154253,4.0,3.51,3.77,3.8,3.54
154269,4.51,4.03,4.28,4.31,4.03
154328,4.76,4.29,4.46,4.53,4.24
154344,4.02,3.55,3.8,3.84,3.53
154374,4.28,3.75,4.09,4.07,3.87
154379,2.89,2.43,2.66,2.7,2.4
154406,2.62,2.14,2.39,2.42,2.15
154420,2.8,2.33,2.61,2.63,2.34
154448,3.58,3.08,3.37,3.4,3.11
154453,1.99,1.46,1.74,1.77,1.54
154458,3.44,2.96,3.21,3.25,2.96
154497,2.86,2.39,2.65,2.69,2.38
154555,3.28,2.75,2.99,3.04,2.84
154562,4.12,3.62,3.94,3.93,3.67
154573,3.55,3.05,3.33,3.36,3.09
154619,3.79,3.3,3.56,3.56,3.34
154637,3.59,3.12,3.39,3.41,3.1
154724,2.28,1.73,1.93,2.02,1.8
154795,3.83,3.29,3.49,3.59,3.35
154836,3.34,2.88,3.13,3.18,2.84
154911,2.77,2.29,2.56,2.57,2.3
154932,2.61,2.12,2.36,2.39,2.11
154949,3.69,3.23,3.44,3.51,3.17
154959,1.45,1.01,1.25,1.28,0.94
154995,3.16,2.68,2.93,2.97,2.71
155032,3.86,3.38,3.63,3.66,3.38
155050,4.41,3.88,4.16,4.18,3.95
155083,3.69,3.21,3.48,3.5,3.22
155118,4.7,4.26,4.53,4.54,4.18
155149,3.76,3.26,3.57,3.58,3.3
155200,4.1,3.63,3.88,3.91,3.61
155225,4.65,4.19,4.43,4.49,4.15
155275,3.76,3.2,3.39,3.48,3.31
155330,3.07,2.6,2.83,2.88,2.57
155347,4.09,3.6,3.92,3.89,3.65
155349,4.04,3.58,3.79,3.82,3.55
155366,2.6,2.13,2.38,2.41,2.12
155368,2.13,1.67,1.89,1.95,1.63
155371,3.24,2.83,3.08,3.11,2.72
155417,3.24,2.78,2.98,3.05,2.72
155453,3.96,3.51,3.78,3.8,3.48
155455,4.97,4.45,4.65,4.73,4.49
155488,3.64,3.14,3.46,3.45,3.2
155548,2.92,2.44,2.67,2.72,2.43
155563,2.87,2.38,2.6,2.65,2.39
155576,3.59,3.14,3.34,3.39,3.09
155591,2.87,2.4,2.67,2.7,2.39
155594,3.63,3.18,3.37,3.42,3.14
155606,2.91,2.45,2.7,2.73,2.42
155622,3.14,2.66,2.85,2.93,2.65
155625,4.16,3.67,3.95,3.98,3.7
155638,3.37,2.88,3.13,3.17,2.88
155664,4.18,3.52,3.69,3.81,3.82
155716,4.13,3.68,3.89,3.95,3.61
155790,1.99,1.44,1.7,1.74,1.55
155812,4.47,4.02,4.23,4.28,3.97
155823,4.27,3.75,4.05,4.07,3.84
155839,3.33,2.85,3.09,3.13,2.83
155840,2.54,2.09,2.29,2.37,2.01
155873,3.26,2.79,3.01,3.06,2.76
155895,1.73,1.25,1.49,1.54,1.25
155912,3.35,2.87,3.1,3.13,2.91
155941,3.02,2.57,2.8,2.85,2.51
155953,4.39,3.95,4.22,4.22,3.92
155966,3.02,2.54,2.8,2.84,2.54
155975,4.1,3.64,3.9,3.92,3.63
156027,3.45,3.01,3.24,3.29,2.92
156057,3.11,2.59,2.85,2.85,2.74
156231,3.8,3.35,3.61,3.65,3.29
156256,3.45,2.97,3.27,3.27,3.0
156288,3.45,2.95,3.22,3.21,3.05
156297,3.61,3.19,3.38,3.44,3.07
156342,3.88,3.41,3.66,3.7,3.4
156347,4.61,4.17,4.43,4.46,4.13
156355,3.23,2.76,2.98,3.03,2.74
156361,4.07,3.63,3.81,3.88,3.55
156379,3.7,3.25,3.46,3.52,3.17
156418,3.13,2.63,2.89,2.91,2.68
156425,3.25,2.77,3.05,3.08,2.77
156438,2.51,2.05,2.33,2.35,2.02
156440,3.33,2.83,3.08,3.1,2.87
156461,4.77,4.31,4.55,4.58,4.28
156479,2.04,1.54,1.82,1.84,1.57
156506,3.68,3.21,3.48,3.51,3.2
156538,4.18,3.69,3.93,3.98,3.75
156548,4.37,3.93,4.11,4.18,3.83
156549,3.05,2.6,2.83,2.88,2.54
156550,4.07,3.64,3.87,3.92,3.54
156551,3.66,3.2,3.45,3.48,3.18
156590,3.94,3.46,3.69,3.73,3.45
156619,3.32,2.91,3.13,3.17,2.76
156640,3.61,3.16,3.39,3.43,3.1
156659,3.64,3.16,3.38,3.44,3.15
156699,3.47,2.98,3.3,3.3,3.02
156715,5.13,4.69,4.83,4.93,4.56
156719,2.31,1.83,2.08,2.12,1.83
156759,3.62,3.12,3.44,3.43,3.18
156788,3.11,2.63,2.87,2.91,2.63
156795,4.4,3.91,4.18,4.22,3.91
156799,4.7,4.18,4.52,4.5,4.27
156835,2.99,2.48,2.81,2.81,2.52
156846,2.61,2.12,2.36,2.42,2.12
156854,3.03,2.55,2.86,2.85,2.59
156872,1.89,1.42,1.65,1.7,1.39
156874,2.87,2.45,2.66,2.7,2.35
156893,3.12,2.68,2.87,2.95,2.57
156905,3.91,3.41,3.69,3.7,3.46
156931,3.38,2.89,3.18,3.2,2.9
156948,4.48,4.0,4.3,4.31,4.02
156970,4.68,4.01,4.18,4.31,4.29
156979,3.58,3.15,3.38,3.41,3.06
156980,3.84,3.34,3.61,3.63,3.38
156983,4.67,4.14,4.37,4.42,4.22
157001,3.36,2.89,3.17,3.19,2.85
157015,2.27,1.77,2.08,2.09,1.81
157060,3.46,3.01,3.22,3.27,2.97
157077,3.3,2.86,3.09,3.14,2.78
157127,5.36,4.91,5.1,5.17,4.83
157145,3.76,3.31,3.53,3.59,3.23
157156,3.38,2.95,3.14,3.2,2.85
157207,2.27,1.81,2.05,2.08,1.78
157232,3.36,2.87,3.11,3.15,2.89
157239,3.28,2.83,3.09,3.13,2.77
157277,4.11,3.52,3.68,3.8,3.66
157282,3.91,3.44,3.7,3.73,3.41
157348,4.54,4.05,4.36,4.35,4.1
157381,3.53,3.06,3.3,3.34,3.04
157398,4.9,4.38,4.58,4.67,4.41
157413,2.49,2.03,2.35,2.34,2.02
157437,3.06,2.63,2.88,2.9,2.55
157456,3.47,2.98,3.24,3.25,3.01
157486,3.89,3.43,3.67,3.71,3.4
157516,2.35,1.89,2.14,2.16,1.87
157528,4.55,4.05,4.3,4.35,4.07
157567,4.38,3.89,4.16,4.18,3.92
157572,3.8,3.3,3.58,3.59,3.37
157602,2.02,1.53,1.84,1.85,1.55
157649,4.28,3.87,4.06,4.12,3.71
157679,4.09,3.65,3.85,3.91,3.56
157687,3.96,3.46,3.72,3.77,3.47
157693,3.38,2.91,3.2,3.22,2.89
157703,4.07,3.62,3.83,3.88,3.56
157725,4.42,3.94,4.2,4.22,3.95
157737,4.41,3.94,4.25,4.25,3.94
157763,4.42,3.98,4.2,4.25,3.92
157766,3.31,2.82,3.09,3.11,2.83
157769,3.19,2.69,2.97,2.98,2.73
157833,3.15,2.72,2.9,2.98,2.59
157890,4.11,3.61,3.82,3.89,3.62
157898,3.38,2.91,3.13,3.19,2.88
157902,3.1,2.61,2.9,2.94,2.63
157944,2.96,2.5,2.74,2.77,2.48
157951,3.79,3.28,3.57,3.57,3.35
157957,4.35,3.85,4.11,4.14,3.89
157984,4.09,3.65,3.88,3.92,3.58
158021,1.45,1.01,1.28,1.28,0.98
158023,2.59,2.15,2.38,2.42,2.09
158054,3.72,3.25,3.51,3.54,3.24
158098,3.39,2.91,3.21,3.22,2.92
158165,4.11,3.67,3.88,3.94,3.6
158172,3.56,3.12,3.36,3.4,3.06
158210,4.77,4.27,4.55,4.57,4.32
158272,2.16,1.63,1.88,1.91,1.71
158299,4.02,3.54,3.79,3.85,3.51
158301,4.03,3.56,3.88,3.87,3.55
158311,3.8,3.37,3.53,3.64,3.22
158378,3.55,3.03,3.3,3.32,3.14
158420,3.6,3.13,3.41,3.44,3.1
158494,3.39,2.92,3.15,3.2,2.89
158519,3.66,3.22,3.43,3.47,3.17
158542,3.55,3.07,3.41,3.41,3.08
158559,3.73,3.28,3.51,3.56,3.21
158565,3.38,2.89,3.16,3.2,2.89
158576,3.28,2.82,3.06,3.1,2.79
158645,5.0,4.59,4.77,4.85,4.44
158654,3.71,3.24,3.49,3.51,3.22
158666,3.55,3.07,3.33,3.36,3.08
158700,4.27,3.79,4.05,4.08,3.79
158803,4.31,3.81,3.99,4.09,3.8
158820,3.28,2.78,3.07,3.07,2.83
158859,3.04,2.57,2.86,2.87,2.57
158906,3.31,2.78,3.01,3.05,2.82
158937,3.63,3.15,3.46,3.49,3.15
158961,2.56,2.11,2.33,2.38,2.04
158968,4.03,3.6,3.78,3.82,3.52
158973,3.08,2.6,2.84,2.89,2.58
159000,3.95,3.44,3.77,3.77,3.52
159006,3.41,2.94,3.22,3.23,2.95
159010,3.34,2.9,3.11,3.14,2.83
159100,4.11,3.68,3.89,3.93,3.59
159109,3.67,3.21,3.44,3.49,3.18
159134,4.04,3.56,3.81,3.84,3.57
159137,3.11,2.62,2.92,2.94,2.67
159144,4.27,3.72,3.89,4.0,3.81
159160,2.75,2.23,2.55,2.56,2.3
159186,3.52,3.0,3.26,3.29,3.07
159245,4.53,4.01,4.25,4.29,4.05
159246,4.08,3.57,3.89,3.88,3.64
159261,2.78,2.31,2.58,2.61,2.29
159281,4.07,3.55,3.84,3.87,3.62
159315,4.18,3.67,3.98,3.98,3.73
159334,4.64,4.11,4.38,4.4,4.2
159349,3.53,3.02,3.33,3.34,3.08
159369,3.47,2.99,3.27,3.29,3.01
159497,2.33,1.88,2.08,2.14,1.83
159502,3.86,3.26,3.43,3.54,3.44
159517,4.37,3.87,4.15,4.15,3.96
159526,2.19,1.7,2.0,2.01,1.72
159565,4.67,4.16,4.48,4.46,4.24
159611,3.39,2.9,3.17,3.2,2.9
159644,3.4,2.89,3.11,3.17,2.94
159715,4.41,3.95,4.24,4.24,3.92
159740,4.52,4.09,4.28,4.35,3.97
159747,4.18,3.72,3.99,4.03,3.68
159784,3.87,3.4,3.6,3.67,3.36
159815,3.61,3.15,3.39,3.45,3.11
159828,4.42,3.91,4.23,4.22,3.96
159851,4.33,3.85,4.1,4.13,3.84
159859,3.47,3.01,3.19,3.28,2.94
159884,3.18,2.72,2.95,3.01,2.69
159896,2.82,2.34,2.6,2.63,2.34
159927,3.8,3.3,3.59,3.59,3.35
159987,3.32,2.83,3.05,3.11,2.82
160020,2.92,2.45,2.67,2.73,2.43
160030,3.66,3.19,3.44,3.47,3.16
160067,2.57,2.11,2.38,2.4,2.08
160137,2.79,2.27,2.54,2.57,2.34
160238,4.44,3.96,4.16,4.23,3.93
160257,4.36,3.86,4.12,4.16,3.87
160292,3.47,2.99,3.2,3.26,2.98
160357,3.0,2.52,2.82,2.82,2.53
160409,3.0,2.52,2.81,2.84,2.54
160426,3.36,2.92,3.16,3.2,2.83
160447,4.55,4.13,4.38,4.41,4.04
160537,2.27,1.83,2.05,2.1,1.75
160541,2.36,1.9,2.09,2.17,1.85
160560,2.61,2.11,2.36,2.39,2.15
160573,3.1,2.65,2.85,2.91,2.59
160633,2.8,2.37,2.63,2.66,2.29
160634,4.66,4.13,4.45,4.45,4.21
160638,3.8,3.32,3.54,3.57,3.36
160659,3.66,3.24,3.44,3.48,3.12
160715,2.58,2.09,2.38,2.42,2.11
160766,2.9,2.4,2.7,2.71,2.45
160789,2.83,2.35,2.66,2.66,2.38
160841,3.8,3.32,3.54,3.61,3.3
160864,3.86,3.39,3.65,3.69,3.39
160866,4.76,4.25,4.54,4.55,4.29
160911,4.72,4.21,4.41,4.48,4.24
160993,2.95,2.49,2.67,2.76,2.4
160994,3.09,2.56,2.85,2.87,2.66
161015,3.92,3.42,3.7,3.72,3.47
161044,5.17,4.72,4.91,4.99,4.64
161059,4.75,4.27,4.54,4.54,4.29
161073,3.41,2.94,3.21,3.22,2.95
161114,4.01,3.54,3.79,3.83,3.51
161122,4.67,4.19,4.48,4.49,4.2
161123,3.87,3.36,3.61,3.66,3.4
161163,2.17,1.74,1.96,2.0,1.64
161179,2.76,2.31,2.51,2.58,2.21
161214,2.69,2.22,2.48,2.51,2.21
161225,3.71,3.32,3.51,3.59,3.15
161233,4.01,3.52,3.79,3.82,3.54
161254,4.33,3.8,4.16,4.13,3.93
161298,2.6,2.12,2.37,2.4,2.15
161315,2.73,2.27,2.53,2.58,2.19
161341,4.04,3.55,3.83,3.85,3.59
161359,3.12,2.66,2.94,2.95,2.65
161454,3.73,3.25,3.52,3.55,3.27
161459,3.76,3.31,3.53,3.57,3.25
161499,3.72,3.24,3.45,3.51,3.23
161513,3.97,3.51,3.72,3.79,3.44
161565,2.97,2.5,2.74,2.77,2.49
161570,4.31,3.84,4.09,4.12,3.81
161675,4.44,3.97,4.24,4.27,3.96
161763,2.35,1.86,2.17,2.18,1.88
161770,4.32,3.85,4.13,4.15,3.85
161798,3.57,3.11,3.36,3.4,3.1
161820,3.45,2.99,3.24,3.28,2.94
161832,4.5,4.03,4.24,4.31,3.97
161856,3.23,2.77,3.03,3.05,2.75
161862,3.24,2.78,3.02,3.06,2.75
161877,3.61,3.13,3.41,3.42,3.16
161887,3.92,3.44,3.73,3.73,3.45
161932,3.63,3.19,3.41,3.46,3.12
161993,3.3,2.8,3.05,3.07,2.84
162007,3.46,2.98,3.15,3.25,2.93
162013,4.04,3.57,3.82,3.86,3.54
162058,3.25,2.75,3.03,3.04,2.81
162082,3.35,2.87,3.12,3.16,2.88
162132,3.3,2.8,3.1,3.12,2.86
162139,4.08,3.61,3.9,3.91,3.59
162170,2.32,1.86,2.12,2.15,1.84
162172,3.96,3.45,3.77,3.75,3.51
162173,4.03,3.51,3.68,3.78,3.54
162196,3.35,2.91,3.1,3.16,2.83
162223,4.55,4.11,4.29,4.36,4.0
162326,3.77,3.32,3.58,3.6,3.27
162432,4.49,4.01,4.28,4.32,4.03
162436,4.83,4.38,4.58,4.65,4.32
162560,3.25,2.84,3.08,3.11,2.72
162567,3.25,2.81,3.06,3.08,2.76
162577,2.46,1.99,2.24,2.28,1.97
162598,3.69,3.27,3.42,3.52,3.09
162600,2.68,2.18,2.38,2.46,2.19
162628,1.72,1.25,1.49,1.53,1.22
162654,3.71,3.24,3.5,3.52,3.25
162690,2.73,2.24,2.51,2.53,2.26
162693,2.94,2.46,2.78,2.77,2.48
162694,3.36,2.86,3.23,3.19,2.91
162712,3.52,3.02,3.33,3.33,3.05
162733,3.95,3.49,3.76,3.78,3.46
162740,3.52,3.02,3.31,3.31,3.08
162741,2.83,2.35,2.64,2.66,2.36
162744,3.24,2.75,3.0,3.03,2.77
162751,4.87,4.37,4.69,4.67,4.43
162754,2.58,2.13,2.34,2.39,2.08
162838,1.84,1.33,1.55,1.59,1.39
162863,3.71,3.22,3.48,3.52,3.24
162875,2.65,2.2,2.45,2.5,2.13
163061,3.45,2.97,3.24,3.26,2.97
163066,3.6,3.19,3.38,3.44,3.05
163085,4.88,4.31,4.61,4.63,4.5
163113,2.78,2.27,2.57,2.57,2.33
163119,4.05,3.57,3.84,3.87,3.56
163225,4.38,3.88,4.19,4.2,3.93
163297,4.17,3.63,3.83,3.92,3.7
163300,3.44,2.92,3.15,3.23,2.96
163313,4.15,3.69,3.93,3.96,3.66
163318,2.26,1.8,2.04,2.07,1.78
163342,4.16,3.69,3.93,3.97,3.65
163346,3.59,3.15,3.34,3.41,3.06
163394,3.28,2.8,3.06,3.08,2.8
163402,3.34,2.91,3.12,3.16,2.82
163418,2.45,1.95,2.23,2.24,2.0
163440,3.19,2.74,2.98,3.03,2.68
163454,3.71,3.25,3.49,3.52,3.25
163487,3.6,3.05,3.3,3.34,3.16
163581,3.19,2.7,2.93,2.97,2.71
163586,2.47,1.99,2.24,2.28,1.98
163592,3.43,2.96,3.23,3.25,2.94
163602,4.04,3.52,3.8,3.85,3.56
163654,1.56,1.1,1.27,1.36,1.02
163685,4.57,4.1,4.34,4.4,4.08
163701,3.06,2.6,2.81,2.85,2.58
163703,3.28,2.9,3.08,3.13,2.71
163710,2.88,2.38,2.67,2.69,2.42
163737,3.29,2.82,3.07,3.1,2.81
163776,4.66,4.19,4.47,4.47,4.19
163778,3.69,3.22,3.49,3.52,3.2
163792,3.47,2.96,3.13,3.22,2.99
163837,4.26,3.7,4.01,4.02,3.82
163850,2.96,2.49,2.72,2.77,2.47
163851,3.37,2.89,3.17,3.21,2.89
163864,3.24,2.75,3.01,3.04,2.77
163898,3.43,2.96,3.2,3.24,2.94
163903,2.9,2.41,2.64,2.7,2.39
163904,2.93,2.46,2.7,2.75,2.42
163931,3.27,2.83,3.06,3.1,2.75
163977,3.25,2.77,3.02,3.07,2.77
163982,3.31,2.83,2.99,3.08,2.8
163991,3.76,3.28,3.53,3.55,3.26
164001,3.85,3.35,3.57,3.62,3.38
164012,4.22,3.73,4.05,4.05,3.78
164018,3.02,2.49,2.72,2.79,2.54
164044,3.88,3.41,3.73,3.72,3.43
164051,3.83,3.35,3.57,3.63,3.33
164066,2.39,1.95,2.21,2.23,1.87
164068,4.25,3.79,4.04,4.07,3.74
164097,4.32,3.85,4.09,4.14,3.79
164107,2.03,1.57,1.8,1.85,1.52
164124,3.32,2.86,3.12,3.15,2.83
164125,3.49,2.99,3.31,3.31,3.05
164148,4.15,3.78,3.9,4.01,3.53
164152,4.2,3.76,4.0,4.05,3.69
164173,3.82,3.38,3.6,3.63,3.34
164206,3.5,3.03,3.29,3.33,3.01
164275,3.59,3.12,3.33,3.39,3.09
164313,3.78,3.27,3.58,3.58,3.34
164322,4.16,3.68,3.96,3.97,3.68
164324,2.74,2.24,2.5,2.53,2.27
164361,2.46,2.01,2.2,2.28,1.93
164398,2.1,1.63,1.91,1.92,1.63
164452,2.36,1.83,2.13,2.15,1.91
164513,3.89,3.42,3.7,3.73,3.42
164526,4.76,4.28,4.59,4.58,4.31
164598,3.32,2.86,3.09,3.15,2.82
164638,3.18,2.74,3.01,3.02,2.69
164654,3.41,2.96,3.15,3.21,2.9
164660,2.08,1.59,1.93,1.91,1.63
164688,4.12,3.63,3.93,3.97,3.64
164692,3.85,3.34,3.57,3.61,3.42
164707,4.1,3.61,3.78,3.86,3.6
164723,1.86,1.39,1.64,1.68,1.37
164733,4.54,4.06,4.38,4.38,4.09
164741,4.28,3.76,4.05,4.07,3.83
164796,3.37,2.91,3.19,3.2,2.88
164819,2.35,1.85,2.08,2.12,1.88
164827,4.03,3.54,3.86,3.85,3.58
164831,2.34,1.94,2.11,2.18,1.76
164861,2.79,2.28,2.6,2.6,2.34
164863,3.43,2.93,3.21,3.25,2.94
164865,4.54,4.01,4.34,4.33,4.12
164969,4.04,3.56,3.87,3.86,3.59
164986,3.26,2.8,3.08,3.1,2.79
164989,3.24,2.74,3.05,3.05,2.79
165004,2.46,2.05,2.26,2.32,1.91
165020,3.91,3.42,3.68,3.71,3.42
165039,3.05,2.55,2.84,2.86,2.59
165049,3.05,2.62,2.86,2.9,2.54
165096,3.05,2.58,2.78,2.83,2.56
165144,2.79,2.32,2.54,2.58,2.29
165188,3.24,2.79,3.03,3.07,2.73
165249,4.75,4.38,4.56,4.64,4.15
165262,3.6,3.11,3.41,3.41,3.13
165289,2.68,2.23,2.49,2.51,2.19
165290,3.01,2.54,2.77,2.82,2.51
165356,3.7,3.22,3.49,3.5,3.25
165357,3.98,3.47,3.75,3.75,3.53
165360,2.7,2.26,2.45,2.51,2.17
165371,2.71,2.19,2.48,2.5,2.26
165423,3.14,2.66,2.93,2.96,2.65
165562,3.59,3.1,3.42,3.41,3.14
165563,4.57,4.03,4.34,4.32,4.18
165601,3.19,2.7,3.01,3.01,2.74
165608,4.52,4.08,4.25,4.34,3.99
165667,3.3,2.85,3.1,3.14,2.8
165669,3.66,3.18,3.48,3.49,3.2
165709,2.71,2.19,2.47,2.49,2.27
165768,2.87,2.49,2.72,2.77,2.36
165828,3.57,3.06,3.37,3.37,3.12
165829,2.87,2.42,2.69,2.7,2.39
165838,4.09,3.59,3.83,3.87,3.62
165841,4.19,3.65,3.86,3.94,3.73
165917,3.27,2.78,3.06,3.09,2.81
165929,3.14,2.68,2.93,2.96,2.65
165949,3.62,3.12,3.42,3.42,3.19
165956,4.72,4.3,4.44,4.55,4.13
165965,4.43,3.96,4.18,4.23,3.94
165998,4.07,3.59,3.85,3.89,3.59
166005,3.52,3.07,3.31,3.35,3.02
166042,2.8,2.34,2.57,2.62,2.31
166112,5.17,4.73,5.03,5.05,4.71
166121,2.54,2.13,2.34,2.39,1.97
166153,3.07,2.57,2.86,2.88,2.62
166229,4.17,3.71,3.94,3.99,3.67
166247,3.85,3.42,3.64,3.69,3.32
166276,2.29,1.83,2.11,2.13,1.81
166277,4.01,3.57,3.82,3.86,3.51
166317,3.24,2.75,3.07,3.07,2.79
166356,3.7,3.2,3.45,3.49,3.24
166370,3.95,3.45,3.75,3.75,3.51
166395,3.88,3.43,3.67,3.71,3.38
166400,3.01,2.56,2.78,2.82,2.5
166406,5.05,4.53,4.81,4.83,4.58
166408,3.75,3.26,3.56,3.55,3.32
166428,3.48,3.06,3.26,3.32,2.94
166461,3.42,2.99,3.2,3.25,2.88
166471,3.17,2.71,2.94,2.98,2.67
166477,3.98,3.46,3.75,3.77,3.54
166529,4.07,3.61,3.87,3.89,3.6
166536,4.15,3.65,3.93,3.95,3.66
166555,3.78,3.35,3.58,3.63,3.26
166569,2.68,2.2,2.49,2.5,2.19
166578,3.18,2.69,2.94,2.99,2.68
166579,2.83,2.31,2.51,2.58,2.37
166590,4.32,3.88,4.15,4.18,3.83
166617,4.24,3.75,3.99,4.03,3.76
166658,2.39,1.93,2.14,2.2,1.87
166662,3.18,2.62,2.85,2.9,2.77
166707,4.12,3.63,3.92,3.92,3.66
166711,3.48,2.98,3.24,3.24,3.09
166740,4.98,4.45,4.7,4.76,4.5
166776,4.65,4.19,4.41,4.47,4.15
166784,3.17,2.7,2.98,3.0,2.69
166787,3.06,2.57,2.92,2.89,2.63
166865,3.8,3.27,3.59,3.59,3.36
166902,3.56,3.08,3.34,3.36,3.09
166906,3.79,3.31,3.6,3.61,3.33
166948,2.98,2.51,2.72,2.8,2.47
166949,3.28,2.8,3.08,3.1,2.82
166964,4.16,3.7,3.93,3.99,3.65
166995,4.76,4.31,4.55,4.6,4.24
167053,4.12,3.66,3.88,3.94,3.61
167063,4.48,3.99,4.25,4.28,4.0
167075,3.57,3.11,3.38,3.4,3.1
167129,3.21,2.73,2.98,3.03,2.71
167141,4.55,4.09,4.29,4.36,4.03
167145,3.2,2.74,3.0,3.04,2.71
167195,3.67,3.18,3.47,3.49,3.22
167209,4.3,3.78,4.02,4.07,3.85
167249,2.89,2.42,2.67,2.7,2.41
167262,2.67,2.26,2.48,2.52,2.14
167293,3.15,2.64,2.93,2.93,2.7
167305,3.08,2.62,2.92,2.93,2.62
167351,4.02,3.57,3.81,3.86,3.5
167455,4.01,3.6,3.78,3.85,3.46
167483,2.69,2.21,2.51,2.51,2.22
167484,4.28,3.79,4.11,4.12,3.82
167494,2.5,2.01,2.29,2.31,2.03
167521,4.37,3.93,4.12,4.21,3.81
167555,3.75,3.31,3.5,3.56,3.21
167657,3.8,3.35,3.57,3.62,3.28
167711,3.52,3.01,3.3,3.32,3.08
167715,3.51,3.07,3.27,3.33,2.99
167736,3.46,3.01,3.19,3.28,2.93
167763,3.51,3.03,3.3,3.32,3.03
167768,3.29,2.82,3.11,3.12,2.81
167823,3.65,3.17,3.41,3.44,3.17
167834,3.55,3.07,3.25,3.35,3.03
168009,3.3,2.79,3.13,3.12,2.83
168019,4.09,3.63,3.88,3.92,3.6
168043,2.77,2.27,2.56,2.56,2.32
168046,3.1,2.66,2.88,2.94,2.55
168055,2.82,2.33,2.63,2.64,2.36
168072,4.04,3.6,3.83,3.87,3.55
168080,2.48,2.01,2.3,2.31,2.03
168130,3.05,2.58,2.78,2.82,2.56
168173,3.55,3.04,3.24,3.31,3.08
168220,4.27,3.83,4.05,4.1,3.76
168242,3.69,3.21,3.47,3.5,3.22
168263,2.52,2.02,2.28,2.32,2.05
168268,4.53,4.08,4.32,4.35,4.03
168307,3.84,3.39,3.59,3.66,3.31
168313,3.87,3.42,3.57,3.67,3.32
168353,3.66,3.24,3.46,3.5,3.14
168445,4.36,3.84,4.11,4.1,3.95
168480,3.8,3.33,3.51,3.59,3.28
168530,3.07,2.59,2.85,2.89,2.57
168534,2.73,2.27,2.53,2.57,2.23
168565,1.58,1.15,1.32,1.4,1.04
168567,4.41,3.92,4.12,4.2,3.9
168575,5.4,4.9,5.23,5.23,4.93
168591,3.27,2.81,3.07,3.1,2.78
168597,3.28,2.8,3.08,3.1,2.79
168614,2.95,2.48,2.69,2.76,2.46
168629,3.86,3.39,3.63,3.67,3.38
168647,3.84,3.39,3.61,3.67,3.3
168648,4.1,3.63,3.85,3.89,3.59
168661,2.98,2.54,2.75,2.81,2.44
168704,3.87,3.38,3.68,3.69,3.43
168712,3.1,2.64,2.92,2.93,2.62
168728,4.29,3.82,4.07,4.1,3.82
168753,3.7,3.21,3.44,3.5,3.21
168782,2.73,2.26,2.53,2.55,2.25
168797,3.48,3.03,3.26,3.3,2.96
168847,3.37,2.91,3.14,3.19,2.85
168854,4.44,4.01,4.25,4.29,3.95
168857,2.05,1.55,1.88,1.86,1.59
168909,3.98,3.5,3.82,3.81,3.53
168990,2.66,2.2,2.44,2.47,2.17
169011,3.38,2.95,3.11,3.21,2.82
169016,3.71,3.23,3.51,3.52,3.23
169059,2.59,2.12,2.39,2.4,2.14
169061,4.14,3.66,3.88,3.94,3.65
169144,5.21,4.68,4.93,4.98,4.77
169168,4.0,3.56,3.73,3.8,3.44
169207,2.71,2.24,2.5,2.53,2.23
169238,4.42,3.91,4.27,4.24,4.0
169247,2.9,2.45,2.65,2.72,2.4
169257,3.77,3.29,3.48,3.56,3.24
169311,3.2,2.7,3.01,3.01,2.75
169315,3.38,2.96,3.16,3.23,2.83
169323,3.79,3.26,3.6,3.59,3.36
169329,2.31,1.84,2.08,2.13,1.83
169337,2.78,2.3,2.54,2.58,2.29
169352,2.8,2.33,2.58,2.61,2.33
169399,3.08,2.57,2.85,2.87,2.62
169403,2.9,2.44,2.71,2.74,2.42
169439,3.1,2.63,2.83,2.89,2.59
169440,5.22,4.77,5.06,5.05,4.75
169458,3.64,3.17,3.39,3.43,3.15
169479,4.19,3.74,4.01,4.02,3.71
169492,3.56,3.14,3.34,3.4,3.01
169499,3.83,3.36,3.52,3.6,3.29
169501,4.74,4.26,4.52,4.55,4.26
169503,4.58,4.08,4.4,4.4,4.13
169521,3.03,2.59,2.77,2.86,2.48
169632,3.5,3.04,3.24,3.31,2.96
169653,3.95,3.53,3.72,3.78,3.4
169676,2.95,2.48,2.76,2.78,2.48
169689,4.22,3.73,4.04,4.05,3.75
169714,3.01,2.53,2.81,2.83,2.54
169729,4.0,3.54,3.83,3.84,3.53
169745,2.54,2.07,2.34,2.36,2.07
169791,3.59,3.12,3.39,3.42,3.1
169804,3.13,2.67,2.91,2.96,2.63
169815,3.85,3.45,3.6,3.68,3.27
169827,3.83,3.32,3.65,3.64,3.37
169851,2.39,1.93,2.16,2.22,1.87
169863,3.02,2.53,2.79,2.83,2.54
169864,3.28,2.79,3.05,3.08,2.84
169887,3.68,3.21,3.38,3.45,3.18
169899,3.06,2.58,2.78,2.85,2.54
170044,3.4,2.99,3.16,3.22,2.83
170045,3.7,3.22,3.45,3.5,3.21
170061,3.27,2.8,3.06,3.09,2.79
170065,3.0,2.56,2.8,2.83,2.53
170096,3.64,3.2,3.43,3.48,3.12
170112,3.07,2.59,2.84,2.88,2.61
170116,3.79,3.36,3.58,3.63,3.28
170184,4.0,3.59,3.74,3.83,3.41
170203,3.24,2.78,3.02,3.06,2.74
170204,3.99,3.56,3.86,3.89,3.48
170240,3.63,3.14,3.43,3.46,3.16
170243,3.07,2.62,2.85,2.88,2.55
170271,3.7,3.21,3.47,3.49,3.23
170278,2.92,2.42,2.68,2.7,2.44
170284,4.53,4.09,4.26,4.35,3.99
170326,3.18,2.74,2.96,3.01,2.69
170384,4.7,4.2,4.41,4.48,4.22
170405,4.58,4.08,4.32,4.37,4.1
170440,3.7,3.26,3.51,3.54,3.21
170450,3.51,2.95,3.27,3.27,3.11
170455,3.47,2.96,3.32,3.28,3.04
170459,4.39,3.96,4.15,4.21,3.83
170484,2.29,1.84,2.04,2.1,1.78
170510,4.2,3.73,3.99,4.02,3.71
170536,3.31,2.83,3.13,3.15,2.84
170542,4.23,3.77,4.05,4.08,3.76
170564,4.02,3.55,3.76,3.81,3.54
170601,3.55,3.04,3.32,3.34,3.09
170639,4.2,3.7,4.0,4.03,3.73
170646,1.33,0.88,1.16,1.17,0.87
170665,3.88,3.41,3.65,3.67,3.45
170709,2.86,2.43,2.65,2.69,2.34
170752,4.37,3.91,4.15,4.19,3.87
170762,3.63,3.14,3.43,3.44,3.18
170773,3.53,3.05,3.2,3.32,2.99
170786,2.89,2.4,2.68,2.7,2.41
170801,3.72,3.24,3.54,3.55,3.26
170809,4.41,3.91,4.22,4.22,3.97
170811,4.15,3.64,3.95,3.96,3.71
170817,4.74,4.32,4.48,4.54,4.2
170837,2.94,2.51,2.71,2.77,2.4
170846,2.78,2.31,2.57,2.57,2.32
170912,3.26,2.8,3.09,3.1,2.79
170922,3.22,2.78,2.98,3.03,2.69
170975,4.78,4.27,4.49,4.57,4.3
170980,2.84,2.38,2.62,2.66,2.34
171000,3.03,2.55,2.83,2.85,2.57
171059,3.86,3.37,3.6,3.64,3.4
171080,4.26,3.82,4.04,4.08,3.74
171092,3.29,2.86,3.07,3.13,2.75
171130,3.74,3.27,3.54,3.55,3.28
171166,4.12,3.74,3.86,3.96,3.52
171167,3.17,2.7,2.93,2.97,2.67
171180,3.45,2.99,3.27,3.29,2.96
171195,3.04,2.56,2.8,2.83,2.57
171226,2.8,2.36,2.57,2.62,2.29
171240,3.39,2.9,3.16,3.19,2.92
171269,3.41,2.96,3.19,3.23,2.91
171331,4.1,3.6,3.91,3.92,3.64
171351,3.24,2.77,3.01,3.06,2.74
171367,3.15,2.68,2.88,2.95,2.64
171375,2.73,2.23,2.52,2.54,2.27
171376,3.62,3.19,3.38,3.44,3.1
171381,2.9,2.43,2.7,2.72,2.44
171480,1.85,1.34,1.61,1.63,1.4
171520,3.02,2.59,2.77,2.86,2.44
171557,4.1,3.57,3.9,3.86,3.74
171598,3.63,3.15,3.39,3.43,3.15
171631,3.54,3.05,3.32,3.34,3.07
171636,3.1,2.62,2.89,2.91,2.63
171642,3.73,3.3,3.52,3.57,3.19
171680,4.24,3.81,3.98,4.04,3.7
171717,3.52,3.02,3.3,3.32,3.06
171780,4.11,3.65,3.99,3.97,3.64
171801,4.04,3.55,3.76,3.82,3.54
171831,3.93,3.43,3.69,3.73,3.45
171833,3.95,3.44,3.73,3.72,3.55
171869,3.14,2.67,2.92,2.95,2.66
171874,3.25,2.75,3.02,3.05,2.78
171901,2.59,2.11,2.29,2.37,2.08
171929,3.91,3.42,3.7,3.74,3.45
172003,2.98,2.52,2.76,2.79,2.5
172032,3.18,2.69,3.01,3.01,2.72
172045,4.3,3.83,4.06,4.12,3.79
172079,2.73,2.24,2.53,2.55,2.26
172108,1.48,0.96,1.24,1.26,1.02
172154,3.82,3.32,3.61,3.63,3.36
172190,4.42,3.95,4.19,4.22,3.94
172262,4.27,3.8,4.02,4.07,3.78
172289,4.21,3.74,3.98,4.02,3.73
172290,3.2,2.7,3.0,3.03,2.75
172293,2.72,2.28,2.5,2.52,2.22
172339,2.79,2.26,2.51,2.55,2.34
172365,2.03,1.56,1.77,1.82,1.53
172409,2.32,1.84,2.1,2.12,1.86
172414,3.8,3.29,3.62,3.6,3.37
172418,4.21,3.7,3.94,3.97,3.77
172424,2.86,2.37,2.62,2.65,2.38
172470,4.36,3.91,4.16,4.21,3.86
172497,3.62,3.13,3.38,3.42,3.12
172536,3.22,2.74,3.02,3.04,2.73
172548,3.01,2.55,2.79,2.82,2.53
172604,4.18,3.72,4.01,3.98,3.73
172616,3.89,3.39,3.65,3.67,3.42
172676,2.81,2.36,2.61,2.65,2.33
172714,4.52,4.13,4.36,4.4,3.97
172733,2.69,2.25,2.41,2.5,2.13
172782,3.05,2.54,2.83,2.85,2.57
172787,3.53,3.06,3.37,3.35,3.08
172797,3.18,2.73,2.96,3.0,2.68
172816,3.74,3.29,3.51,3.56,3.24
172818,2.67,2.19,2.46,2.49,2.19
172876,3.54,3.1,3.34,3.38,3.03
172958,3.83,3.36,3.49,3.62,3.28
172972,3.14,2.68,2.92,2.95,2.64
172982,4.3,3.84,4.05,4.11,3.78
173024,4.22,3.7,3.92,3.99,3.77
173032,2.77,2.34,2.52,2.58,2.24
173039,4.69,4.19,4.39,4.46,4.2
173064,2.68,2.21,2.42,2.47,2.18
173089,2.16,1.7,1.91,1.96,1.66
173116,4.27,3.77,4.06,4.06,3.83
173163,2.52,2.07,2.32,2.35,2.01
173164,2.02,1.55,1.75,1.81,1.53
173216,3.81,3.35,3.65,3.65,3.34
173220,3.05,2.59,2.86,2.87,2.58
173298,3.01,2.57,2.81,2.83,2.51
173345,3.77,3.24,3.46,3.53,3.31
173368,3.65,3.19,3.41,3.47,3.15
173422,3.17,2.73,2.96,3.0,2.66
173436,4.13,3.67,3.88,3.94,3.63
173471,2.82,2.34,2.63,2.65,2.35
173494,3.77,3.25,3.55,3.58,3.31
173516,3.45,2.99,3.18,3.26,2.92
173521,3.79,3.32,3.54,3.6,3.29
173538,2.65,2.17,2.43,2.46,2.18
173556,4.13,3.65,3.88,3.92,3.63
173560,2.72,2.26,2.51,2.55,2.22
173562,2.74,2.27,2.58,2.58,2.28
173609,2.17,1.72,1.91,1.99,1.64
173629,2.83,2.35,2.62,2.65,2.34
173638,2.63,2.17,2.35,2.42,2.11
173685,4.06,3.57,3.87,3.87,3.58
173710,4.42,3.87,4.15,4.18,3.99
173741,5.22,4.75,4.99,5.04,4.73
173756,3.2,2.69,2.93,2.98,2.72
173760,4.42,3.9,4.12,4.18,3.96
173820,3.49,2.98,3.2,3.27,3.0
173840,4.04,3.56,3.82,3.85,3.55
173883,2.77,2.3,2.5,2.55,2.27
173957,2.73,2.28,2.47,2.55,2.21
173964,3.05,2.55,2.85,2.87,2.58
173983,2.74,2.27,2.49,2.55,2.25
173987,2.62,2.1,2.32,2.38,2.17
174015,4.05,3.64,3.84,3.89,3.52
174017,3.57,3.1,3.33,3.38,3.05
174018,2.18,1.7,1.95,1.99,1.69
174026,3.38,2.96,3.15,3.22,2.83
174045,2.86,2.39,2.65,2.67,2.39
174055,3.25,2.78,3.01,3.07,2.75
174086,3.83,3.39,3.62,3.66,3.31
174091,3.29,2.79,3.08,3.09,2.83
174133,3.98,3.52,3.7,3.79,3.44
174159,1.38,0.92,1.11,1.19,0.86
174166,3.55,3.09,3.37,3.38,3.08
174171,3.3,2.86,3.05,3.11,2.76
174181,3.94,3.47,3.71,3.74,3.44
174184,3.47,2.98,3.23,3.27,2.98
174215,3.79,3.34,3.56,3.61,3.28
174269,2.86,2.37,2.64,2.65,2.4
174278,2.64,2.19,2.41,2.47,2.15
174298,3.48,3.0,3.24,3.26,3.01
174306,4.28,3.79,4.05,4.08,3.81
174317,2.65,2.18,2.38,2.46,2.11
174333,3.41,2.92,3.18,3.23,2.93
174359,4.32,3.85,4.08,4.14,3.81
174364,3.46,3.01,3.2,3.27,2.95
174383,3.6,3.18,3.38,3.44,3.07
174390,3.95,3.43,3.62,3.73,3.46
174415,3.75,3.26,3.57,3.57,3.28
174424,4.25,3.77,4.01,4.07,3.78
174429,4.42,3.94,4.21,4.23,3.93
174465,3.4,2.95,3.17,3.22,2.89
174468,4.39,3.89,4.18,4.19,3.95
174499,3.98,3.52,3.73,3.8,3.49
174515,2.76,2.28,2.5,2.55,2.28
174533,3.59,3.16,3.33,3.4,3.05
174610,2.35,1.86,2.15,2.17,1.88
174652,3.7,3.25,3.51,3.54,3.21
174655,3.91,3.46,3.65,3.73,3.37
174674,2.05,1.62,1.88,1.9,1.57
174747,3.03,2.58,2.84,2.88,2.53
174759,2.68,2.21,2.5,2.51,2.23
174765,3.96,3.48,3.75,3.77,3.48
174780,3.69,3.22,3.48,3.5,3.21
174789,4.28,3.81,4.15,4.13,3.82
174896,3.36,2.89,3.1,3.16,2.86
174898,3.84,3.34,3.59,3.65,3.37
174907,3.26,2.8,3.04,3.08,2.77
174920,3.43,2.94,3.2,3.23,2.96
174967,3.45,2.94,3.12,3.21,2.97
175011,3.69,3.19,3.46,3.49,3.21
175061,3.63,3.14,3.42,3.44,3.17
175097,2.18,1.71,1.92,1.97,1.7
175111,3.52,3.03,3.28,3.33,3.03
175124,3.9,3.4,3.7,3.71,3.44
175157,4.15,3.65,3.9,3.94,3.67
175195,2.92,2.46,2.72,2.75,2.44
175213,4.39,3.93,4.2,4.21,3.89
175215,4.61,4.11,4.34,4.38,4.15
175278,2.63,2.18,2.43,2.48,2.12
175361,4.05,3.52,3.8,3.82,3.62
175365,4.17,3.71,3.93,3.97,3.67
175382,3.89,3.44,3.63,3.71,3.36
175384,3.35,2.86,3.16,3.18,2.89
175440,3.62,3.11,3.43,3.43,3.17
175446,3.99,3.51,3.73,3.76,3.54
175454,3.76,3.27,3.59,3.59,3.3
175459,4.48,4.01,4.29,4.29,4.02
175476,3.24,2.78,2.98,3.04,2.73
175518,3.05,2.57,2.81,2.85,2.57
175535,4.63,4.15,4.37,4.43,4.14
175548,2.94,2.46,2.64,2.72,2.43
175613,2.5,2.03,2.3,2.33,2.03
175661,3.44,2.96,3.29,3.28,2.99
175773,4.14,3.65,3.94,3.94,3.69
175874,3.92,3.45,3.77,3.75,3.45
175881,3.9,3.46,3.68,3.73,3.39
175891,4.01,3.6,3.76,3.86,3.43
175895,4.13,3.64,3.94,3.95,3.66
175993,3.22,2.69,2.98,2.99,2.79
176001,3.63,3.2,3.44,3.48,3.12
176012,3.93,3.48,3.73,3.77,3.42
176036,3.2,2.74,3.02,3.04,2.72
176104,2.53,2.09,2.32,2.35,2.03
176112,3.49,3.04,3.3,3.32,2.99
176143,4.66,4.16,4.45,4.46,4.19
176147,3.06,2.57,2.86,2.88,2.58
176153,3.33,2.88,3.1,3.15,2.82
176189,4.01,3.54,3.71,3.8,3.47
176190,3.82,3.35,3.59,3.63,3.32
176233,2.93,2.48,2.67,2.73,2.43
176264,3.69,3.17,3.5,3.5,3.24
176282,2.67,2.15,2.37,2.42,2.2
176283,2.54,2.06,2.34,2.36,2.06
176304,3.03,2.54,2.8,2.83,2.57
176320,3.61,3.21,3.39,3.46,3.06
176333,3.7,3.27,3.47,3.53,3.16
176347,4.04,3.57,3.8,3.85,3.53
176350,3.73,3.24,3.52,3.54,3.26
176358,4.3,3.85,4.06,4.11,3.81
176369,3.84,3.42,3.62,3.68,3.29
176382,3.33,2.9,3.1,3.17,2.79
176391,2.48,2.01,2.16,2.26,1.97
176403,3.07,2.63,2.82,2.89,2.54
176443,3.02,2.58,2.81,2.85,2.52
176445,3.98,3.55,3.7,3.8,3.42
176452,4.18,3.76,3.99,4.03,3.67
176464,4.77,4.31,4.54,4.59,4.27
176499,3.91,3.4,3.77,3.71,3.5
176539,3.45,2.96,3.23,3.27,2.97
176567,4.79,4.34,4.58,4.62,4.3
176570,4.5,4.07,4.2,4.32,3.92
176596,3.6,3.14,3.39,3.41,3.12
176622,4.43,3.91,4.2,4.23,3.97
176641,4.31,3.83,4.1,4.12,3.83
176683,3.09,2.63,2.88,2.9,2.61
176735,4.21,3.72,3.91,4.0,3.7
176751,3.54,3.04,3.36,3.35,3.1
176764,4.15,3.72,3.96,4.0,3.63
176779,2.91,2.41,2.64,2.69,2.44
176805,3.97,3.55,3.7,3.8,3.41
176833,3.16,2.67,2.97,2.99,2.68
176842,3.2,2.72,2.98,3.01,2.73
176848,2.59,2.15,2.39,2.43,2.09
176901,4.59,4.15,4.32,4.42,4.06
176924,4.37,3.89,4.16,4.2,3.88
176925,3.36,2.91,3.17,3.21,2.87
176940,3.27,2.79,3.12,3.1,2.8
176941,3.56,3.1,3.35,3.39,3.07
176944,2.29,1.83,2.06,2.11,1.79
177023,2.74,2.23,2.51,2.53,2.28
177025,3.38,2.9,3.22,3.21,2.91
177056,3.5,3.05,3.27,3.31,3.0
177082,3.83,3.35,3.58,3.63,3.34
177133,2.88,2.41,2.69,2.71,2.41
177134,3.31,2.82,3.1,3.13,2.84
177155,4.11,3.62,3.95,3.94,3.67
177174,3.1,2.64,2.86,2.91,2.58
177179,3.48,3.06,3.29,3.32,2.95
177236,2.77,2.28,2.52,2.58,2.29
177250,4.59,4.18,4.4,4.43,4.07
177274,3.42,2.96,3.24,3.25,2.93
177303,3.53,3.09,3.33,3.38,3.04
177304,3.03,2.56,2.84,2.86,2.53
177334,3.57,3.14,3.41,3.42,3.07
177339,3.2,2.74,2.96,3.01,2.69
177344,2.94,2.47,2.77,2.79,2.46
177350,1.99,1.54,1.79,1.82,1.5
177374,3.27,2.79,3.02,3.07,2.77
177389,3.19,2.74,2.98,3.02,2.7
177396,2.24,1.75,1.96,2.02,1.73
177411,2.79,2.27,2.52,2.57,2.32
177474,3.59,3.11,3.41,3.41,3.13
177482,3.77,3.33,3.59,3.61,3.27
177494,3.6,3.11,3.38,3.41,3.12
177508,2.55,2.05,2.25,2.33,2.05
177550,3.06,2.59,2.92,2.91,2.6
177565,4.76,4.34,4.54,4.58,4.22
177566,3.41,2.94,3.18,3.22,2.9
177578,3.98,3.47,3.8,3.79,3.55
177580,3.7,3.25,3.47,3.53,3.18
177619,3.41,2.97,3.17,3.22,2.89
177633,3.72,3.32,3.49,3.57,3.13
177636,4.23,3.75,4.0,4.05,3.74
177639,3.36,2.88,3.15,3.17,2.9
177651,3.34,2.94,3.14,3.18,2.81
177652,3.58,3.13,3.38,3.4,3.08
177659,3.51,3.01,3.22,3.32,3.0
177661,3.96,3.49,3.73,3.77,3.46
177664,2.6,2.13,2.37,2.41,2.12
177678,3.63,3.03,3.26,3.33,3.24
177684,3.33,2.84,3.13,3.14,2.87
177709,4.25,3.8,4.02,4.07,3.74
177747,2.78,2.33,2.54,2.59,2.26
177768,3.51,3.05,3.33,3.34,3.03
177803,3.85,3.35,3.61,3.66,3.39
177833,3.57,3.13,3.32,3.38,3.04
177862,2.55,2.08,2.32,2.36,2.08
177870,3.11,2.66,2.88,2.93,2.6
177893,4.18,3.66,3.99,3.98,3.75
177902,3.99,3.5,3.77,3.82,3.51
177921,3.09,2.56,2.89,2.88,2.65
177938,3.34,2.87,3.13,3.17,2.86
177952,3.36,2.9,3.2,3.2,2.89
177972,1.95,1.45,1.67,1.72,1.47
177985,3.34,2.83,3.08,3.12,2.86
178054,3.54,3.05,3.34,3.33,3.11
178068,3.38,2.92,3.18,3.21,2.89
178082,2.92,2.47,2.66,2.72,2.4
178085,2.95,2.49,2.68,2.75,2.42
178139,4.18,3.69,3.9,3.95,3.69
178148,3.01,2.56,2.79,2.84,2.5
178185,3.21,2.72,2.98,3.02,2.72
178200,5.02,4.58,4.88,4.9,4.51
178209,4.02,3.54,3.83,3.84,3.56
178239,2.63,2.19,2.4,2.45,2.12
178286,2.09,1.62,1.88,1.91,1.61
178334,3.58,3.11,3.35,3.4,3.11
178358,2.56,2.11,2.32,2.37,2.08
178445,3.54,3.04,3.34,3.34,3.08
178468,3.4,2.95,3.18,3.22,2.89
178474,3.3,2.82,3.09,3.11,2.83
178493,2.67,2.2,2.51,2.5,2.21
178503,3.18,2.74,2.98,3.01,2.69
178510,2.18,1.72,1.97,1.99,1.71
178527,3.82,3.35,3.59,3.63,3.34
178534,3.15,2.67,2.9,2.94,2.65
178547,2.06,1.57,1.82,1.86,1.57
178567,2.56,2.08,2.3,2.35,2.08
178585,3.36,2.9,3.15,3.18,2.87
178588,3.73,3.21,3.5,3.51,3.29
178591,5.04,4.56,4.81,4.86,4.54
178603,3.57,3.11,3.41,3.42,3.08
178605,2.97,2.48,2.77,2.77,2.52
178630,3.8,3.38,3.58,3.64,3.27
178634,3.1,2.63,2.84,2.9,2.58
178681,3.55,3.1,3.25,3.35,3.01
178692,2.72,2.25,2.47,2.53,2.2
178713,3.4,2.94,3.22,3.26,2.9
178722,3.4,2.92,3.19,3.21,2.93
178742,3.81,3.33,3.6,3.62,3.33
178757,4.12,3.68,3.84,3.92,3.59
178761,3.96,3.49,3.77,3.77,3.49
178835,3.71,3.24,3.49,3.52,3.22
178837,3.58,3.05,3.34,3.35,3.15
178848,4.03,3.61,3.81,3.88,3.48
178863,3.7,3.28,3.55,3.59,3.17
178955,4.37,3.88,4.18,4.2,3.89
178977,3.26,2.79,3.03,3.06,2.77
179018,2.56,2.1,2.36,2.38,2.08
179040,3.35,2.86,3.05,3.13,2.84
179050,3.06,2.57,2.83,2.86,2.59
179062,3.86,3.36,3.7,3.69,3.41
179083,4.01,3.55,3.72,3.8,3.49
179096,2.15,1.66,1.93,1.94,1.7
179104,3.39,2.92,3.15,3.2,2.89
179106,2.96,2.45,2.78,2.76,2.51
179157,4.42,4.0,4.17,4.24,3.85
179178,4.16,3.7,4.0,4.01,3.66
179203,4.63,4.13,4.4,4.43,4.16
179206,3.65,3.18,3.45,3.48,3.15
179214,2.49,2.04,2.34,2.35,1.99
179220,3.74,3.25,3.57,3.56,3.29
179245,4.11,3.66,3.87,3.93,3.59
179277,2.71,2.22,2.46,2.5,2.24
179290,2.47,2.0,2.23,2.29,1.98
179309,4.45,4.0,4.21,4.26,3.92
179335,3.83,3.43,3.6,3.69,3.23
179340,2.58,2.1,2.36,2.4,2.09
179405,3.07,2.62,2.85,2.89,2.58
179436,2.42,2.01,2.19,2.25,1.88
179552,3.55,3.19,3.33,3.43,2.92
179559,4.23,3.78,3.99,4.04,3.71
179584,2.82,2.3,2.6,2.61,2.38
179587,3.73,3.28,3.52,3.58,3.2
179644,3.71,3.21,3.56,3.52,3.27
179646,3.28,2.8,3.05,3.1,2.79
179691,3.23,2.74,2.97,3.02,2.77
179715,2.65,2.19,2.43,2.47,2.16
179759,3.94,3.43,3.65,3.71,3.48
179786,4.2,3.83,4.01,4.07,3.61
179822,2.48,1.99,2.25,2.28,2.01
179838,3.7,3.22,3.51,3.52,3.23
179847,3.56,3.09,3.34,3.39,3.04
179872,4.1,3.69,3.86,3.92,3.54
179893,3.73,3.26,3.5,3.54,3.21
179921,1.92,1.44,1.74,1.75,1.44
179922,4.36,3.89,4.13,4.19,3.84
179923,2.38,1.91,2.14,2.2,1.89
179975,3.8,3.34,3.61,3.64,3.31
179997,4.03,3.52,3.84,3.85,3.59
180041,1.97,1.51,1.71,1.77,1.46
180075,3.68,3.25,3.49,3.53,3.16
180078,2.79,2.36,2.56,2.62,2.26
180080,4.18,3.7,3.92,3.98,3.68
180081,4.07,3.5,3.82,3.83,3.65
180097,2.96,2.52,2.74,2.8,2.44
180109,5.05,4.63,4.79,4.9,4.48
180125,4.97,4.5,4.72,4.76,4.45
180135,3.91,3.45,3.68,3.73,3.39
180173,3.14,2.67,2.9,2.94,2.64
180208,3.24,2.78,3.05,3.08,2.76
180216,2.62,2.18,2.43,2.48,2.09
180231,2.54,2.09,2.29,2.35,2.03
180239,2.71,2.21,2.49,2.51,2.25
180240,3.93,3.52,3.77,3.78,3.46
180252,4.34,3.99,4.15,4.22,3.75
180265,3.87,3.37,3.68,3.68,3.4
180293,3.12,2.65,2.87,2.93,2.63
180309,4.12,3.7,3.88,3.97,3.55
180349,3.82,3.3,3.6,3.6,3.38
180365,3.39,2.86,3.14,3.18,2.94
180384,2.44,1.97,2.19,2.25,1.96
180403,3.61,3.11,3.38,3.42,3.14
180422,4.04,3.6,3.86,3.86,3.56
180462,3.82,3.32,3.58,3.61,3.34
180504,3.17,2.73,2.94,3.0,2.64
180525,3.9,3.39,3.74,3.72,3.47
180560,3.75,3.31,3.53,3.57,3.24
180568,3.84,3.35,3.58,3.63,3.35
180640,1.52,1.03,1.26,1.3,1.04
180675,3.93,3.41,3.68,3.67,3.59
180706,3.87,3.42,3.69,3.71,3.36
180710,3.17,2.7,2.99,3.03,2.69
180711,3.27,2.84,3.08,3.12,2.76
180753,3.99,3.48,3.78,3.79,3.54
180754,4.09,3.66,3.83,3.9,3.54
180777,2.87,2.41,2.67,2.7,2.38
180803,4.31,3.79,4.13,4.07,4.0
180836,3.49,3.0,3.24,3.28,3.05
180866,3.58,3.12,3.31,3.39,3.04
180867,2.52,2.05,2.29,2.33,2.03
180904,4.57,4.08,4.39,4.4,4.1
180933,3.19,2.71,2.98,2.99,2.73
180946,3.19,2.78,3.04,3.06,2.67
180960,3.54,3.05,3.34,3.35,3.06
180967,3.53,3.01,3.34,3.34,3.09
180987,4.32,3.84,4.05,4.11,3.83
181004,4.89,4.45,4.71,4.73,4.38
181005,3.16,2.7,2.93,2.97,2.65
181012,3.98,3.48,3.68,3.76,3.5
181020,3.13,2.69,2.92,2.96,2.63
181057,2.98,2.48,2.79,2.8,2.51
181092,3.36,2.88,3.14,3.17,2.9
181093,2.06,1.6,1.82,1.86,1.58
181132,2.71,2.26,2.47,2.52,2.21
181133,4.62,4.13,4.3,4.4,4.11
181151,2.69,2.24,2.51,2.55,2.18
181161,3.66,3.19,3.42,3.49,3.13
181179,2.79,2.34,2.54,2.6,2.25
181181,4.48,4.01,4.23,4.27,3.98
181194,4.53,4.1,4.3,4.36,3.99
181218,2.78,2.29,2.58,2.58,2.32
181239,2.54,2.09,2.28,2.35,2.01
181243,2.96,2.47,2.74,2.77,2.49
181283,2.3,1.84,2.08,2.12,1.82
181301,3.9,3.38,3.61,3.65,3.43
181310,3.03,2.56,2.82,2.86,2.54
181312,3.42,2.92,3.25,3.22,3.0
181333,3.17,2.72,2.96,3.0,2.67
181354,5.18,4.69,4.89,4.98,4.69
181385,3.59,3.09,3.35,3.37,3.13
181388,3.02,2.54,2.79,2.82,2.56
181403,2.24,1.78,2.08,2.08,1.76
181425,3.74,3.3,3.52,3.56,3.23
181461,3.71,3.21,3.48,3.49,3.25
181467,2.38,1.87,2.15,2.17,1.94
181484,3.26,2.79,3.05,3.08,2.78
181542,3.3,2.83,3.02,3.1,2.78
181639,4.38,3.89,4.15,4.19,3.9
181655,3.71,3.19,3.43,3.48,3.26
181673,2.15,1.69,1.92,1.97,1.65
181702,3.04,2.61,2.84,2.87,2.54
181723,3.09,2.61,2.95,2.93,2.64
181752,3.19,2.7,2.93,3.0,2.68
181772,3.65,3.19,3.43,3.48,3.14
181787,3.41,2.92,3.13,3.19,2.93
181824,3.42,2.95,3.21,3.25,2.93
181851,2.95,2.48,2.74,2.75,2.48
181872,3.41,2.98,3.24,3.25,2.9
181902,4.06,3.49,3.83,3.82,3.65
181939,3.57,3.09,3.36,3.38,3.09
181961,3.75,3.27,3.54,3.56,3.27
182011,2.69,2.22,2.5,2.51,2.24
182020,3.28,2.79,3.04,3.1,2.79
182082,4.02,3.54,3.74,3.81,3.51
182083,2.16,1.7,1.94,1.98,1.66
182091,2.62,2.14,2.38,2.41,2.16
182105,5.0,4.58,4.77,4.83,4.47
182152,4.04,3.53,3.87,3.86,3.59
182153,3.92,3.44,3.74,3.75,3.46
182186,2.99,2.53,2.76,2.81,2.49
182218,2.58,2.08,2.32,2.38,2.1
182220,2.83,2.34,2.57,2.61,2.35
182235,2.46,1.99,2.18,2.25,1.95
182250,2.99,2.49,2.83,2.81,2.55
182274,3.13,2.68,2.9,2.94,2.64
182304,3.58,3.13,3.33,3.39,3.06
182319,3.87,3.34,3.58,3.59,3.47
182337,3.4,2.95,3.2,3.24,2.9
182381,3.84,3.31,3.63,3.62,3.41
182383,4.86,4.42,4.69,4.7,4.36
182403,4.63,4.15,4.44,4.43,4.19
182405,3.87,3.44,3.64,3.68,3.36
182465,3.67,3.2,3.41,3.45,3.21
182538,1.72,1.23,1.48,1.51,1.26
182655,3.35,2.84,3.1,3.15,2.86
182681,2.22,1.74,2.02,2.05,1.73
182714,1.39,0.91,1.17,1.2,0.89
182758,2.79,2.32,2.58,2.61,2.28
182796,3.32,2.85,3.1,3.13,2.82
182860,4.56,4.08,4.33,4.37,4.09
182874,2.67,2.15,2.38,2.41,2.24
182881,3.19,2.78,2.98,3.03,2.63
182955,4.04,3.56,3.8,3.85,3.57
182991,3.51,3.09,3.27,3.33,2.98
183023,3.48,3.0,3.21,3.28,2.98
183043,3.1,2.61,2.9,2.92,2.63
183045,2.95,2.44,2.68,2.71,2.52
183053,4.37,3.87,4.05,4.12,3.87
183089,3.05,2.57,2.86,2.87,2.59
183098,3.78,3.28,3.57,3.58,3.32
183119,4.57,4.1,4.31,4.35,4.05
183140,3.73,3.26,3.5,3.54,3.25
183158,4.23,3.78,3.98,4.05,3.72
183176,3.29,2.8,3.04,3.07,2.82
183220,4.71,4.2,4.48,4.49,4.27
183223,4.12,3.64,3.86,3.91,3.62
183248,3.72,3.31,3.49,3.55,3.17
183279,2.33,1.86,2.08,2.14,1.83
183383,3.56,2.99,3.3,3.31,3.16
183386,4.62,4.21,4.42,4.47,4.08
183388,3.76,3.29,3.55,3.58,3.27
183397,3.02,2.58,2.83,2.87,2.52
183409,2.12,1.64,1.9,1.93,1.65
183440,1.97,1.47,1.79,1.79,1.5
183467,2.42,1.94,2.18,2.23,1.93
183591,3.26,2.79,3.01,3.06,2.76
183601,3.12,2.64,2.91,2.92,2.66
183614,4.07,3.63,3.87,3.9,3.56
183624,4.43,3.99,4.16,4.25,3.88
183629,2.29,1.82,2.07,2.1,1.8
183632,3.33,2.85,3.14,3.14,2.88
183640,3.9,3.41,3.68,3.72,3.43
183650,3.4,2.93,3.16,3.2,2.9
183654,3.07,2.56,2.85,2.88,2.61
183730,4.8,4.29,4.61,4.62,4.36
183804,3.03,2.58,2.87,2.89,2.56
183812,4.86,4.47,4.68,4.73,4.29
183862,4.51,4.04,4.27,4.3,4.01
183877,3.22,2.75,3.0,3.03,2.73
183920,3.19,2.69,3.02,3.01,2.74
183925,3.34,2.82,3.11,3.12,2.9
183927,2.91,2.43,2.69,2.72,2.42
183930,4.6,4.07,4.42,4.4,4.19
183949,4.58,4.1,4.41,4.41,4.09
183956,3.27,2.8,3.08,3.09,2.79
183989,3.49,2.94,3.26,3.23,3.12
183995,4.13,3.62,3.91,3.92,3.67
183996,2.24,1.74,2.06,2.06,1.8
183999,3.33,2.84,3.14,3.13,2.89
184013,3.39,2.93,3.17,3.21,2.89
184017,3.73,3.3,3.51,3.57,3.21
184033,4.26,3.79,4.02,4.06,3.78
184099,3.36,2.86,3.12,3.14,2.9
184101,3.56,3.08,3.31,3.34,3.09
184102,4.19,3.71,4.01,4.02,3.72
184136,2.67,2.24,2.51,2.53,2.17
184161,2.63,2.12,2.38,2.41,2.16
184179,3.82,3.3,3.54,3.57,3.39
184201,3.12,2.64,2.9,2.94,2.65
184256,4.24,3.8,4.05,4.07,3.73
184263,2.75,2.27,2.55,2.57,2.27
184267,3.18,2.72,2.93,3.01,2.67
184315,2.97,2.49,2.69,2.75,2.47
184324,2.58,2.14,2.33,2.4,2.03
184334,3.36,2.91,3.17,3.19,2.85
184339,2.84,2.37,2.65,2.67,2.36
184348,5.09,4.56,4.92,4.9,4.66
184381,3.08,2.61,2.87,2.91,2.6
184395,3.29,2.78,3.07,3.09,2.84
184408,4.12,3.67,3.93,3.97,3.62
184417,1.61,1.16,1.39,1.43,1.1
184428,3.76,3.22,3.5,3.52,3.32
184429,2.79,2.32,2.57,2.61,2.3
184479,2.53,2.04,2.32,2.34,2.06
184537,3.1,2.6,2.86,2.89,2.63
184574,2.32,1.82,2.02,2.09,1.84
184609,4.27,3.75,4.08,4.08,3.84
184612,4.22,3.79,4.01,4.06,3.68
184626,4.06,3.59,3.81,3.87,3.56
184702,3.38,2.93,3.18,3.21,2.87
184718,3.71,3.26,3.48,3.52,3.22
184725,3.71,3.28,3.46,3.53,3.17
184748,2.34,1.9,2.14,2.17,1.82
184761,2.87,2.4,2.6,2.69,2.34
184812,3.26,2.8,3.02,3.05,2.77
184856,3.09,2.61,2.82,2.87,2.59
184867,3.45,2.99,3.16,3.24,2.92
184879,3.97,3.5,3.74,3.79,3.48
184907,4.82,4.39,4.61,4.66,4.28
184932,2.88,2.41,2.67,2.7,2.4
184955,4.42,3.91,4.21,4.22,3.97
184956,3.06,2.59,2.83,2.87,2.58
184987,3.85,3.39,3.59,3.66,3.33
184999,3.39,2.93,3.18,3.22,2.89
185018,5.16,4.69,4.98,5.02,4.69
185060,3.84,3.37,3.63,3.68,3.32
185100,3.97,3.47,3.84,3.79,3.52
185168,3.42,2.87,3.14,3.17,2.99
185195,3.32,2.82,3.08,3.12,2.84
185199,3.34,2.88,3.08,3.13,2.86
185237,3.19,2.69,2.94,2.98,2.73
185271,3.25,2.74,3.04,3.07,2.76
185273,2.95,2.47,2.76,2.76,2.51
185313,3.64,3.19,3.4,3.47,3.12
185351,3.24,2.81,3.04,3.08,2.74
185362,5.05,4.61,4.79,4.86,4.52
185484,3.98,3.32,3.47,3.6,3.59
185508,1.92,1.46,1.7,1.72,1.47
185590,3.78,3.26,3.56,3.55,3.38
185597,3.63,3.13,3.4,3.43,3.16
185647,3.57,3.06,3.36,3.35,3.12
185649,3.54,3.07,3.29,3.37,3.02
185653,2.97,2.51,2.71,2.78,2.46
185708,3.91,3.43,3.71,3.73,3.44
185713,3.12,2.66,2.87,2.93,2.63
185740,3.45,3.04,3.22,3.28,2.89
185751,3.27,2.83,3.03,3.09,2.75
185769,3.7,3.22,3.5,3.53,3.21
185788,4.87,4.37,4.68,4.66,4.42
185860,2.0,1.52,1.73,1.79,1.49
185897,3.59,3.13,3.4,3.42,3.09
185898,3.89,3.43,3.68,3.72,3.38
185944,2.94,2.49,2.74,2.78,2.43
185962,3.51,2.97,3.18,3.25,3.05
186120,3.03,2.61,2.79,2.86,2.5
186159,4.9,4.45,4.69,4.74,4.4
186179,4.26,3.78,3.99,4.06,3.77
186204,3.19,2.72,3.0,3.01,2.72
186215,3.43,2.91,3.22,3.22,3.0
186280,4.28,3.72,4.11,4.06,3.89
186345,3.84,3.34,3.6,3.62,3.36
186373,3.64,3.15,3.5,3.47,3.19
186377,3.12,2.68,2.87,2.93,2.59
186444,4.29,3.79,4.07,4.06,3.88
186457,4.02,3.56,3.79,3.8,3.6
186495,4.79,4.32,4.58,4.6,4.29
186545,2.98,2.53,2.82,2.84,2.49
186572,1.71,1.18,1.42,1.46,1.27
186577,3.46,2.96,3.22,3.26,3.0
186592,3.94,3.51,3.71,3.76,3.45
186611,3.75,3.27,3.56,3.58,3.28
186619,3.07,2.6,2.87,2.89,2.61
186623,4.14,3.65,3.96,3.95,3.69
186683,3.35,2.86,3.18,3.18,2.89
186710,3.75,3.33,3.54,3.59,3.22
186721,3.57,3.08,3.35,3.36,3.15
186751,5.44,5.04,5.24,5.3,4.89
186836,4.09,3.68,3.88,3.93,3.55
186876,4.55,4.12,4.26,4.36,3.97
186946,2.83,2.37,2.6,2.62,2.32
186947,3.78,3.29,3.53,3.58,3.31
186959,3.78,3.3,3.62,3.62,3.32
186983,3.44,2.96,3.24,3.27,2.96
187001,3.15,2.7,2.91,2.97,2.63
187026,4.09,3.64,3.83,3.9,3.62
187039,2.87,2.36,2.63,2.65,2.42
187091,3.08,2.6,2.88,2.9,2.62
187109,4.66,4.16,4.54,4.49,4.24
187154,4.1,3.62,3.9,3.91,3.62
187173,2.74,2.28,2.54,2.57,2.24
187245,3.41,2.97,3.16,3.23,2.86
187261,3.29,2.8,3.1,3.11,2.82
187306,3.1,2.62,2.86,2.89,2.61
187310,2.82,2.3,2.64,2.62,2.38
187338,2.4,1.93,2.2,2.23,1.93
187370,2.97,2.53,2.78,2.82,2.45
187407,4.07,3.59,3.86,3.9,3.58
187412,4.24,3.78,4.03,4.06,3.76
187442,3.86,3.38,3.65,3.7,3.38
187463,2.65,2.2,2.44,2.49,2.14
187466,3.22,2.73,3.0,3.04,2.74
187474,3.73,3.25,3.51,3.53,3.25
187487,2.97,2.46,2.77,2.78,2.54
187488,3.86,3.33,3.6,3.62,3.42
187507,3.66,3.21,3.39,3.46,3.12
187524,3.64,3.14,3.33,3.41,3.14
187602,2.39,1.89,2.1,2.16,1.89
187624,3.78,3.3,3.56,3.59,3.3
187676,3.37,2.9,3.13,3.18,2.89
187714,3.92,3.46,3.76,3.78,3.43
187772,4.01,3.55,3.78,3.83,3.49
187926,3.89,3.41,3.65,3.68,3.41
187929,2.58,2.12,2.39,2.4,2.09
187983,2.23,1.77,1.99,2.03,1.73
188007,3.84,3.37,3.63,3.66,3.38
188037,5.33,4.86,5.07,5.13,4.81
188062,3.92,3.42,3.71,3.73,3.45
188078,3.27,2.85,3.04,3.1,2.72
188095,3.64,3.16,3.41,3.44,3.16
188114,3.76,3.31,3.54,3.58,3.24
188149,3.46,3.02,3.23,3.28,2.94
188185,2.95,2.51,2.72,2.77,2.44
188203,1.89,1.45,1.65,1.71,1.35
188213,4.42,3.98,4.17,4.24,3.87
188223,4.63,4.18,4.43,4.44,4.13
188236,4.54,4.1,4.39,4.38,4.06
188250,4.08,3.59,3.88,3.88,3.65
188281,3.32,2.84,3.12,3.15,2.84
188326,3.08,2.51,2.85,2.84,2.67
188370,3.55,3.05,3.35,3.35,3.14
188383,1.97,1.48,1.72,1.77,1.48
188404,3.21,2.73,3.04,3.04,2.75
188406,2.96,2.46,2.78,2.78,2.5
188420,2.34,1.89,2.13,2.17,1.84
188428,4.5,3.98,4.2,4.27,4.04
188440,1.52,1.02,1.26,1.29,1.09
188445,2.37,1.9,2.1,2.17,1.86
188523,4.54,4.15,4.34,4.39,3.97
188524,3.33,2.86,3.12,3.13,2.86
188547,4.08,3.56,3.9,3.89,3.65
188554,4.14,3.68,3.89,3.93,3.66
188565,3.67,3.22,3.45,3.5,3.16
188607,3.32,2.85,3.09,3.13,2.83
188634,2.74,2.26,2.5,2.54,2.27
188671,3.51,3.03,3.35,3.34,3.04
188699,3.36,2.85,3.1,3.15,2.89
188711,3.72,3.22,3.55,3.55,3.27
188712,3.65,3.16,3.44,3.45,3.2
188714,3.86,3.36,3.69,3.69,3.41
188742,3.28,2.84,3.06,3.1,2.76
188842,2.93,2.51,2.72,2.75,2.42
188851,3.77,3.28,3.57,3.59,3.3
188853,3.97,3.57,3.75,3.81,3.43
188878,2.72,2.31,2.52,2.56,2.17
188902,1.94,1.44,1.64,1.71,1.44
188918,2.81,2.32,2.52,2.58,2.32
188919,4.43,3.99,4.2,4.25,3.9
188944,3.41,3.03,3.26,3.31,2.86
188962,4.21,3.74,3.99,4.03,3.72
188964,4.2,3.72,3.96,4.0,3.72
188986,3.73,3.28,3.57,3.59,3.23
189001,5.02,4.53,4.81,4.86,4.55
189069,2.38,1.91,2.13,2.19,1.86
189070,3.48,3.02,3.26,3.31,2.97
189108,3.19,2.73,2.97,3.01,2.7
189171,3.26,2.78,3.0,3.07,2.74
189200,3.12,2.69,2.82,2.95,2.54
189300,2.93,2.42,2.75,2.74,2.48
189307,3.26,2.79,3.08,3.1,2.8
189313,3.33,2.92,3.1,3.17,2.78
189325,3.24,2.76,3.02,3.05,2.78
189326,2.48,2.05,2.31,2.33,1.97
189355,2.66,2.19,2.43,2.49,2.15
189364,2.96,2.48,2.74,2.76,2.49
189384,2.78,2.32,2.59,2.63,2.27
189394,3.05,2.61,2.83,2.87,2.54
189418,3.12,2.65,2.86,2.92,2.61
189472,4.01,3.55,3.82,3.85,3.54
189562,2.24,1.75,2.0,2.04,1.76
189578,4.41,3.94,4.19,4.23,3.94
189608,3.99,3.57,3.76,3.83,3.43
189691,3.13,2.64,2.88,2.92,2.65
189695,3.81,3.31,3.62,3.62,3.37
189759,2.86,2.39,2.64,2.66,2.39
189773,3.6,3.14,3.4,3.43,3.11
189830,2.59,2.13,2.35,2.4,2.09
189852,2.91,2.42,2.65,2.71,2.44
189871,3.19,2.76,2.93,3.02,2.62
189886,3.01,2.54,2.74,2.81,2.52
189928,2.71,2.21,2.5,2.51,2.26
189962,3.33,2.85,3.1,3.12,2.87
189970,2.75,2.31,2.52,2.56,2.25
190003,4.32,3.83,4.06,4.11,3.84
190011,2.06,1.58,1.9,1.9,1.59
190012,3.14,2.64,2.89,2.93,2.66
190023,3.64,3.15,3.44,3.44,3.18
190025,3.4,2.9,3.24,3.23,2.95
190037,2.8,2.26,2.42,2.54,2.31
190083,2.87,2.41,2.63,2.68,2.37
190104,3.14,2.66,2.93,2.95,2.66
190117,2.94,2.46,2.69,2.74,2.43
190299,3.11,2.59,2.91,2.9,2.69
190320,3.33,2.88,3.13,3.16,2.83
190409,4.33,3.91,4.06,4.15,3.77
190464,3.23,2.73,3.03,3.04,2.78
190467,2.82,2.35,2.63,2.64,2.35
190500,3.69,3.24,3.47,3.49,3.2
190546,4.23,3.78,3.97,4.05,3.69
190555,3.51,3.01,3.37,3.33,3.06
190583,3.11,2.62,2.9,2.92,2.64
190660,4.5,4.03,4.33,4.33,4.04
190683,2.42,1.96,2.2,2.25,1.91
190712,2.39,1.94,2.21,2.23,1.91
190715,3.35,2.87,3.1,3.16,2.84
190746,3.93,3.46,3.68,3.73,3.43
190767,3.28,2.81,3.08,3.11,2.79
190776,3.29,2.8,3.07,3.09,2.82
190797,4.4,3.99,4.18,4.24,3.84
190824,3.45,3.02,3.22,3.27,2.94
190872,4.3,3.77,3.95,4.04,3.83
190893,3.63,3.18,3.36,3.44,3.09
190919,3.67,3.14,3.48,3.47,3.24
190938,3.97,3.52,3.7,3.78,3.45
190957,3.09,2.67,2.9,2.92,2.57
190989,3.55,3.1,3.34,3.37,3.04
190992,4.05,3.58,3.81,3.86,3.56
191024,3.06,2.61,2.8,2.87,2.54
191026,3.08,2.62,2.85,2.91,2.55
191056,2.31,1.85,2.08,2.13,1.82
191094,3.39,2.91,3.19,3.22,2.92
191097,2.14,1.65,1.92,1.95,1.68
191147,3.87,3.39,3.64,3.65,3.37
191214,3.89,3.5,3.68,3.73,3.33
191215,2.35,1.87,2.1,2.15,1.85
191256,2.94,2.51,2.72,2.77,2.42
191274,3.08,2.62,2.89,2.91,2.58
191317,2.75,2.23,2.55,2.55,2.31
191360,3.45,2.96,3.19,3.23,2.97
191363,3.74,3.25,3.43,3.52,3.24
191366,3.79,3.35,3.58,3.62,3.28
191381,4.19,3.7,3.94,3.97,3.74
191386,3.16,2.69,2.93,2.98,2.67
191435,3.04,2.56,2.78,2.82,2.58
191438,3.63,3.08,3.38,3.38,3.22
191441,3.69,3.21,3.44,3.47,3.2
191520,2.14,1.67,1.94,1.96,1.67
191562,4.95,4.5,4.7,4.77,4.42
191577,4.2,3.78,3.99,4.06,3.67
191626,3.02,2.56,2.79,2.85,2.52
191630,4.47,3.98,4.26,4.25,4.02
191635,3.41,2.93,3.15,3.19,2.96
191636,4.88,4.33,4.52,4.62,4.42
191667,3.17,2.66,2.89,2.95,2.69
191668,2.66,2.2,2.45,2.48,2.17
191676,4.94,4.41,4.7,4.7,4.51
191822,3.36,2.84,3.16,3.15,2.93
191838,3.66,3.17,3.47,3.48,3.19
191892,3.83,3.34,3.53,3.61,3.33
191913,1.64,1.14,1.45,1.44,1.21
191923,3.08,2.63,2.83,2.89,2.58
191933,2.72,2.26,2.49,2.54,2.22
191938,3.38,2.91,3.2,3.21,2.9
191950,4.92,4.48,4.69,4.76,4.39
191982,3.75,3.3,3.52,3.57,3.24
191988,2.65,2.18,2.37,2.43,2.13
191995,2.8,2.35,2.59,2.62,2.29
191999,3.58,3.1,3.37,3.41,3.09
192000,3.85,3.38,3.57,3.64,3.33
192049,2.76,2.28,2.53,2.57,2.26
192061,4.3,3.79,4.01,4.09,3.82
192065,2.89,2.43,2.66,2.72,2.38
192082,3.58,3.09,3.35,3.38,3.11
192089,4.05,3.6,3.78,3.86,3.53
192107,1.74,1.29,1.52,1.55,1.27
192124,3.37,2.92,3.1,3.18,2.85
192140,3.85,3.37,3.62,3.65,3.37
192150,4.56,4.09,4.35,4.37,4.07
192156,3.55,3.02,3.37,3.34,3.14
192191,3.33,2.88,3.1,3.15,2.8
192235,4.23,3.75,4.0,4.04,3.74
192251,4.73,4.26,4.57,4.56,4.27
192268,3.6,3.07,3.32,3.35,3.18
192289,3.71,3.25,3.49,3.53,3.21
192300,2.72,2.22,2.46,2.51,2.24
192314,4.1,3.63,3.9,3.93,3.6
192326,3.11,2.69,2.9,2.95,2.58
192344,3.63,3.17,3.35,3.42,3.11
192355,3.28,2.85,3.05,3.1,2.75
192361,3.96,3.46,3.76,3.76,3.51
192389,4.42,3.95,4.28,4.28,3.96
192409,2.35,1.9,2.12,2.15,1.85
192417,3.94,3.49,3.72,3.76,3.42
192466,3.51,3.03,3.3,3.32,3.04
192475,3.18,2.71,2.99,3.01,2.69
192493,3.76,3.27,3.48,3.53,3.27
192502,3.5,3.01,3.27,3.29,3.02
192581,2.95,2.54,2.74,2.79,2.39
192614,3.82,3.34,3.61,3.64,3.35
192657,3.18,2.67,2.97,2.97,2.77
192691,2.08,1.55,1.83,1.86,1.63
192705,3.42,2.98,3.19,3.26,2.91
192714,3.72,3.21,3.55,3.55,3.27
192733,2.66,2.17,2.41,2.45,2.21
192735,3.11,2.6,2.93,2.92,2.66
192830,3.81,3.34,3.6,3.6,3.35
192890,3.11,2.65,2.93,2.94,2.64
192899,4.11,3.64,3.89,3.92,3.63
192912,4.4,3.92,4.19,4.21,3.92
192919,3.72,3.24,3.51,3.53,3.25
192940,2.73,2.27,2.49,2.54,2.24
192941,3.61,3.15,3.39,3.43,3.11
192957,4.44,3.95,4.25,4.25,3.98
193070,3.82,3.36,3.64,3.66,3.34
193092,3.68,3.19,3.48,3.49,3.23
193169,2.59,2.15,2.38,2.43,2.08
193176,3.36,2.84,3.11,3.13,2.91
193192,3.47,2.99,3.33,3.31,3.02
193194,3.75,3.27,3.48,3.54,3.25
193242,3.77,3.25,3.53,3.56,3.33
193272,4.15,3.66,3.89,3.94,3.68
193312,3.31,2.81,3.06,3.09,2.85
193338,5.25,4.76,5.04,5.05,4.77
193380,3.68,3.24,3.44,3.5,3.15
193411,3.48,3.03,3.28,3.3,2.97
193414,2.84,2.44,2.63,2.69,2.29
193418,2.8,2.34,2.59,2.61,2.33
193426,3.42,2.97,3.24,3.25,2.94
193459,3.65,3.23,3.42,3.48,3.1
193462,3.24,2.75,2.97,3.03,2.74
193483,4.06,3.57,3.85,3.88,3.58
193491,3.31,2.85,3.05,3.12,2.81
193511,4.64,4.2,4.45,4.48,4.13
193516,2.58,2.11,2.35,2.38,2.08
193518,3.61,3.09,3.39,3.41,3.17
193558,3.97,3.48,3.75,3.76,3.49
193630,2.95,2.48,2.69,2.76,2.45
193640,3.29,2.84,3.08,3.13,2.78
193641,4.19,3.74,3.93,4.01,3.67
193667,3.26,2.79,3.01,3.07,2.79
193668,3.87,3.45,3.66,3.72,3.32
193750,4.69,4.19,4.38,4.46,4.2
193792,2.77,2.28,2.58,2.59,2.32
193822,4.23,3.76,3.98,4.04,3.72
193863,3.81,3.35,3.62,3.65,3.31
193873,4.75,4.26,4.57,4.55,4.31
193901,3.74,3.2,3.55,3.55,3.33
193941,2.94,2.5,2.73,2.77,2.44
193950,3.01,2.5,2.81,2.81,2.56
193956,2.59,2.11,2.36,2.4,2.1
193997,4.4,3.93,4.18,4.21,3.9
194062,3.74,3.22,3.53,3.52,3.3
194069,3.47,2.99,3.24,3.27,2.99
194108,3.75,3.26,3.48,3.55,3.26
194169,3.15,2.64,2.91,2.93,2.69
194172,4.38,3.9,4.24,4.21,3.92
194191,4.1,3.67,3.88,3.94,3.56
194199,1.99,1.52,1.78,1.81,1.5
194277,3.04,2.54,2.78,2.83,2.56
194284,2.97,2.43,2.66,2.72,2.56
194290,3.59,3.12,3.31,3.38,3.08
194334,3.89,3.44,3.67,3.72,3.37
194338,3.77,3.28,3.48,3.56,3.27
194384,3.77,3.32,3.57,3.62,3.26
194401,3.98,3.57,3.76,3.83,3.43
194408,2.76,2.32,2.52,2.6,2.21
194415,3.98,3.52,3.78,3.81,3.49
194424,3.97,3.49,3.75,3.76,3.5
194434,4.29,3.83,4.08,4.11,3.8
194435,3.48,2.99,3.23,3.26,3.0
194464,2.92,2.45,2.7,2.72,2.44
194467,3.03,2.53,2.78,2.82,2.56
194499,3.46,2.98,3.21,3.28,2.95
194517,5.05,4.56,4.91,4.85,4.62
194544,2.72,2.23,2.5,2.53,2.25
194557,2.17,1.72,1.9,1.97,1.64
194582,4.0,3.54,3.79,3.82,3.51
194592,4.21,3.74,4.04,4.05,3.75
194602,4.15,3.63,3.94,3.94,3.7
194653,2.65,2.17,2.41,2.45,2.16
194669,3.12,2.65,2.91,2.95,2.63
194695,4.42,3.97,4.19,4.26,3.89
194752,3.11,2.6,2.87,2.91,2.63
194764,4.63,4.13,4.44,4.44,4.17
194801,4.05,3.62,3.83,3.88,3.51
194827,3.73,3.28,3.5,3.54,3.24
194859,3.66,3.22,3.38,3.47,3.12
194894,3.32,2.83,3.13,3.12,2.87
194895,3.93,3.48,3.72,3.77,3.42
194903,3.12,2.63,2.85,2.88,2.65
194904,4.24,3.79,4.05,4.08,3.75
194958,3.53,3.06,3.36,3.36,3.08
194986,3.59,3.08,3.33,3.4,3.09
195013,2.8,2.31,2.54,2.6,2.31
195080,3.83,3.33,3.65,3.65,3.38
195102,3.75,3.25,3.49,3.53,3.28
195113,3.7,3.24,3.47,3.51,3.21
195201,3.21,2.76,2.98,3.03,2.73
195205,4.8,4.29,4.46,4.56,4.3
195228,3.77,3.28,3.56,3.59,3.28
195239,4.11,3.66,3.92,3.96,3.61
195248,3.83,3.33,3.64,3.64,3.39
195309,4.13,3.67,3.9,3.95,3.63
195317,4.35,3.82,4.1,4.08,3.99
195341,4.28,3.7,3.93,4.01,3.84
195355,4.58,4.14,4.32,4.37,4.06
195375,2.51,2.04,2.31,2.33,2.04
195383,3.25,2.76,3.07,3.08,2.77
195404,1.55,1.06,1.29,1.33,1.09
195424,4.35,3.91,4.09,4.17,3.81
195470,3.28,2.82,3.03,3.07,2.8
195549,3.59,3.13,3.38,3.41,3.1
195565,5.13,4.69,4.89,4.96,4.58
195577,4.08,3.6,3.83,3.87,3.58
195584,3.19,2.73,2.96,3.0,2.68
195601,2.49,2.04,2.24,2.32,1.96
195658,4.4,3.97,4.12,4.21,3.84
195683,4.21,3.75,3.97,4.01,3.69
195700,3.72,3.25,3.47,3.52,3.22
195738,3.24,2.77,2.97,3.04,2.72
195753,4.03,3.5,3.83,3.83,3.6
195764,1.47,1.02,1.25,1.29,0.98
195771,2.63,2.18,2.4,2.45,2.13
195774,5.19,4.71,4.99,5.03,4.72
195840,3.53,3.06,3.28,3.34,3.05
195854,3.2,2.7,2.98,3.01,2.73
195861,3.96,3.46,3.73,3.73,3.49
195874,3.67,3.22,3.47,3.48,3.19
195949,4.55,4.07,4.24,4.32,4.04
195955,3.92,3.42,3.75,3.75,3.46
195969,3.14,2.64,2.91,2.94,2.67
195972,3.91,3.45,3.66,3.73,3.4
196030,2.92,2.41,2.72,2.72,2.48
196047,3.57,3.05,3.26,3.34,3.08
196106,4.55,4.13,4.32,4.39,4.01
196120,2.95,2.49,2.77,2.79,2.45
196121,4.76,4.33,4.58,4.62,4.25
196193,3.86,3.38,3.62,3.66,3.37
196233,2.66,2.19,2.46,2.47,2.18
196235,4.16,3.65,3.98,3.97,3.74
196244,2.43,1.93,2.2,2.23,1.99
196290,4.34,3.84,4.1,4.14,3.87
196292,3.71,3.23,3.52,3.53,3.24
196341,2.99,2.52,2.78,2.81,2.52
196389,3.62,3.17,3.44,3.44,3.16
196406,3.8,3.37,3.58,3.63,3.29
196415,4.33,3.79,4.0,4.04,3.96
196431,3.63,3.17,3.42,3.45,3.14
196437,3.89,3.41,3.73,3.73,3.44
196497,3.0,2.53,2.75,2.8,2.52
196511,3.52,3.05,3.31,3.35,3.02
196582,4.0,3.53,3.71,3.79,3.49
196653,3.25,2.76,3.05,3.07,2.78
196704,3.7,3.28,3.48,3.55,3.16
196732,4.11,3.65,3.88,3.93,3.61
196734,3.69,3.27,3.46,3.54,3.13
196777,2.48,2.01,2.26,2.29,2.0
196789,3.6,3.12,3.31,3.37,3.1
196796,2.94,2.49,2.69,2.74,2.44
196804,3.78,3.36,3.55,3.62,3.25
196935,3.66,3.21,3.45,3.49,3.16
196954,3.52,3.04,3.33,3.33,3.05
196958,3.22,2.73,3.03,3.06,2.76
196969,3.32,2.87,3.08,3.14,2.83
197004,3.93,3.51,3.73,3.77,3.4
197037,3.02,2.56,2.8,2.83,2.54
197080,3.42,2.92,3.24,3.23,2.98
197082,3.39,2.97,3.15,3.22,2.84
197114,3.71,3.2,3.48,3.51,3.26
197128,3.55,3.06,3.29,3.34,3.07
197151,3.94,3.42,3.74,3.74,3.5
197170,3.75,3.22,3.51,3.51,3.31
197174,3.77,3.24,3.56,3.56,3.35
197179,4.12,3.58,3.81,3.87,3.69
197217,3.07,2.62,2.85,2.89,2.57
197243,2.27,1.78,2.01,2.05,1.8
197248,2.96,2.49,2.75,2.79,2.47
197269,2.51,2.07,2.31,2.36,2.0
197288,4.26,3.83,4.05,4.1,3.72
197297,4.49,4.01,4.27,4.32,3.99
197336,1.99,1.52,1.8,1.81,1.52
197355,2.93,2.45,2.74,2.76,2.47
197414,4.74,4.26,4.55,4.54,4.27
197449,3.05,2.55,2.87,2.87,2.61
197489,3.76,3.26,3.59,3.59,3.32
197494,3.45,2.9,3.19,3.2,3.06
197504,3.35,2.87,3.1,3.16,2.86
197505,1.66,1.24,1.48,1.51,1.13
197508,2.3,1.85,2.15,2.15,1.82
197525,3.18,2.68,3.03,3.04,2.71
197563,3.05,2.59,2.78,2.85,2.52
197570,2.75,2.28,2.54,2.56,2.27
197645,3.32,2.86,3.12,3.14,2.83
197649,3.11,2.65,2.92,2.94,2.63
197676,4.51,4.04,4.32,4.34,4.03
197678,3.18,2.71,2.93,2.96,2.73
197686,3.64,3.15,3.38,3.41,3.16
197731,2.91,2.47,2.72,2.76,2.41
197765,2.91,2.42,2.69,2.71,2.45
197769,3.84,3.37,3.63,3.64,3.36
197814,2.41,1.96,2.22,2.25,1.91
197829,4.26,3.83,4.08,4.11,3.74
197860,4.61,4.13,4.42,4.43,4.16
197890,2.89,2.44,2.64,2.68,2.41
197908,2.68,2.25,2.47,2.52,2.16
197947,2.55,2.09,2.3,2.36,2.05
198042,2.8,2.31,2.59,2.62,2.33
198090,3.65,3.2,3.5,3.5,3.17
198159,4.62,4.11,4.4,4.41,4.15
198160,3.82,3.34,3.63,3.65,3.33
198165,3.36,2.91,3.09,3.18,2.84
198206,3.65,3.29,3.45,3.52,3.05
198231,2.48,1.98,2.27,2.29,2.01
198236,3.53,3.05,3.33,3.34,3.07
198305,3.27,2.77,3.05,3.08,2.8
198322,2.9,2.43,2.71,2.73,2.42
198337,3.69,3.26,3.47,3.52,3.17
198352,4.04,3.54,3.84,3.85,3.59
198361,3.78,3.3,3.51,3.59,3.27
198379,4.12,3.67,3.88,3.95,3.6
198386,4.58,4.09,4.37,4.37,4.11
198400,4.49,4.01,4.36,4.35,4.04
198413,3.98,3.49,3.74,3.78,3.48
198443,3.61,3.12,3.39,3.41,3.16
198448,2.78,2.29,2.56,2.58,2.29
198456,2.89,2.41,2.68,2.7,2.42
198461,3.11,2.6,2.8,2.88,2.65
198565,3.31,2.85,3.09,3.14,2.82
198628,2.62,2.14,2.39,2.42,2.13
198639,3.58,3.08,3.29,3.35,3.11
198645,3.64,3.14,3.34,3.42,3.15
198659,4.06,3.59,3.93,3.89,3.6
198667,3.41,2.94,3.22,3.24,2.93
198762,3.82,3.29,3.64,3.62,3.4
198806,3.13,2.66,2.87,2.93,2.63
198830,3.12,2.62,2.97,2.94,2.68
198834,1.61,1.16,1.42,1.44,1.12
198869,3.88,3.4,3.73,3.72,3.41
198877,4.2,3.76,4.01,4.05,3.71
198880,3.43,2.97,3.16,3.21,2.93
198895,3.68,3.2,3.44,3.49,3.18
198921,2.95,2.5,2.7,2.77,2.42
198981,3.57,3.08,3.35,3.36,3.14
199027,3.82,3.36,3.62,3.64,3.33
199042,3.49,2.99,3.28,3.3,3.02
199052,3.53,3.04,3.29,3.34,3.06
199062,4.08,3.6,3.86,3.88,3.62
199087,3.55,3.12,3.32,3.4,2.99
199089,4.01,3.49,3.76,3.77,3.57
199107,2.85,2.4,2.64,2.67,2.37
199124,3.77,3.34,3.55,3.61,3.24
199128,2.94,2.42,2.71,2.72,2.5
199131,3.44,3.0,3.15,3.25,2.89
199148,3.48,3.03,3.23,3.29,2.97
199179,3.65,3.17,3.42,3.45,3.16
199182,4.54,4.14,4.3,4.39,3.95
199237,3.85,3.36,3.64,3.67,3.38
199265,3.85,3.29,3.5,3.58,3.42
199314,3.35,2.9,3.11,3.15,2.84
199326,2.23,1.76,1.99,2.04,1.74
199340,3.67,3.18,3.4,3.47,3.17
199349,4.81,4.36,4.55,4.63,4.29
199352,3.06,2.6,2.87,2.9,2.57
199393,3.63,3.15,3.46,3.46,3.17
199414,4.24,3.73,3.92,4.0,3.76
199441,3.9,3.45,3.72,3.73,3.42
199454,3.95,3.46,3.73,3.75,3.49
199488,4.19,3.7,4.02,4.01,3.74
199498,3.21,2.74,2.98,3.04,2.71
199518,3.32,2.84,3.11,3.14,2.85
199537,4.25,3.79,4.07,4.07,3.76
199539,3.4,2.92,3.06,3.17,2.88
199553,3.44,3.0,3.23,3.26,2.93
199558,2.64,2.15,2.39,2.43,2.15
199616,4.6,4.13,4.32,4.41,4.07
199673,3.72,3.21,3.4,3.49,3.23
199686,3.46,2.99,3.26,3.29,2.98
199689,4.6,4.18,4.38,4.44,4.06
199697,3.62,3.14,3.42,3.45,3.13
199742,2.0,1.52,1.79,1.81,1.52
199787,2.9,2.43,2.7,2.72,2.41
199818,2.02,1.53,1.75,1.82,1.53
199836,4.73,4.23,4.51,4.54,4.26
199858,4.29,3.83,4.09,4.12,3.78
199859,3.76,3.26,3.56,3.57,3.32
199871,4.2,3.76,3.98,4.04,3.67
199910,3.79,3.3,3.56,3.58,3.33
199953,4.03,3.56,3.8,3.85,3.53
199976,3.6,3.09,3.31,3.38,3.12
200022,4.39,3.89,4.21,4.22,3.94
200043,3.07,2.52,2.86,2.85,2.66
200050,4.29,3.77,3.97,4.05,3.8
200094,3.06,2.59,2.84,2.87,2.58
200104,3.94,3.48,3.71,3.75,3.45
200106,2.99,2.53,2.8,2.8,2.51
200111,3.43,2.97,3.23,3.26,2.95
200112,3.44,2.95,3.23,3.25,3.0
200127,4.39,3.89,4.22,4.23,3.92
200147,4.2,3.8,3.94,4.02,3.61
200193,4.08,3.64,3.87,3.91,3.57
200218,4.19,3.71,3.87,3.97,3.69
200227,2.53,2.07,2.33,2.36,2.05
200229,4.29,3.81,4.12,4.12,3.82
200234,2.08,1.63,1.86,1.91,1.57
200235,4.2,3.7,4.01,4.01,3.75
200245,2.82,2.34,2.58,2.62,2.33
200274,2.06,1.57,1.76,1.83,1.55
200278,3.42,2.84,3.18,3.19,3.02
200294,3.37,2.89,3.21,3.2,2.91
200310,4.31,3.9,4.16,4.17,3.82
200319,2.85,2.39,2.59,2.66,2.32
200348,3.63,3.12,3.43,3.43,3.19
200350,3.8,3.31,3.64,3.62,3.37
200368,3.65,3.21,3.45,3.47,3.12
200402,3.06,2.6,2.88,2.9,2.56
200409,1.46,1.02,1.2,1.29,0.91
200425,4.06,3.62,3.82,3.88,3.51
200448,3.9,3.47,3.65,3.74,3.33
200460,4.23,3.75,4.08,4.07,3.77
200490,2.5,2.03,2.33,2.33,2.04
200495,3.76,3.34,3.58,3.62,3.24
200552,3.87,3.45,3.67,3.71,3.35
200576,4.58,4.1,4.39,4.39,4.13
200590,3.17,2.69,2.95,2.99,2.69
200595,3.86,3.41,3.7,3.7,3.37
200613,3.47,2.98,3.14,3.23,2.96
200635,3.39,2.89,3.16,3.19,2.93
200653,4.08,3.62,3.8,3.89,3.57
200688,3.6,3.11,3.42,3.42,3.15
200702,3.79,3.37,3.56,3.63,3.25
200723,4.26,3.81,4.1,4.12,3.78
200736,3.65,3.15,3.47,3.45,3.21
200789,4.66,4.22,4.43,4.49,4.14
200799,3.07,2.58,2.86,2.88,2.61
200803,3.88,3.37,3.66,3.66,3.43
200862,3.13,2.68,2.89,2.95,2.61
200878,2.12,1.63,1.95,1.94,1.66
200895,4.12,3.64,3.89,3.92,3.63
200930,2.92,2.44,2.69,2.71,2.45
